"","SEASON","PLAYER_ID","PLAYER_NAME","POS","AGE","TEAM_NAME","PO_ROUND","OPPONENT","SERIES","GP","MIN","POSS","PTS","USG_PCT","FGA","FTA","TS_PCT","TS_PCT_RS","OPP_DEF_RATING_RS","OPP_DEF_RATING_ROUND","POST_PTS_75","POST_TS_PCT","LA_DEF_RATING"
"1","2025-26","1630639","A.J. Lawson","SG",25,"Toronto Raptors",1,"Cleveland Cavaliers","Cleveland Cavaliers vs Toronto Raptors","7","7.2","103","12","0.157","16","2","0.355","0.588","114.1","111.9",8.775,"0.355",112.4625
"2","2025-26","203932","Aaron Gordon","PF",30,"Denver Nuggets",1,"Minnesota Timberwolves","Minnesota Timberwolves vs Denver Nuggets","3","29.8","190","34","0.175","30","10","0.494","0.62","112.5","108.2",13.425,"0.494",112.4625
"3","2025-26","1628988","Aaron Holiday","PG",29,"Houston Rockets",1,"Los Angeles Lakers","Los Angeles Lakers vs Houston Rockets","6","11.1","131","16","0.155","22","0","0.364","0.578","115.5","105.2",9.15,"0.364",112.4625
"4","2025-26","1630598","Aaron Wiggins","SG",27,"Oklahoma City Thunder",1,"Phoenix Suns","Oklahoma City Thunder vs Phoenix Suns","3","9.9","60","6","0.075","4","0","0.75","0.538","112.9","127.2",6.525,"0.5",112.4625
"5","2025-26","1641737","Adem Bona","C",22,"Philadelphia 76ers",1,"Boston Celtics","Philadelphia 76ers vs Boston Celtics","6","10.6","122","17","0.168","14","8","0.485","0.638","111.7","110.8",9.75,"0.485",112.4625
"6","2025-26","1642876","Adou Thiero","SF",21,"Los Angeles Lakers",1,"Houston Rockets","Los Angeles Lakers vs Houston Rockets","2","4.8","20","5","0.154","2","3","0.753","0.578","112.1","107.4",16.275,"0.753",112.4625
"7","2025-26","1642349","Ajay Mitchell","SG",23,"Oklahoma City Thunder",1,"Phoenix Suns","Oklahoma City Thunder vs Phoenix Suns","4","29.3","239","60","0.232","55","12","0.498","0.585","112.9","127.2",20.025,"0.503",112.4625
"8","2025-26","1627936","Alex Caruso","SG",31,"Oklahoma City Thunder",1,"Phoenix Suns","Oklahoma City Thunder vs Phoenix Suns","4","21.1","172","36","0.149","26","0","0.692","0.54","112.9","127.2",14.55,"0.661",112.4625
"9","2025-26","1630578","Alperen Sengun","C",23,"Houston Rockets",1,"Los Angeles Lakers","Los Angeles Lakers vs Houston Rockets","6","38.7","455","122","0.247","99","42","0.519","0.569","115.5","105.2",20.1,"0.519",112.4625
"10","2025-26","1642873","Amari Williams","PF",24,"Boston Celtics",1,"Philadelphia 76ers","Philadelphia 76ers vs Boston Celtics","1","1.6","3","1","0.5","1","2","0.266","0.573","114.4","113.5",24.975,"0.266",112.4625
"11","2025-26","1641708","Amen Thompson","PG",23,"Houston Rockets",1,"Los Angeles Lakers","Los Angeles Lakers vs Houston Rockets","6","44.1","510","115","0.197","86","41","0.553","0.594","115.5","105.2",16.875,"0.553",112.4625
"12","2025-26","1629599","Amir Coffey","SG",28,"Phoenix Suns",1,"Oklahoma City Thunder","Oklahoma City Thunder vs Phoenix Suns","4","1.6","13","0","0.154","0","0","0","0.594","106.5","109.3",0,"0",112.4625
"13","2025-26","203083","Andre Drummond","C",32,"Philadelphia 76ers",1,"Boston Celtics","Philadelphia 76ers vs Boston Celtics","7","15.3","211","33","0.102","15","8","0.891","0.539","111.7","110.8",10.725,"0.845",112.4625
"14","2025-26","1641710","Anthony Black","PG",22,"Orlando Magic",1,"Detroit Pistons","Detroit Pistons vs Orlando Magic","7","27.9","392","60","0.144","54","21","0.474","0.549","108.9","101.9",11.475,"0.474",112.4625
"15","2025-26","1630162","Anthony Edwards","SG",24,"Minnesota Timberwolves",1,"Denver Nuggets","Minnesota Timberwolves vs Denver Nuggets","4","29.8","250","74","0.297","67","21","0.485","0.617","116","112.8",23.025,"0.515",112.4625
"16","2025-26","1630574","Ariel Hukporti","C",23,"New York Knicks",1,"Atlanta Hawks","New York Knicks vs Atlanta Hawks","3","6.4","40","3","0.17","1","8","0.332","0.619","112.9","121.9",7.725,"0.575",112.4625
"17","2025-26","1642854","Asa Newell","PF",20,"Atlanta Hawks",1,"New York Knicks","New York Knicks vs Atlanta Hawks","2","5.4","20","2","0.069","2","0","0.5","0.624","112.3","103.8",7.5,"0.5",112.4625
"18","2025-26","1641709","Ausar Thompson","SF",23,"Detroit Pistons",1,"Orlando Magic","Detroit Pistons vs Orlando Magic","7","32.8","461","60","0.132","51","16","0.517","0.545","113.6","107.5",10.125,"0.54",112.4625
"19","2025-26","1630559","Austin Reaves","SG",27,"Los Angeles Lakers",1,"Houston Rockets","Los Angeles Lakers vs Houston Rockets","2","32.2","125","37","0.274","30","14","0.512","0.641","112.1","107.4",17.25,"0.424",112.4625
"20","2025-26","1630245","Ayo Dosunmu","SG",26,"Minnesota Timberwolves",1,"Denver Nuggets","Minnesota Timberwolves vs Denver Nuggets","5","32.5","342","109","0.201","64","20","0.749","0.63","116","112.8",23.925,"0.749",112.4625
"21","2025-26","1631248","Baylor Scheierman","SG",25,"Boston Celtics",1,"Philadelphia 76ers","Philadelphia 76ers vs Boston Celtics","7","14.2","199","30","0.119","26","0","0.577","0.616","114.4","113.5",11.325,"0.577",112.4625
"22","2025-26","202687","Bismack Biyombo","C",33,"San Antonio Spurs",1,"Portland Trail Blazers","San Antonio Spurs vs Portland Trail Blazers","3","1.2","8","0","0","0","0","0","0.636","113.5","116.6",0,"0",112.4625
"23","2025-26","1631104","Blake Wesley","SG",22,"Portland Trail Blazers",1,"San Antonio Spurs","San Antonio Spurs vs Portland Trail Blazers","4","1.1","11","1","0.182","0","2","0.568","0.511","110.4","102.2",6.825,"0.568",112.4625
"24","2025-26","1630538","Bones Hyland","PG",25,"Minnesota Timberwolves",1,"Denver Nuggets","Minnesota Timberwolves vs Denver Nuggets","6","13.7","173","43","0.21","34","8","0.573","0.599","116","112.8",16.2,"0.494",112.4625
"25","2025-26","1627742","Brandon Ingram","SF",28,"Toronto Raptors",1,"Cleveland Cavaliers","Cleveland Cavaliers vs Toronto Raptors","5","29.6","310","60","0.224","58","23","0.44","0.573","114.1","111.9",14.55,"0.44",112.4625
"26","2025-26","1642355","Bronny James","SG",21,"Los Angeles Lakers",1,"Houston Rockets","Los Angeles Lakers vs Houston Rockets","5","7","63","10","0.154","9","0","0.556","0.517","112.1","107.4",11.4,"0.556",112.4625
"27","2025-26","1628971","Bruce Brown","SG",29,"Denver Nuggets",1,"Minnesota Timberwolves","Minnesota Timberwolves vs Denver Nuggets","6","19.4","240","38","0.169","34","9","0.501","0.562","112.5","108.2",11.85,"0.501",112.4625
"28","2025-26","1627741","Buddy Hield","SG",33,"Atlanta Hawks",1,"New York Knicks","New York Knicks vs Atlanta Hawks","2","6.5","28","10","0.233","5","0","1","0.568","112.3","103.8",26.775,"1",112.4625
"29","2025-26","203468","CJ McCollum","PG",34,"Atlanta Hawks",1,"New York Knicks","New York Knicks vs Atlanta Hawks","6","32.1","394","115","0.289","99","24","0.525","0.566","112.3","103.8",21.9,"0.525",112.4625
"30","2025-26","1630595","Cade Cunningham","PG",24,"Detroit Pistons",1,"Orlando Magic","Detroit Pistons vs Orlando Magic","7","40.4","567","227","0.346","156","74","0.602","0.564","113.6","107.5",28.8,"0.589",112.4625
"31","2025-26","1629661","Cameron Johnson","SF",29,"Denver Nuggets",1,"Minnesota Timberwolves","Minnesota Timberwolves vs Denver Nuggets","6","31.1","396","85","0.175","62","17","0.612","0.629","112.5","108.2",16.125,"0.612",112.4625
"32","2025-26","1627747","Caris LeVert","SG",31,"Detroit Pistons",1,"Orlando Magic","Detroit Pistons vs Orlando Magic","6","12.7","154","13","0.122","18","0","0.361","0.518","113.6","107.5",5.625,"0.342",112.4625
"33","2025-26","1642868","Carter Bryant","PF",20,"San Antonio Spurs",1,"Portland Trail Blazers","San Antonio Spurs vs Portland Trail Blazers","5","9.3","88","16","0.149","13","0","0.615","0.526","113.5","116.6",13.65,"0.615",112.4625
"34","2025-26","1641717","Cason Wallace","SG",22,"Oklahoma City Thunder",1,"Phoenix Suns","Oklahoma City Thunder vs Phoenix Suns","4","22.6","187","22","0.109","22","0","0.5","0.538","112.9","127.2",8.85,"0.482",112.4625
"35","2025-26","1642404","Chaz Lanier","SG",24,"Detroit Pistons",1,"Orlando Magic","Detroit Pistons vs Orlando Magic","1","1.1","2","2","0.5","1","0","1","0.436","113.6","107.5",75,"1",112.4625
"36","2025-26","1631096","Chet Holmgren","PF",23,"Oklahoma City Thunder",1,"Phoenix Suns","Oklahoma City Thunder vs Phoenix Suns","4","30.2","244","69","0.186","44","11","0.706","0.653","112.9","127.2",22.95,"0.688",112.4625
"37","2025-26","1631128","Christian Braun","SG",24,"Denver Nuggets",1,"Minnesota Timberwolves","Minnesota Timberwolves vs Denver Nuggets","6","31.1","395","50","0.112","36","19","0.564","0.607","112.5","108.2",9.525,"0.564",112.4625
"38","2025-26","203991","Clint Capela","C",31,"Houston Rockets",1,"Los Angeles Lakers","Los Angeles Lakers vs Houston Rockets","4","5.4","43","6","0.161","8","0","0.375","0.54","115.5","105.2",10.5,"0.375",112.4625
"39","2025-26","1631221","Collin Gillespie","PG",26,"Phoenix Suns",1,"Oklahoma City Thunder","Oklahoma City Thunder vs Phoenix Suns","4","28.4","235","42","0.153","36","1","0.576","0.575","106.5","109.3",13.425,"0.576",112.4625
"40","2025-26","1642867","Collin Murray-Boyles","PF",20,"Toronto Raptors",1,"Cleveland Cavaliers","Cleveland Cavaliers vs Toronto Raptors","7","27.3","375","101","0.192","64","22","0.685","0.621","114.1","111.9",20.175,"0.685",112.4625
"41","2025-26","1630557","Corey Kispert","SF",26,"Atlanta Hawks",1,"New York Knicks","New York Knicks vs Atlanta Hawks","5","10.8","106","11","0.202","22","3","0.236","0.609","112.3","103.8",7.8,"0.236",112.4625
"42","2025-26","1641854","Craig Porter Jr.","PG",25,"Cleveland Cavaliers",1,"Toronto Raptors","Cleveland Cavaliers vs Toronto Raptors","2","2.3","10","0","0.091","1","0","0","0.524","112.1","113",0,"0",112.4625
"43","2025-26","1641747","DaRon Holmes II","PF",23,"Denver Nuggets",1,"Minnesota Timberwolves","Minnesota Timberwolves vs Denver Nuggets","2","2.1","10","0","0","0","0","0","0.692","112.5","108.2",0,"0",112.4625
"44","2025-26","1630625","Dalano Banton","PG",26,"Boston Celtics",1,"Philadelphia 76ers","Philadelphia 76ers vs Boston Celtics","2","2","8","2","0.125","1","0","1","0.436","114.4","113.5",18.75,"1",112.4625
"45","2025-26","1631207","Dalen Terry","SG",23,"Philadelphia 76ers",1,"Boston Celtics","Philadelphia 76ers vs Boston Celtics","4","3.4","28","1","0.161","3","2","0.129","0.523","111.7","110.8",5.55,"0.254",112.4625
"46","2025-26","1642261","Dalton Knecht","SF",24,"Los Angeles Lakers",1,"Houston Rockets","Los Angeles Lakers vs Houston Rockets","2","5.3","22","8","0.172","4","2","0.82","0.568","112.1","107.4",24,"0.68",112.4625
"47","2025-26","1642450","Daniss Jenkins","PG",24,"Detroit Pistons",1,"Orlando Magic","Detroit Pistons vs Orlando Magic","7","16.8","232","47","0.223","46","16","0.443","0.525","113.6","107.5",15.225,"0.441",112.4625
"48","2025-26","1628368","De'Aaron Fox","PG",28,"San Antonio Spurs",1,"Portland Trail Blazers","San Antonio Spurs vs Portland Trail Blazers","5","35.4","361","101","0.237","78","20","0.582","0.578","113.5","116.6",19.35,"0.551",112.4625
"49","2025-26","1629731","Dean Wade","PF",29,"Cleveland Cavaliers",1,"Toronto Raptors","Cleveland Cavaliers vs Toronto Raptors","7","24.5","344","42","0.11","39","2","0.527","0.58","112.1","113",8.85,"0.548",112.4625
"50","2025-26","1629028","Deandre Ayton","C",27,"Los Angeles Lakers",1,"Houston Rockets","Los Angeles Lakers vs Houston Rockets","6","31","356","71","0.165","53","11","0.614","0.676","112.1","107.4",14.85,"0.58",112.4625
"51","2025-26","1630166","Deni Avdija","SF",25,"Portland Trail Blazers",1,"San Antonio Spurs","San Antonio Spurs vs Portland Trail Blazers","5","34.9","359","111","0.274","78","47","0.562","0.6","110.4","102.2",23.175,"0.562",112.4625
"52","2025-26","203471","Dennis Schröder","PG",32,"Cleveland Cavaliers",1,"Toronto Raptors","Cleveland Cavaliers vs Toronto Raptors","7","13.7","196","46","0.24","40","13","0.503","0.526","112.1","113",17.775,"0.523",112.4625
"53","2025-26","1628401","Derrick White","SG",31,"Boston Celtics",1,"Philadelphia 76ers","Philadelphia 76ers vs Boston Celtics","7","35.8","495","78","0.171","81","13","0.45","0.529","114.4","113.5",11.85,"0.45",112.4625
"54","2025-26","1630217","Desmond Bane","SG",27,"Orlando Magic",1,"Detroit Pistons","Detroit Pistons vs Orlando Magic","7","36.2","515","127","0.215","110","20","0.535","0.607","108.9","101.9",18.525,"0.535",112.4625
"55","2025-26","1626164","Devin Booker","SG",29,"Phoenix Suns",1,"Oklahoma City Thunder","Oklahoma City Thunder vs Phoenix Suns","4","38.3","310","85","0.251","63","28","0.564","0.585","106.5","109.3",20.55,"0.564",112.4625
"56","2025-26","1630170","Devin Vassell","SG",25,"San Antonio Spurs",1,"Portland Trail Blazers","San Antonio Spurs vs Portland Trail Blazers","5","33.9","349","63","0.18","61","10","0.482","0.574","113.5","116.6",13.65,"0.501",112.4625
"57","2025-26","1628415","Dillon Brooks","SF",30,"Phoenix Suns",1,"Oklahoma City Thunder","Oklahoma City Thunder vs Phoenix Suns","4","37.3","300","104","0.268","85","12","0.576","0.54","106.5","109.3",26.025,"0.576",112.4625
"58","2025-26","1631230","Dominick Barlow","PF",22,"Philadelphia 76ers",1,"Boston Celtics","Philadelphia 76ers vs Boston Celtics","5","8.1","83","6","0.1","7","4","0.342","0.597","111.7","110.8",8.775,"0.514",112.4625
"59","2025-26","1642270","Donovan Clingan","C",21,"Portland Trail Blazers",1,"San Antonio Spurs","San Antonio Spurs vs Portland Trail Blazers","5","21.4","220","35","0.196","46","4","0.366","0.604","110.4","102.2",11.925,"0.366",112.4625
"60","2025-26","1628378","Donovan Mitchell","SG",29,"Cleveland Cavaliers",1,"Toronto Raptors","Cleveland Cavaliers vs Toronto Raptors","7","35.1","503","162","0.291","146","16","0.529","0.613","112.1","113",24,"0.535",112.4625
"61","2025-26","1628978","Donte DiVincenzo","SG",29,"Minnesota Timberwolves",1,"Denver Nuggets","Minnesota Timberwolves vs Denver Nuggets","4","24","210","43","0.16","32","2","0.654","0.567","116","112.8",15.375,"0.654",112.4625
"62","2025-26","1627827","Dorian Finney-Smith","PF",32,"Houston Rockets",1,"Los Angeles Lakers","Los Angeles Lakers vs Houston Rockets","4","12.3","97","8","0.15","14","2","0.269","0.452","115.5","105.2",6.15,"0.269",112.4625
"63","2025-26","1629130","Duncan Robinson","SG",31,"Detroit Pistons",1,"Orlando Magic","Detroit Pistons vs Orlando Magic","7","30.3","431","72","0.154","65","7","0.529","0.629","113.6","107.5",14.175,"0.565",112.4625
"64","2025-26","1642844","Dylan Harper","SG",19,"San Antonio Spurs",1,"Portland Trail Blazers","San Antonio Spurs vs Portland Trail Blazers","5","25.4","257","63","0.186","41","15","0.662","0.574","113.5","116.6",19.2,"0.654",112.4625
"65","2025-26","1630700","Dyson Daniels","SG",22,"Atlanta Hawks",1,"New York Knicks","New York Knicks vs Atlanta Hawks","6","27.6","337","44","0.144","41","6","0.504","0.542","112.3","103.8",9.825,"0.504",112.4625
"66","2025-26","1630596","Evan Mobley","PF",24,"Cleveland Cavaliers",1,"Toronto Raptors","Cleveland Cavaliers vs Toronto Raptors","7","33.4","489","127","0.197","81","37","0.653","0.596","112.1","113",18.825,"0.651",112.4625
"67","2025-26","1630532","Franz Wagner","SF",24,"Orlando Magic",1,"Detroit Pistons","Detroit Pistons vs Orlando Magic","4","30.4","252","67","0.233","57","15","0.527","0.588","108.9","101.9",19.95,"0.527",112.4625
"68","2025-26","1629216","Gabe Vincent","PG",29,"Atlanta Hawks",1,"New York Knicks","New York Knicks vs Atlanta Hawks","6","15.5","190","26","0.123","22","5","0.537","0.511","112.3","103.8",10.275,"0.537",112.4625
"69","2025-26","202066","Garrett Temple","SG",39,"Toronto Raptors",1,"Cleveland Cavaliers","Cleveland Cavaliers vs Toronto Raptors","2","1","4","0","0.167","1","0","0","0.448","114.1","111.9",0,"0",112.4625
"70","2025-26","1629048","Goga Bitadze","C",26,"Orlando Magic",1,"Detroit Pistons","Detroit Pistons vs Orlando Magic","6","13.9","171","17","0.106","15","7","0.47","0.7","108.9","101.9",7.425,"0.47",112.4625
"71","2025-26","1641711","Gradey Dick","SG",22,"Toronto Raptors",1,"Cleveland Cavaliers","Cleveland Cavaliers vs Toronto Raptors","3","1.3","8","0","0","0","0","0","0.538","114.1","111.9",0,"0",112.4625
"72","2025-26","1628960","Grayson Allen","SG",30,"Phoenix Suns",1,"Oklahoma City Thunder","Oklahoma City Thunder vs Phoenix Suns","2","18.9","75","19","0.172","13","4","0.644","0.568","106.5","109.3",18.975,"0.644",112.4625
"73","2025-26","203084","Harrison Barnes","PF",33,"San Antonio Spurs",1,"Portland Trail Blazers","San Antonio Spurs vs Portland Trail Blazers","5","11.3","111","11","0.105","11","6","0.403","0.608","113.5","116.6",7.575,"0.444",112.4625
"74","2025-26","1629312","Haywood Highsmith","SF",29,"Phoenix Suns",1,"Oklahoma City Thunder","Oklahoma City Thunder vs Phoenix Suns","2","5.6","23","0","0.154","2","0","0","0.729","106.5","109.3",0,"0",112.4625
"75","2025-26","1642864","Hugo González","SF",19,"Boston Celtics",1,"Philadelphia 76ers","Philadelphia 76ers vs Boston Celtics","4","4.7","34","0","0.125","3","2","0","0.561","114.4","113.5",0,"0",112.4625
"76","2025-26","1628392","Isaiah Hartenstein","C",27,"Oklahoma City Thunder",1,"Phoenix Suns","Oklahoma City Thunder vs Phoenix Suns","4","23.5","190","44","0.156","21","17","0.772","0.631","112.9","127.2",16.35,"0.803",112.4625
"77","2025-26","1630198","Isaiah Joe","SG",26,"Oklahoma City Thunder",1,"Phoenix Suns","Oklahoma City Thunder vs Phoenix Suns","3","14.1","86","21","0.224","20","0","0.525","0.657","112.9","127.2",20.625,"0.577",112.4625
"78","2025-26","1630191","Isaiah Stewart","C",24,"Detroit Pistons",1,"Orlando Magic","Detroit Pistons vs Orlando Magic","7","14.3","214","29","0.124","18","14","0.6","0.632","113.6","107.5",11.025,"0.647",112.4625
"79","2025-26","1631120","JD Davison","PG",23,"Houston Rockets",1,"Los Angeles Lakers","Los Angeles Lakers vs Houston Rockets","2","2.6","11","2","0.231","0","2","1.136","0.477","115.5","105.2",13.65,"1.136",112.4625
"80","2025-26","1642266","Ja'Kobe Walter","SG",21,"Toronto Raptors",1,"Cleveland Cavaliers","Cleveland Cavaliers vs Toronto Raptors","7","32.1","462","78","0.14","67","12","0.54","0.61","114.1","111.9",12.675,"0.54",112.4625
"81","2025-26","1631095","Jabari Smith Jr.","PF",22,"Houston Rockets",1,"Los Angeles Lakers","Los Angeles Lakers vs Houston Rockets","6","41.9","482","105","0.18","85","26","0.544","0.569","115.5","105.2",16.35,"0.544",112.4625
"82","2025-26","1631133","Jabari Walker","PF",23,"Philadelphia 76ers",1,"Boston Celtics","Philadelphia 76ers vs Boston Celtics","3","3.4","21","2","0.261","6","0","0.167","0.568","111.7","110.8",6.825,"0.225",112.4625
"83","2025-26","1630183","Jaden McDaniels","PF",25,"Minnesota Timberwolves",1,"Denver Nuggets","Minnesota Timberwolves vs Denver Nuggets","6","36.1","447","107","0.205","89","21","0.545","0.611","116","112.8",17.85,"0.544",112.4625
"84","2025-26","1630256","Jae'Sean Tate","SF",30,"Houston Rockets",1,"Los Angeles Lakers","Los Angeles Lakers vs Houston Rockets","5","6.1","64","10","0.163","10","6","0.396","0.567","115.5","105.2",11.7,"0.396",112.4625
"85","2025-26","1631222","Jake LaRavia","PF",24,"Los Angeles Lakers",1,"Houston Rockets","Los Angeles Lakers vs Houston Rockets","6","15","183","23","0.163","23","6","0.449","0.571","112.1","107.4",9.3,"0.47",112.4625
"86","2025-26","1627751","Jakob Poeltl","C",30,"Toronto Raptors",1,"Cleveland Cavaliers","Cleveland Cavaliers vs Toronto Raptors","7","19.2","287","49","0.132","31","14","0.659","0.698","114.1","111.9",12.825,"0.659",112.4625
"87","2025-26","1628973","Jalen Brunson","PG",29,"New York Knicks",1,"Atlanta Hawks","New York Knicks vs Atlanta Hawks","6","34.9","427","158","0.313","124","34","0.569","0.58","112.9","121.9",29.625,"0.601",112.4625
"88","2025-26","1631105","Jalen Duren","C",22,"Detroit Pistons",1,"Orlando Magic","Detroit Pistons vs Orlando Magic","7","31.4","434","74","0.159","53","24","0.582","0.688","113.6","107.5",12.6,"0.557",112.4625
"89","2025-26","1630224","Jalen Green","SG",23,"Phoenix Suns",1,"Oklahoma City Thunder","Oklahoma City Thunder vs Phoenix Suns","4","37.7","303","87","0.291","83","20","0.474","0.516","106.5","109.3",21.525,"0.474",112.4625
"90","2025-26","1630552","Jalen Johnson","SF",24,"Atlanta Hawks",1,"New York Knicks","New York Knicks vs Atlanta Hawks","6","35.7","437","117","0.247","92","32","0.551","0.581","112.3","103.8",20.1,"0.551",112.4625
"91","2025-26","1629618","Jalen Pickett","SG",26,"Denver Nuggets",1,"Minnesota Timberwolves","Minnesota Timberwolves vs Denver Nuggets","2","2.1","10","1","0.083","0","2","0.568","0.541","112.5","108.2",7.5,"0.568",112.4625
"92","2025-26","1630591","Jalen Suggs","PG",24,"Orlando Magic",1,"Detroit Pistons","Detroit Pistons vs Orlando Magic","7","35.4","506","78","0.194","87","14","0.419","0.561","108.9","101.9",11.55,"0.419",112.4625
"93","2025-26","1631114","Jalen Williams","SG",24,"Oklahoma City Thunder",1,"Phoenix Suns","Oklahoma City Thunder vs Phoenix Suns","2","26.2","111","41","0.244","26","7","0.705","0.56","112.9","127.2",27.675,"0.705",112.4625
"94","2025-26","1631288","Jamal Cain","SF",26,"Orlando Magic",1,"Detroit Pistons","Detroit Pistons vs Orlando Magic","7","17.6","245","32","0.128","29","11","0.473","0.624","108.9","101.9",9.825,"0.473",112.4625
"95","2025-26","1627750","Jamal Murray","PG",28,"Denver Nuggets",1,"Minnesota Timberwolves","Minnesota Timberwolves vs Denver Nuggets","6","39.7","498","142","0.285","129","40","0.484","0.622","112.5","108.2",21.375,"0.484",112.4625
"96","2025-26","1642347","Jamal Shead","PG",23,"Toronto Raptors",1,"Cleveland Cavaliers","Cleveland Cavaliers vs Toronto Raptors","7","32","453","63","0.153","65","6","0.466","0.491","114.1","111.9",10.425,"0.466",112.4625
"97","2025-26","1631123","Jamaree Bouyea","PG",26,"Phoenix Suns",1,"Oklahoma City Thunder","Oklahoma City Thunder vs Phoenix Suns","4","2.4","18","5","0.25","4","2","0.512","0.523","106.5","109.3",20.85,"0.512",112.4625
"98","2025-26","201935","James Harden","PG",36,"Cleveland Cavaliers",1,"Toronto Raptors","Cleveland Cavaliers vs Toronto Raptors","7","37","533","144","0.24","95","48","0.62","0.61","112.1","113",20.775,"0.614",112.4625
"99","2025-26","1642419","Jamison Battle","SF",24,"Toronto Raptors",1,"Cleveland Cavaliers","Cleveland Cavaliers vs Toronto Raptors","6","11.9","148","29","0.119","19","0","0.763","0.635","114.1","111.9",14.7,"0.763",112.4625
"100","2025-26","1642272","Jared McCain","SG",21,"Oklahoma City Thunder",1,"Phoenix Suns","Oklahoma City Thunder vs Phoenix Suns","4","5.5","42","12","0.28","14","1","0.416","0.551","112.9","127.2",25.725,"0.56",112.4625
"101","2025-26","1629020","Jarred Vanderbilt","PF",26,"Los Angeles Lakers",1,"Houston Rockets","Los Angeles Lakers vs Houston Rockets","5","13.3","124","18","0.147","19","3","0.443","0.544","112.1","107.4",11.025,"0.448",112.4625
"102","2025-26","1628386","Jarrett Allen","C",27,"Cleveland Cavaliers",1,"Toronto Raptors","Cleveland Cavaliers vs Toronto Raptors","7","28.5","401","80","0.153","49","34","0.625","0.669","112.1","113",14.175,"0.603",112.4625
"103","2025-26","1642859","Jase Richardson","SG",20,"Orlando Magic",1,"Detroit Pistons","Detroit Pistons vs Orlando Magic","1","3","6","6","0.333","2","0","1.5","0.574","108.9","101.9",75,"1.5",112.4625
"104","2025-26","1629750","Javonte Green","SG",32,"Detroit Pistons",1,"Orlando Magic","Detroit Pistons vs Orlando Magic","7","15.3","215","24","0.114","22","6","0.487","0.607","113.6","107.5",9.075,"0.488",112.4625
"105","2025-26","1629637","Jaxson Hayes","C",25,"Los Angeles Lakers",1,"Houston Rockets","Los Angeles Lakers vs Houston Rockets","6","16","197","29","0.113","14","17","0.675","0.758","112.1","107.4",10.425,"0.631",112.4625
"106","2025-26","1627759","Jaylen Brown","SF",29,"Boston Celtics",1,"Philadelphia 76ers","Philadelphia 76ers vs Boston Celtics","7","35.6","491","180","0.325","143","46","0.551","0.573","114.4","113.5",27.525,"0.551",112.4625
"107","2025-26","1641740","Jaylen Clark","SG",24,"Minnesota Timberwolves",1,"Denver Nuggets","Minnesota Timberwolves vs Denver Nuggets","2","11.8","45","3","0.075","4","0","0.375","0.534","116","112.8",6.075,"0.5",112.4625
"108","2025-26","1631119","Jaylin Williams","PF",23,"Oklahoma City Thunder",1,"Phoenix Suns","Oklahoma City Thunder vs Phoenix Suns","4","12.8","112","16","0.156","18","0","0.444","0.597","112.9","127.2",9.225,"0.452",112.4625
"109","2025-26","1642281","Jaylon Tyson","SG",23,"Cleveland Cavaliers",1,"Toronto Raptors","Cleveland Cavaliers vs Toronto Raptors","7","15.7","225","47","0.195","42","8","0.516","0.608","112.1","113",13.8,"0.505",112.4625
"110","2025-26","1628369","Jayson Tatum","PF",27,"Boston Celtics",1,"Philadelphia 76ers","Philadelphia 76ers vs Boston Celtics","6","36.3","427","140","0.262","101","32","0.608","0.541","114.4","113.5",24.6,"0.608",112.4625
"111","2025-26","201145","Jeff Green","PF",39,"Houston Rockets",1,"Los Angeles Lakers","Los Angeles Lakers vs Houston Rockets","2","5.3","24","0","0.103","2","0","0","0.477","115.5","105.2",0,"0",112.4625
"112","2025-26","203924","Jerami Grant","PF",31,"Portland Trail Blazers",1,"San Antonio Spurs","San Antonio Spurs vs Portland Trail Blazers","5","22.3","236","52","0.196","43","18","0.511","0.608","110.4","102.2",16.5,"0.511",112.4625
"113","2025-26","1631110","Jeremy Sochan","PF",22,"New York Knicks",1,"Atlanta Hawks","New York Knicks vs Atlanta Hawks","2","5.2","21","14","0.348","7","2","0.888","0.563","112.9","121.9",50.025,"0.888",112.4625
"114","2025-26","1641724","Jett Howard","SF",22,"Orlando Magic",1,"Detroit Pistons","Detroit Pistons vs Orlando Magic","1","3","6","0","0.333","2","0","0","0.561","108.9","101.9",0,"0",112.4625
"115","2025-26","1628975","Jevon Carter","PG",30,"Orlando Magic",1,"Detroit Pistons","Detroit Pistons vs Orlando Magic","3","5.5","32","2","0.103","4","0","0.25","0.537","108.9","101.9",4.725,"0.25",112.4625
"116","2025-26","1642866","Joan Beringer","PF",19,"Minnesota Timberwolves",1,"Denver Nuggets","Minnesota Timberwolves vs Denver Nuggets","2","1.8","7","2","0.333","1","2","0.532","0.683","116","112.8",21.45,"0.532",112.4625
"117","2025-26","204060","Joe Ingles","SF",38,"Minnesota Timberwolves",1,"Denver Nuggets","Minnesota Timberwolves vs Denver Nuggets","2","1.8","7","0","0","0","0","0","0.735","116","112.8",0,"0",112.4625
"118","2025-26","203954","Joel Embiid","C",31,"Philadelphia 76ers",1,"Boston Celtics","Philadelphia 76ers vs Boston Celtics","4","36.6","293","112","0.353","88","37","0.537","0.605","111.7","110.8",27.525,"0.528",112.4625
"119","2025-26","202685","Jonas Valanciunas","C",33,"Denver Nuggets",1,"Minnesota Timberwolves","Minnesota Timberwolves vs Denver Nuggets","4","6.3","54","11","0.21","7","2","0.698","0.63","112.5","108.2",15.3,"0.698",112.4625
"120","2025-26","1630228","Jonathan Kuminga","PF",23,"Atlanta Hawks",1,"New York Knicks","New York Knicks vs Atlanta Hawks","6","26","323","82","0.211","60","26","0.574","0.557","112.3","103.8",19.05,"0.574",112.4625
"121","2025-26","1642367","Jonathan Mogbo","PF",24,"Toronto Raptors",1,"Cleveland Cavaliers","Cleveland Cavaliers vs Toronto Raptors","3","1.3","8","4","0.2","2","0","1","0.608","114.1","111.9",37.5,"1",112.4625
"122","2025-26","203903","Jordan Clarkson","SG",33,"New York Knicks",1,"Atlanta Hawks","New York Knicks vs Atlanta Hawks","6","14.6","176","46","0.208","38","13","0.526","0.548","112.9","121.9",17.475,"0.525",112.4625
"123","2025-26","1630692","Jordan Goodwin","PG",27,"Phoenix Suns",1,"Oklahoma City Thunder","Oklahoma City Thunder vs Phoenix Suns","1","5","11","2","0.333","4","0","0.25","0.525","106.5","109.3",13.65,"0.25",112.4625
"124","2025-26","1629162","Jordan McLaughlin","PG",29,"San Antonio Spurs",1,"Portland Trail Blazers","San Antonio Spurs vs Portland Trail Blazers","2","1.4","6","2","0.167","1","0","1","0.542","113.5","116.6",24.975,"1",112.4625
"125","2025-26","1641775","Jordan Walsh","PF",21,"Boston Celtics",1,"Philadelphia 76ers","Philadelphia 76ers vs Boston Celtics","7","12.7","179","12","0.101","19","6","0.277","0.623","114.4","113.5",5.025,"0.277",112.4625
"126","2025-26","1630631","Jose Alvarado","PG",27,"New York Knicks",1,"Atlanta Hawks","New York Knicks vs Atlanta Hawks","5","9.5","97","26","0.203","20","3","0.61","0.543","112.9","121.9",20.25,"0.612",112.4625
"127","2025-26","1628404","Josh Hart","SF",30,"New York Knicks",1,"Atlanta Hawks","New York Knicks vs Atlanta Hawks","6","33.5","414","61","0.153","56","15","0.487","0.612","112.9","121.9",11.1,"0.49",112.4625
"128","2025-26","1629006","Josh Okogie","SG",27,"Houston Rockets",1,"Los Angeles Lakers","Los Angeles Lakers vs Houston Rockets","6","17.4","203","29","0.118","25","2","0.56","0.544","115.5","105.2",10.725,"0.56",112.4625
"129","2025-26","201950","Jrue Holiday","PG",35,"Portland Trail Blazers",1,"San Antonio Spurs","San Antonio Spurs vs Portland Trail Blazers","5","38.3","393","82","0.209","77","9","0.506","0.573","110.4","102.2",15.675,"0.506",112.4625
"130","2025-26","1630577","Julian Champagnie","SF",24,"San Antonio Spurs",1,"Portland Trail Blazers","San Antonio Spurs vs Portland Trail Blazers","5","28.5","299","51","0.1","29","6","0.806","0.609","113.5","116.6",14.025,"0.779",112.4625
"131","2025-26","1641763","Julian Phillips","SF",22,"Minnesota Timberwolves",1,"Denver Nuggets","Minnesota Timberwolves vs Denver Nuggets","2","2.1","9","0","0","0","0","0","0.534","116","112.8",0,"0",112.4625
"132","2025-26","1631124","Julian Strawther","SG",23,"Denver Nuggets",1,"Minnesota Timberwolves","Minnesota Timberwolves vs Denver Nuggets","2","9.1","43","6","0.204","7","2","0.381","0.59","112.5","108.2",10.5,"0.381",112.4625
"133","2025-26","203944","Julius Randle","PF",31,"Minnesota Timberwolves",1,"Denver Nuggets","Minnesota Timberwolves vs Denver Nuggets","6","33.7","422","115","0.268","93","39","0.522","0.585","116","112.8",20.175,"0.512",112.4625
"134","2025-26","1642348","Justin Edwards","SF",22,"Philadelphia 76ers",1,"Boston Celtics","Philadelphia 76ers vs Boston Celtics","6","12.4","147","14","0.135","19","1","0.36","0.572","111.7","110.8",9,"0.437",112.4625
"135","2025-26","1626157","Karl-Anthony Towns","C",30,"New York Knicks",1,"Atlanta Hawks","New York Knicks vs Atlanta Hawks","6","31.9","392","112","0.211","58","41","0.736","0.619","112.9","121.9",22.35,"0.741",112.4625
"136","2025-26","1630811","Keaton Wallace","PG",26,"Atlanta Hawks",1,"New York Knicks","New York Knicks vs Atlanta Hawks","3","5.1","30","6","0.231","8","2","0.338","0.52","112.3","103.8",15,"0.338",112.4625
"137","2025-26","1629640","Keldon Johnson","SF",26,"San Antonio Spurs",1,"Portland Trail Blazers","San Antonio Spurs vs Portland Trail Blazers","5","18.8","194","31","0.177","31","6","0.461","0.613","113.5","116.6",12.975,"0.472",112.4625
"138","2025-26","203482","Kelly Olynyk","C",34,"San Antonio Spurs",1,"Portland Trail Blazers","San Antonio Spurs vs Portland Trail Blazers","2","1","5","0","0.2","0","2","0","0.59","113.5","116.6",0,"0",112.4625
"139","2025-26","1626162","Kelly Oubre Jr.","SF",30,"Philadelphia 76ers",1,"Boston Celtics","Philadelphia 76ers vs Boston Celtics","7","33.7","467","65","0.14","64","13","0.466","0.58","111.7","110.8",11.025,"0.493",112.4625
"140","2025-26","1629026","Kenrich Williams","PF",31,"Oklahoma City Thunder",1,"Phoenix Suns","Oklahoma City Thunder vs Phoenix Suns","3","3","16","2","0.211","4","0","0.25","0.569","112.9","127.2",7.875,"0.25",112.4625
"141","2025-26","1631165","Keon Ellis","SG",26,"Cleveland Cavaliers",1,"Toronto Raptors","Cleveland Cavaliers vs Toronto Raptors","4","10.8","85","3","0.086","6","1","0.233","0.579","112.1","113",4.275,"0.287",112.4625
"142","2025-26","201142","Kevin Durant","SF",37,"Houston Rockets",1,"Los Angeles Lakers","Los Angeles Lakers vs Houston Rockets","1","41","77","23","0.26","12","9","0.721","0.641","115.5","105.2",22.425,"0.721",112.4625
"143","2025-26","1628989","Kevin Huerter","SF",27,"Detroit Pistons",1,"Orlando Magic","Detroit Pistons vs Orlando Magic","4","10.6","91","6","0.084","7","0","0.429","0.552","113.6","107.5",4.95,"0.429",112.4625
"144","2025-26","1642863","Khaman Maluach","C",19,"Phoenix Suns",1,"Oklahoma City Thunder","Oklahoma City Thunder vs Phoenix Suns","4","11.3","91","8","0.109","8","0","0.5","0.586","106.5","109.3",6.6,"0.5",112.4625
"145","2025-26","1631200","Kris Murray","SF",25,"Portland Trail Blazers",1,"San Antonio Spurs","San Antonio Spurs vs Portland Trail Blazers","5","5","54","5","0.129","4","2","0.512","0.55","110.4","102.2",6.975,"0.512",112.4625
"146","2025-26","203937","Kyle Anderson","SF",32,"Minnesota Timberwolves",1,"Denver Nuggets","Minnesota Timberwolves vs Denver Nuggets","5","7.1","79","4","0.125","7","0","0.286","0.573","116","112.8",3.825,"0.286",112.4625
"147","2025-26","200768","Kyle Lowry","PG",39,"Philadelphia 76ers",1,"Boston Celtics","Philadelphia 76ers vs Boston Celtics","2","1.4","5","0","0","0","0","0","0.308","111.7","110.8",0,"0",112.4625
"148","2025-26","1629013","Landry Shamet","SG",28,"New York Knicks",1,"Atlanta Hawks","New York Knicks vs Atlanta Hawks","6","8.7","108","11","0.139","14","0","0.393","0.598","112.9","121.9",7.875,"0.389",112.4625
"149","2025-26","1626204","Larry Nance Jr.","PF",33,"Cleveland Cavaliers",1,"Toronto Raptors","Cleveland Cavaliers vs Toronto Raptors","2","2.3","10","0","0.091","0","0","0","0.505","112.1","113",0,"0",112.4625
"150","2025-26","2544","LeBron James","SF",41,"Los Angeles Lakers",1,"Houston Rockets","Los Angeles Lakers vs Houston Rockets","6","38.7","454","139","0.309","111","46","0.53","0.594","112.1","107.4",23.7,"0.558",112.4625
"151","2025-26","1630322","Lindy Waters III","SG",28,"San Antonio Spurs",1,"Portland Trail Blazers","San Antonio Spurs vs Portland Trail Blazers","3","1.2","8","0","0.125","1","0","0","0.532","113.5","116.6",0,"0",112.4625
"152","2025-26","1629652","Luguentz Dort","SF",26,"Oklahoma City Thunder",1,"Phoenix Suns","Oklahoma City Thunder vs Phoenix Suns","4","24.5","196","27","0.112","25","2","0.522","0.524","112.9","127.2",9.9,"0.534",112.4625
"153","2025-26","1630568","Luka Garza","C",27,"Boston Celtics",1,"Philadelphia 76ers","Philadelphia 76ers vs Boston Celtics","7","8.5","121","31","0.179","20","8","0.659","0.682","114.4","113.5",19.2,"0.659",112.4625
"154","2025-26","1628379","Luke Kennard","SG",29,"Los Angeles Lakers",1,"Houston Rockets","Los Angeles Lakers vs Houston Rockets","6","36.3","431","75","0.153","56","19","0.583","0.689","112.1","107.4",12.6,"0.585",112.4625
"155","2025-26","1628436","Luke Kornet","C",30,"San Antonio Spurs",1,"Portland Trail Blazers","San Antonio Spurs vs Portland Trail Blazers","5","19.5","201","41","0.145","29","6","0.648","0.689","113.5","116.6",14.775,"0.641",112.4625
"156","2025-26","1631204","Marcus Sasser","PG",25,"Detroit Pistons",1,"Orlando Magic","Detroit Pistons vs Orlando Magic","2","1","5","0","0","0","0","0","0.533","113.6","107.5",0,"0",112.4625
"157","2025-26","203935","Marcus Smart","SG",31,"Los Angeles Lakers",1,"Houston Rockets","Los Angeles Lakers vs Houston Rockets","6","35.1","418","88","0.195","56","31","0.632","0.543","112.1","107.4",15.525,"0.585",112.4625
"158","2025-26","203486","Mason Plumlee","C",35,"San Antonio Spurs",1,"Portland Trail Blazers","San Antonio Spurs vs Portland Trail Blazers","1","1.5","3","0","0","0","0","0","0.769","113.5","116.6",0,"0",112.4625
"159","2025-26","1629680","Matisse Thybulle","SG",28,"Portland Trail Blazers",1,"San Antonio Spurs","San Antonio Spurs vs Portland Trail Blazers","4","13.3","106","7","0.119","14","2","0.235","0.6","110.4","102.2",4.95,"0.235",112.4625
"160","2025-26","1642917","Max Shulga","SG",23,"Boston Celtics",1,"Philadelphia 76ers","Philadelphia 76ers vs Boston Celtics","2","2.3","8","3","0.2","2","0","0.75","0.394","114.4","113.5",28.125,"0.75",112.4625
"161","2025-26","1629622","Max Strus","SF",29,"Cleveland Cavaliers",1,"Toronto Raptors","Cleveland Cavaliers vs Toronto Raptors","7","25","377","72","0.152","50","14","0.641","0.609","112.1","113",15.825,"0.654",112.4625
"162","2025-26","1628467","Maxi Kleber","PF",34,"Los Angeles Lakers",1,"Houston Rockets","Los Angeles Lakers vs Houston Rockets","1","6.8","12","1","0.067","0","2","0.568","0.509","112.1","107.4",6.225,"0.568",112.4625
"163","2025-26","1628969","Mikal Bridges","SF",29,"New York Knicks",1,"Atlanta Hawks","New York Knicks vs Atlanta Hawks","6","27.1","335","60","0.139","44","6","0.643","0.587","112.9","121.9",14.85,"0.68",112.4625
"164","2025-26","201144","Mike Conley","PG",38,"Minnesota Timberwolves",1,"Denver Nuggets","Minnesota Timberwolves vs Denver Nuggets","6","13.2","159","19","0.105","17","0","0.559","0.517","116","112.8",11.25,"0.62",112.4625
"165","2025-26","1630540","Miles McBride","SG",25,"New York Knicks",1,"Atlanta Hawks","New York Knicks vs Atlanta Hawks","6","19.7","241","35","0.151","37","0","0.473","0.578","112.9","121.9",11.7,"0.5",112.4625
"166","2025-26","1629011","Mitchell Robinson","C",27,"New York Knicks",1,"Atlanta Hawks","New York Knicks vs Atlanta Hawks","6","13.9","170","37","0.132","18","13","0.78","0.676","112.9","121.9",15.075,"0.736",112.4625
"167","2025-26","1642885","Mohamed Diawara","SF",20,"New York Knicks",1,"Atlanta Hawks","New York Knicks vs Atlanta Hawks","2","7.8","30","2","0.222","7","0","0.143","0.55","112.9","121.9",11.4,"0.35",112.4625
"168","2025-26","1629021","Moritz Wagner","C",28,"Orlando Magic",1,"Detroit Pistons","Detroit Pistons vs Orlando Magic","2","6.3","26","5","0.188","4","2","0.512","0.545","108.9","101.9",14.4,"0.512",112.4625
"169","2025-26","1631243","Mouhamed Gueye","PF",23,"Atlanta Hawks",1,"New York Knicks","New York Knicks vs Atlanta Hawks","6","8.4","106","10","0.127","14","2","0.336","0.539","112.3","103.8",7.05,"0.336",112.4625
"170","2025-26","1641772","Nae'Qwan Tomlin","PF",25,"Cleveland Cavaliers",1,"Toronto Raptors","Cleveland Cavaliers vs Toronto Raptors","2","2.3","10","2","0.273","2","0","0.5","0.549","112.1","113",15,"0.5",112.4625
"171","2025-26","1629675","Naz Reid","C",26,"Minnesota Timberwolves",1,"Denver Nuggets","Minnesota Timberwolves vs Denver Nuggets","6","24.6","308","65","0.197","59","7","0.524","0.565","116","112.8",15.675,"0.549",112.4625
"172","2025-26","1629674","Neemias Queta","C",26,"Boston Celtics",1,"Philadelphia 76ers","Philadelphia 76ers vs Boston Celtics","7","21.7","294","65","0.14","34","19","0.767","0.674","114.4","113.5",16.575,"0.767",112.4625
"173","2025-26","1641733","Nick Smith Jr.","SG",21,"Los Angeles Lakers",1,"Houston Rockets","Los Angeles Lakers vs Houston Rockets","3","3.5","23","8","0.333","9","0","0.444","0.552","112.1","107.4",23.1,"0.444",112.4625
"174","2025-26","1629638","Nickeil Alexander-Walker","SG",27,"Atlanta Hawks",1,"New York Knicks","New York Knicks vs Atlanta Hawks","6","35.4","433","82","0.19","71","15","0.528","0.61","112.3","103.8",14.175,"0.528",112.4625
"175","2025-26","203999","Nikola Jokic","C",30,"Denver Nuggets",1,"Minnesota Timberwolves","Minnesota Timberwolves vs Denver Nuggets","6","39.5","497","155","0.295","121","43","0.554","0.67","112.5","108.2",23.4,"0.554",112.4625
"176","2025-26","1642260","Nikola Topic","PG",20,"Oklahoma City Thunder",1,"Phoenix Suns","Oklahoma City Thunder vs Phoenix Suns","3","1.9","11","0","0","0","0","0","0.489","112.9","127.2",0,"0",112.4625
"177","2025-26","202696","Nikola Vucevic","C",35,"Boston Celtics",1,"Philadelphia 76ers","Philadelphia 76ers vs Boston Celtics","6","19","228","37","0.175","37","4","0.477","0.574","114.4","113.5",12.15,"0.477",112.4625
"178","2025-26","1642869","Noah Penda","SF",21,"Orlando Magic",1,"Detroit Pistons","Detroit Pistons vs Orlando Magic","1","3","6","0","0","0","0","0","0.506","108.9","101.9",0,"0",112.4625
"179","2025-26","1628384","OG Anunoby","PF",28,"New York Knicks",1,"Atlanta Hawks","New York Knicks vs Atlanta Hawks","6","35.7","441","129","0.176","72","31","0.753","0.62","112.9","121.9",21.825,"0.778",112.4625
"180","2025-26","1630168","Onyeka Okongwu","C",25,"Atlanta Hawks",1,"New York Knicks","New York Knicks vs Atlanta Hawks","6","33.1","408","75","0.135","48","12","0.704","0.592","112.3","103.8",13.8,"0.704",112.4625
"181","2025-26","1642345","Oso Ighodaro","PF",23,"Phoenix Suns",1,"Oklahoma City Thunder","Oklahoma City Thunder vs Phoenix Suns","4","32.2","262","30","0.11","24","6","0.563","0.636","106.5","109.3",8.625,"0.563",112.4625
"182","2025-26","1642359","Pacôme Dadiet","SG",20,"New York Knicks",1,"Atlanta Hawks","New York Knicks vs Atlanta Hawks","2","4.6","18","5","0.19","4","0","0.625","0.454","112.9","121.9",18.75,"0.643",112.4625
"183","2025-26","1631094","Paolo Banchero","PF",23,"Orlando Magic",1,"Detroit Pistons","Detroit Pistons vs Orlando Magic","7","39","548","184","0.314","143","74","0.524","0.566","108.9","101.9",25.2,"0.524",112.4625
"184","2025-26","202331","Paul George","PF",35,"Philadelphia 76ers",1,"Boston Celtics","Philadelphia 76ers vs Boston Celtics","7","37.1","511","122","0.189","88","18","0.636","0.57","111.7","110.8",18.45,"0.647",112.4625
"185","2025-26","1630194","Paul Reed","C",26,"Detroit Pistons",1,"Orlando Magic","Detroit Pistons vs Orlando Magic","4","5.2","38","10","0.213","8","2","0.563","0.65","113.6","107.5",19.725,"0.563",112.4625
"186","2025-26","1630202","Payton Pritchard","PG",28,"Boston Celtics",1,"Philadelphia 76ers","Philadelphia 76ers vs Boston Celtics","7","32.9","450","102","0.188","92","8","0.534","0.584","114.4","113.5",17.025,"0.534",112.4625
"187","2025-26","1629656","Quentin Grimes","SG",25,"Philadelphia 76ers",1,"Boston Celtics","Philadelphia 76ers vs Boston Celtics","7","22.4","306","50","0.136","38","10","0.59","0.585","111.7","110.8",11.55,"0.582",112.4625
"188","2025-26","1629628","RJ Barrett","SF",25,"Toronto Raptors",1,"Cleveland Cavaliers","Cleveland Cavaliers vs Toronto Raptors","7","38.7","546","169","0.275","132","41","0.563","0.585","114.1","111.9",23.25,"0.563",112.4625
"189","2025-26","1642853","Rasheer Fleming","PF",21,"Phoenix Suns",1,"Oklahoma City Thunder","Oklahoma City Thunder vs Phoenix Suns","4","4.6","34","9","0.154","5","0","0.9","0.517","106.5","109.3",19.875,"0.9",112.4625
"190","2025-26","1642263","Reed Sheppard","SG",21,"Houston Rockets",1,"Los Angeles Lakers","Los Angeles Lakers vs Houston Rockets","6","32.1","374","73","0.226","88","4","0.407","0.564","115.5","105.2",14.625,"0.407",112.4625
"191","2025-26","1629057","Robert Williams III","C",28,"Portland Trail Blazers",1,"San Antonio Spurs","San Antonio Spurs vs Portland Trail Blazers","5","21.7","219","48","0.146","35","3","0.661","0.722","110.4","102.2",16.425,"0.661",112.4625
"192","2025-26","1631199","Ron Harper Jr.","SF",25,"Boston Celtics",1,"Philadelphia 76ers","Philadelphia 76ers vs Boston Celtics","6","4.2","51","11","0.15","9","0","0.611","0.55","114.4","113.5",16.2,"0.611",112.4625
"193","2025-26","1641842","Ronald Holland II","SF",20,"Detroit Pistons",1,"Orlando Magic","Detroit Pistons vs Orlando Magic","3","6.4","38","2","0.111","3","0","0.333","0.525","113.6","107.5",9.825,"0.546",112.4625
"194","2025-26","1626220","Royce O'Neale","SF",32,"Phoenix Suns",1,"Oklahoma City Thunder","Oklahoma City Thunder vs Phoenix Suns","4","24.4","198","31","0.087","14","6","0.931","0.596","106.5","109.3",11.775,"0.931",112.4625
"195","2025-26","203497","Rudy Gobert","C",33,"Minnesota Timberwolves",1,"Denver Nuggets","Minnesota Timberwolves vs Denver Nuggets","6","34.7","429","46","0.102","36","17","0.529","0.664","116","112.8",8.175,"0.503",112.4625
"196","2025-26","1629060","Rui Hachimura","PF",27,"Los Angeles Lakers",1,"Houston Rockets","Los Angeles Lakers vs Houston Rockets","6","38.1","450","95","0.152","70","4","0.662","0.62","112.1","107.4",16.2,"0.66",112.4625
"197","2025-26","1642346","Ryan Dunn","SF",23,"Phoenix Suns",1,"Oklahoma City Thunder","Oklahoma City Thunder vs Phoenix Suns","4","8.4","69","0","0.086","4","0","0","0.532","106.5","109.3",0,"0",112.4625
"198","2025-26","1630573","Sam Hauser","PF",28,"Boston Celtics",1,"Philadelphia 76ers","Philadelphia 76ers vs Boston Celtics","7","23.5","328","54","0.127","46","0","0.587","0.59","114.4","113.5",12.375,"0.587",112.4625
"199","2025-26","1630241","Sam Merrill","SG",29,"Cleveland Cavaliers",1,"Toronto Raptors","Cleveland Cavaliers vs Toronto Raptors","7","20.2","299","53","0.131","37","12","0.627","0.644","112.1","113",12.6,"0.627",112.4625
"200","2025-26","1630572","Sandro Mamukelashvili","C",26,"Toronto Raptors",1,"Cleveland Cavaliers","Cleveland Cavaliers vs Toronto Raptors","7","14.8","217","35","0.163","35","7","0.46","0.637","114.1","111.9",12.075,"0.46",112.4625
"201","2025-26","1630703","Scoot Henderson","PG",21,"Portland Trail Blazers",1,"San Antonio Spurs","San Antonio Spurs vs Portland Trail Blazers","5","29","302","75","0.206","59","8","0.6","0.553","110.4","102.2",18.6,"0.6",112.4625
"202","2025-26","1630567","Scottie Barnes","PF",24,"Toronto Raptors",1,"Cleveland Cavaliers","Cleveland Cavaliers vs Toronto Raptors","7","39","554","169","0.256","116","54","0.605","0.577","114.1","111.9",22.875,"0.605",112.4625
"203","2025-26","1631101","Shaedon Sharpe","SG",22,"Portland Trail Blazers",1,"San Antonio Spurs","San Antonio Spurs vs Portland Trail Blazers","5","13.4","134","36","0.235","34","8","0.48","0.546","110.4","102.2",20.175,"0.48",112.4625
"204","2025-26","1628983","Shai Gilgeous-Alexander","PG",27,"Oklahoma City Thunder",1,"Phoenix Suns","Oklahoma City Thunder vs Phoenix Suns","4","35.7","294","135","0.317","78","49","0.678","0.665","112.9","127.2",31.575,"0.66",112.4625
"205","2025-26","1631321","Sidy Cissoko","SF",21,"Portland Trail Blazers",1,"San Antonio Spurs","San Antonio Spurs vs Portland Trail Blazers","4","6.5","57","11","0.162","10","1","0.527","0.514","110.4","102.2",14.475,"0.527",112.4625
"206","2025-26","1642461","Spencer Jones","SF",24,"Denver Nuggets",1,"Minnesota Timberwolves","Minnesota Timberwolves vs Denver Nuggets","6","24.2","285","39","0.078","19","5","0.92","0.619","112.5","108.2",10.275,"0.92",112.4625
"207","2025-26","1642264","Stephon Castle","PG",21,"San Antonio Spurs",1,"Portland Trail Blazers","San Antonio Spurs vs Portland Trail Blazers","5","32.8","340","99","0.275","76","27","0.563","0.575","113.5","116.6",22.125,"0.584",112.4625
"208","2025-26","1631106","Tari Eason","PF",24,"Houston Rockets",1,"Los Angeles Lakers","Los Angeles Lakers vs Houston Rockets","6","32.5","380","83","0.168","65","13","0.587","0.514","115.5","105.2",16.35,"0.587",112.4625
"209","2025-26","1630545","Terrence Shannon Jr.","SG",25,"Minnesota Timberwolves",1,"Denver Nuggets","Minnesota Timberwolves vs Denver Nuggets","3","18.6","116","42","0.248","31","6","0.624","0.597","116","112.8",23.25,"0.578",112.4625
"210","2025-26","1628418","Thomas Bryant","C",28,"Cleveland Cavaliers",1,"Toronto Raptors","Cleveland Cavaliers vs Toronto Raptors","3","5","30","3","0.108","3","1","0.436","0.625","112.1","113",10.95,"0.421",112.4625
"211","2025-26","203501","Tim Hardaway Jr.","SG",33,"Denver Nuggets",1,"Minnesota Timberwolves","Minnesota Timberwolves vs Denver Nuggets","6","23.3","298","65","0.173","45","24","0.585","0.624","112.5","108.2",16.35,"0.585",112.4625
"212","2025-26","202699","Tobias Harris","PF",33,"Detroit Pistons",1,"Orlando Magic","Detroit Pistons vs Orlando Magic","7","35.4","498","151","0.247","121","38","0.548","0.574","113.6","107.5",22.275,"0.551",112.4625
"213","2025-26","1642449","Tolu Smith","PF",25,"Detroit Pistons",1,"Orlando Magic","Detroit Pistons vs Orlando Magic","1","1.2","2","0","0","0","0","0","0.569","113.6","107.5",0,"0",112.4625
"214","2025-26","1628396","Tony Bradley","C",28,"Atlanta Hawks",1,"New York Knicks","New York Knicks vs Atlanta Hawks","4","10.2","81","11","0.079","4","6","0.828","0.596","112.3","103.8",10.2,"0.828",112.4625
"215","2025-26","1641739","Toumani Camara","PF",25,"Portland Trail Blazers",1,"San Antonio Spurs","San Antonio Spurs vs Portland Trail Blazers","5","33","342","35","0.119","38","6","0.431","0.578","110.4","102.2",7.65,"0.431",112.4625
"216","2025-26","1631218","Trayce Jackson-Davis","C",25,"Toronto Raptors",1,"Cleveland Cavaliers","Cleveland Cavaliers vs Toronto Raptors","3","1.3","8","2","0.3","1","2","0.532","0.578","114.1","111.9",18.75,"0.532",112.4625
"217","2025-26","1630570","Trendon Watford","PF",25,"Philadelphia 76ers",1,"Boston Celtics","Philadelphia 76ers vs Boston Celtics","4","3.6","30","10","0.182","5","2","0.85","0.573","111.7","110.8",18.75,"0.644",112.4625
"218","2025-26","1641783","Tristan da Silva","SF",24,"Orlando Magic",1,"Detroit Pistons","Detroit Pistons vs Orlando Magic","7","15.3","222","29","0.141","29","4","0.471","0.576","108.9","101.9",9.825,"0.471",112.4625
"219","2025-26","1642278","Tyler Kolek","PG",24,"New York Knicks",1,"Atlanta Hawks","New York Knicks vs Atlanta Hawks","3","6.4","38","8","0.2","7","2","0.508","0.533","112.9","121.9",20.025,"0.621",112.4625
"220","2025-26","1630178","Tyrese Maxey","PG",25,"Philadelphia 76ers",1,"Boston Celtics","Philadelphia 76ers vs Boston Celtics","7","40.9","564","188","0.266","151","26","0.579","0.588","111.7","110.8",24.375,"0.576",112.4625
"221","2025-26","1642878","Tyrese Proctor","PG",21,"Cleveland Cavaliers",1,"Toronto Raptors","Cleveland Cavaliers vs Toronto Raptors","1","2.6","5","2","0.167","0","2","1.136","0.556","112.1","113",30,"1.136",112.4625
"222","2025-26","1626145","Tyus Jones","PG",29,"Denver Nuggets",1,"Minnesota Timberwolves","Minnesota Timberwolves vs Denver Nuggets","3","10.1","61","9","0.132","8","2","0.507","0.448","112.5","108.2",11.1,"0.507",112.4625
"223","2025-26","1642845","VJ Edgecombe","SG",20,"Philadelphia 76ers",1,"Boston Celtics","Philadelphia 76ers vs Boston Celtics","7","38.4","522","106","0.189","98","10","0.518","0.54","111.7","110.8",15.375,"0.516",112.4625
"224","2025-26","1641705","Victor Wembanyama","C",22,"San Antonio Spurs",1,"Portland Trail Blazers","San Antonio Spurs vs Portland Trail Blazers","4","28.1","232","84","0.267","48","23","0.723","0.626","113.5","116.6",22.725,"0.625",112.4625
"225","2025-26","1630249","Vít Krejcí","PG",25,"Portland Trail Blazers",1,"San Antonio Spurs","San Antonio Spurs vs Portland Trail Blazers","4","4.1","37","2","0.091","4","0","0.25","0.609","110.4","102.2",4.05,"0.25",112.4625
"226","2025-26","1628976","Wendell Carter Jr.","C",26,"Orlando Magic",1,"Detroit Pistons","Detroit Pistons vs Orlando Magic","7","33.8","477","77","0.132","48","31","0.625","0.617","108.9","101.9",12.075,"0.625",112.4625
"227","2025-26","1642905","Yang Hansen","C",20,"Portland Trail Blazers",1,"San Antonio Spurs","San Antonio Spurs vs Portland Trail Blazers","4","1.1","11","0","0.182","2","0","0","0.413","110.4","102.2",0,"0",112.4625
"228","2025-26","1642258","Zaccharie Risacher","SF",20,"Atlanta Hawks",1,"New York Knicks","New York Knicks vs Atlanta Hawks","3","7.6","45","11","0.241","14","0","0.393","0.557","112.3","103.8",18.3,"0.393",112.4625
"229","2025-26","1630192","Zeke Nnaji","PF",25,"Denver Nuggets",1,"Minnesota Timberwolves","Minnesota Timberwolves vs Denver Nuggets","2","9.5","43","10","0.102","2","6","1.078","0.558","112.5","108.2",17.475,"1.078",112.4625
