TEAM	MATCHUP	PTS	2PM	2PA	3PM	3PA	FTM	FTA	DREB	OREB	REB	AST	STL	BLK	TOV	PF
VASCO DA GAMA	2025-10-18, VAS vs FOR	78	17	39	11	33	11	17	23	19	42	26	7	0	15	20
FORTALEZA BASQUETE CEARENSE	2025-10-18, VAS vs FOR	88	18	42	10	23	22	25	27	13	40	24	11	3	11	22
CRUZEIRO BASQUETE	2025-10-18, CRU vs SJO	62	18	52	4	21	14	18	28	14	42	13	7	1	14	18
MR. MOO SAO JOSE BASKETBALL	2025-10-18, CRU vs SJO	85	13	28	13	32	20	24	38	6	44	14	7	1	14	22
BAURU BASKET	2025-10-18, BAU vs FLA	86	20	34	10	28	16	17	22	12	34	21	7	1	19	21
FLAMENGO	2025-10-18, BAU vs FLA	102	27	37	11	30	15	20	21	12	33	18	7	1	10	18
KTO MINAS	2025-10-18, MIN vs COR	83	13	27	14	35	15	21	25	11	36	21	7	4	12	19
CORINTHIANS	2025-10-18, MIN vs COR	81	26	40	6	27	11	13	24	9	33	21	8	2	10	21
CONTA SIMPLES RIO CLARO	2025-10-18, RCB vs PIN	86	19	35	12	29	12	18	31	4	35	21	7	2	14	18
PINHEIROS	2025-10-18, RCB vs PIN	88	24	42	9	40	13	16	30	19	49	20	6	4	12	21
BASKET OSASCO	2025-10-19, OSA vs FRA	60	14	38	8	29	8	11	21	10	31	15	6	1	14	16
SESI FRANCA	2025-10-19, OSA vs FRA	105	33	45	8	27	15	19	35	10	45	30	9	6	7	13
KTO MINAS	2025-10-20, MIN vs SJO	88	27	39	5	29	19	24	34	10	44	22	8	7	17	22
MR. MOO SAO JOSE BASKETBALL	2025-10-20, MIN vs SJO	13	2	4	0	2	9	11	4	1	5	3	2	1	1	0
PAULISTANO	2025-10-20, CAP vs BAU	66	17	39	8	21	8	10	31	11	42	16	8	3	19	18
BAURU BASKET	2025-10-20, CAP vs BAU	59	12	32	9	30	8	12	23	11	34	14	10	4	15	16
BOTAFOGO	2025-10-20, BOT vs FOR	80	19	43	9	26	15	20	22	12	34	21	12	2	13	25
FORTALEZA BASQUETE CEARENSE	2025-10-20, BOT vs FOR	84	19	43	6	13	28	34	32	13	45	17	6	7	20	20
CAXIAS DO SUL BASQUETE	2025-10-21, CAX vs PAT	70	14	25	9	26	15	21	35	10	45	19	6	3	26	18
PATO BASQUETE	2025-10-21, CAX vs PAT	63	20	33	6	31	5	13	19	7	26	11	15	5	13	19
PINHEIROS	2025-10-21, PIN vs FRA	69	15	30	9	30	12	17	21	4	25	19	8	2	14	15
SESI FRANCA	2025-10-21, PIN vs FRA	87	21	33	10	22	15	20	33	6	39	19	9	3	17	19
FLAMENGO	2025-10-21, FLA vs UFC	80	13	30	14	43	12	17	22	18	40	17	5	0	9	16
UNIFACISA	2025-10-21, FLA vs UFC	70	23	38	5	19	9	12	31	7	38	17	6	1	15	19
CRUZEIRO BASQUETE	2025-10-21, CRU vs COR	65	16	38	6	24	15	21	27	13	40	18	5	1	16	22
CORINTHIANS	2025-10-21, CRU vs COR	81	19	38	9	27	16	18	29	10	39	18	9	4	12	23
CAIXA/BRASILIA	2025-10-22, BRA vs OSA	77	16	25	10	38	15	20	29	9	38	19	14	5	17	21
BASKET OSASCO	2025-10-22, BRA vs OSA	74	11	26	12	29	16	21	27	6	33	14	11	2	19	21
CEISC/UNIAO CORINTHIANS	2025-10-23, UCO vs PAT	92	19	35	9	23	27	30	25	10	35	15	6	5	15	20
PATO BASQUETE	2025-10-23, UCO vs PAT	88	22	38	8	33	20	25	19	19	38	12	7	3	14	25
FLAMENGO	2025-10-23, FLA vs FOR	102	20	33	17	34	11	17	27	9	36	25	15	1	14	14
FORTALEZA BASQUETE CEARENSE	2025-10-23, FLA vs FOR	73	18	39	9	32	10	11	21	17	38	15	6	2	20	18
PINHEIROS	2025-10-23, PIN vs BAU	83	13	29	12	30	21	28	35	8	43	21	9	2	13	16
BAURU BASKET	2025-10-23, PIN vs BAU	60	15	34	6	32	12	14	28	9	37	11	9	2	13	21
PAULISTANO	2025-10-24, CAP vs FRA	69	15	37	11	38	6	11	26	18	44	10	6	2	5	22
SESI FRANCA	2025-10-24, CAP vs FRA	71	22	37	5	20	12	22	35	9	44	19	2	4	9	18
VASCO DA GAMA	2025-10-24, VAS vs UFC	80	22	40	8	31	12	22	35	9	44	24	7	1	14	24
UNIFACISA	2025-10-24, VAS vs UFC	14	3	5	1	1	5	8	3	0	3	3	0	0	2	6
CRUZEIRO BASQUETE	2025-10-25, CRU vs MOG	84	20	45	10	22	14	18	30	11	41	22	5	3	18	21
MOGI BASQUETE	2025-10-25, CRU vs MOG	103	24	40	14	31	13	22	26	8	34	20	13	2	9	21
BASKET OSASCO	2025-10-25, OSA vs BAU	69	12	19	9	33	18	21	22	4	26	17	9	1	17	20
BAURU BASKET	2025-10-25, OSA vs BAU	82	21	32	10	29	10	17	25	8	33	28	7	3	16	20
CAIXA/BRASILIA	2025-10-25, BRA vs RCB	109	22	35	16	42	17	20	28	17	45	30	14	2	11	24
CONTA SIMPLES RIO CLARO	2025-10-25, BRA vs RCB	57	12	30	5	18	18	26	25	4	29	6	6	3	23	21
BOTAFOGO	2025-10-26, BOT vs UFC	72	24	44	4	27	12	19	25	17	42	13	8	1	14	18
UNIFACISA	2025-10-26, BOT vs UFC	85	20	40	10	27	15	16	28	10	38	16	6	5	13	18
PATO BASQUETE	2025-10-27, PAT vs MIN	75	17	49	12	32	5	6	27	22	49	17	3	1	11	21
KTO MINAS	2025-10-27, PAT vs MIN	76	19	37	8	22	14	22	31	9	40	18	5	4	13	18
SESI FRANCA	2025-10-28, FRA vs CAX	73	16	28	7	29	20	26	27	13	40	14	6	1	16	13
CAXIAS DO SUL BASQUETE	2025-10-28, FRA vs CAX	75	16	32	11	28	10	15	24	7	31	15	8	2	13	23
BAURU BASKET	2025-10-28, BAU vs UCO	60	19	36	3	26	13	20	28	11	39	17	7	2	11	15
CEISC/UNIAO CORINTHIANS	2025-10-28, BAU vs UCO	52	19	35	4	21	2	4	32	5	37	18	4	2	18	21
CONTA SIMPLES RIO CLARO	2025-10-28, RCB vs CAP	89	20	42	10	33	19	27	31	14	45	14	7	4	9	20
PAULISTANO	2025-10-28, RCB vs CAP	87	20	46	11	32	14	18	36	16	52	17	4	5	13	27
MOGI BASQUETE	2025-10-29, MOG vs BOT	87	24	39	11	33	6	10	30	13	43	25	18	0	11	18
BOTAFOGO	2025-10-29, MOG vs BOT	45	13	31	2	13	13	18	26	1	27	6	5	2	26	15
PATO BASQUETE	2025-10-29, PAT vs CRU	69	15	38	9	30	12	18	30	9	39	13	9	6	11	22
CRUZEIRO BASQUETE	2025-10-29, PAT vs CRU	71	18	39	6	20	17	23	39	10	49	15	6	1	17	17
CORINTHIANS	2025-10-29, COR vs VAS	81	18	40	8	26	21	26	24	17	41	18	10	4	11	17
VASCO DA GAMA	2025-10-29, COR vs VAS	64	15	32	9	31	7	10	24	15	39	18	7	2	17	23
SESI FRANCA	2025-10-30, FRA vs UCO	96	24	41	8	27	24	28	22	12	34	12	10	2	9	17
CEISC/UNIAO CORINTHIANS	2025-10-30, FRA vs UCO	77	18	32	11	31	8	10	25	10	35	11	3	2	18	24
BAURU BASKET	2025-10-30, BAU vs CAX	75	18	36	9	24	12	13	33	13	46	19	7	2	17	17
CAXIAS DO SUL BASQUETE	2025-10-30, BAU vs CAX	64	18	35	8	31	4	12	19	12	31	16	8	2	11	15
CONTA SIMPLES RIO CLARO	2025-10-30, RCB vs OSA	103	27	47	9	22	22	31	21	13	34	18	5	1	6	21
BASKET OSASCO	2025-10-30, RCB vs OSA	104	24	37	12	26	20	26	24	7	31	20	3	0	10	25
CAIXA/BRASILIA	2025-10-30, BRA vs CAP	71	18	34	7	28	14	17	25	8	33	23	12	3	11	18
PAULISTANO	2025-10-30, BRA vs CAP	54	12	33	4	23	18	19	31	15	46	8	6	3	20	17
UNIFACISA	2025-10-31, UFC vs FOR	85	17	26	15	34	6	13	26	9	35	17	5	1	17	15
FORTALEZA BASQUETE CEARENSE	2025-10-31, UFC vs FOR	71	15	28	10	29	11	13	24	6	30	17	8	1	17	15
CRUZEIRO BASQUETE	2025-11-01, CRU vs MIN	76	21	46	6	25	16	22	29	9	38	23	9	5	12	23
KTO MINAS	2025-11-01, CRU vs MIN	84	16	37	12	30	16	21	37	13	50	17	10	2	20	24
CAIXA/BRASILIA	2025-11-01, BRA vs PIN	67	17	30	7	30	12	17	21	8	29	15	9	3	12	18
PINHEIROS	2025-11-01, BRA vs PIN	69	18	35	8	28	9	15	32	15	47	10	4	1	18	22
MR. MOO SAO JOSE BASKETBALL	2025-11-01, SJO vs BOT	77	21	42	8	19	11	13	28	9	37	22	4	1	12	16
BOTAFOGO	2025-11-01, SJO vs BOT	64	15	36	8	28	10	18	24	13	37	12	8	0	9	15
CAXIAS DO SUL BASQUETE	2025-11-03, CAX vs RCB	92	21	33	11	36	17	26	19	20	39	24	8	1	16	26
CONTA SIMPLES RIO CLARO	2025-11-03, CAX vs RCB	79	19	29	6	18	23	26	23	4	27	11	9	2	20	23
MOGI BASQUETE	2025-11-03, MOG vs FLA	67	16	25	6	33	17	20	26	10	36	11	9	5	18	23
FLAMENGO	2025-11-03, MOG vs FLA	69	15	32	7	27	18	22	26	11	37	13	8	1	17	19
CORINTHIANS	2025-11-03, COR vs BOT	90	19	28	14	33	10	12	25	8	33	30	8	1	17	18
BOTAFOGO	2025-11-03, COR vs BOT	75	17	33	9	25	14	20	21	9	30	15	6	3	18	18
CRUZEIRO BASQUETE	2025-11-03, CRU vs BAU	76	20	34	6	18	18	26	26	6	32	18	7	1	17	18
BAURU BASKET	2025-11-03, CRU vs BAU	75	21	42	7	23	12	20	24	12	36	21	10	4	13	23
PINHEIROS	2025-11-03, PIN vs OSA	91	25	43	9	30	14	21	33	11	44	20	11	2	8	20
BASKET OSASCO	2025-11-03, PIN vs OSA	75	12	27	11	31	18	25	32	6	38	21	5	4	16	19
KTO MINAS	2025-11-04, MIN vs FRA	86	21	40	10	26	14	19	34	8	42	18	4	5	15	20
SESI FRANCA	2025-11-04, MIN vs FRA	70	23	46	4	24	12	22	31	11	42	21	9	0	11	17
PAULISTANO	2025-11-04, CAP vs SJO	80	17	31	11	36	13	17	26	13	39	14	7	4	11	15
MR. MOO SAO JOSE BASKETBALL	2025-11-04, CAP vs SJO	71	19	38	7	25	12	15	26	11	37	20	5	0	14	20
VASCO DA GAMA	2025-11-04, VAS vs PAT	65	16	36	6	24	15	21	23	18	41	15	8	2	18	19
PATO BASQUETE	2025-11-04, VAS vs PAT	70	21	35	4	23	16	18	21	11	32	12	8	7	12	17
FORTALEZA BASQUETE CEARENSE	2025-11-05, FOR vs COR	82	21	45	10	29	10	14	20	11	31	18	9	4	13	21
CORINTHIANS	2025-11-05, FOR vs COR	98	23	43	11	26	19	23	31	18	49	24	7	5	16	17
BASKET OSASCO	2025-11-05, OSA vs FLA	67	18	41	6	29	13	18	26	18	44	9	8	2	17	20
FLAMENGO	2025-11-05, OSA vs FLA	88	21	37	10	28	16	21	28	8	36	25	6	3	12	19
CAXIAS DO SUL BASQUETE	2025-11-05, CAX vs BRA	64	11	36	8	24	18	23	16	8	24	12	7	1	8	27
CAIXA/BRASILIA	2025-11-05, CAX vs BRA	96	15	27	14	31	24	28	34	14	48	23	6	3	17	22
CRUZEIRO BASQUETE	2025-11-06, CRU vs FRA	81	20	36	10	27	11	13	26	8	34	17	7	2	16	17
SESI FRANCA	2025-11-06, CRU vs FRA	90	23	35	9	23	17	23	27	3	30	16	9	0	11	17
PAULISTANO	2025-11-06, CAP vs PIN	81	20	33	9	23	14	17	25	6	31	17	4	4	14	18
PINHEIROS	2025-11-06, CAP vs PIN	76	18	35	8	29	16	21	22	13	35	20	7	2	12	19
UNIFACISA	2025-11-06, UFC vs MOG	63	21	43	4	20	9	11	28	8	36	8	6	3	19	18
MOGI BASQUETE	2025-11-06, UFC vs MOG	74	14	31	11	33	13	18	30	9	39	10	6	3	18	13
CEISC/UNIAO CORINTHIANS	2025-11-07, UCO vs BRA	95	26	41	6	22	25	33	33	7	40	16	7	3	16	23
CAIXA/BRASILIA	2025-11-07, UCO vs BRA	16	2	4	1	1	9	10	6	0	6	2	1	0	2	3
BOTAFOGO	2025-11-07, BOT vs PAT	82	20	37	8	16	18	32	31	9	40	13	2	3	22	20
PATO BASQUETE	2025-11-07, BOT vs PAT	75	23	45	6	30	11	15	23	13	36	12	10	5	13	25
CONTA SIMPLES RIO CLARO	2025-11-08, RCB vs MIN	74	13	40	12	35	12	15	22	14	36	13	7	4	10	27
KTO MINAS	2025-11-08, RCB vs MIN	108	23	33	14	32	20	31	38	11	49	24	3	1	12	18
UNIFACISA	2025-11-08, UFC vs COR	75	26	46	5	29	8	17	28	13	41	17	5	3	14	20
CORINTHIANS	2025-11-08, UFC vs COR	105	24	43	16	24	9	14	33	2	35	25	6	1	11	18
PINHEIROS	2025-11-09, PIN vs CAX	82	18	30	7	21	25	27	28	5	33	17	3	3	12	27
CAXIAS DO SUL BASQUETE	2025-11-09, PIN vs CAX	59	10	27	8	29	15	21	21	12	33	14	5	1	15	21
FLAMENGO	2025-11-09, FLA vs PAT	101	23	32	12	25	19	26	33	8	41	31	8	1	22	20
PATO BASQUETE	2025-11-09, FLA vs PAT	63	13	32	7	28	16	26	17	11	28	9	10	1	21	20
BASKET OSASCO	2025-11-09, OSA vs CAP	81	22	29	10	36	7	15	23	5	28	19	3	1	8	26
PAULISTANO	2025-11-09, OSA vs CAP	94	17	35	11	28	27	31	32	12	44	18	5	0	8	19
FORTALEZA BASQUETE CEARENSE	2025-11-09, FOR vs MOG	76	18	31	9	26	13	21	25	5	30	14	10	3	19	23
MOGI BASQUETE	2025-11-09, FOR vs MOG	80	20	38	9	30	13	23	28	19	47	15	8	0	20	18
CAIXA/BRASILIA	2025-11-10, BRA vs MIN	80	17	34	9	37	19	24	30	12	42	21	9	5	12	15
KTO MINAS	2025-11-10, BRA vs MIN	78	21	44	9	26	9	9	35	9	44	18	2	2	17	25
PINHEIROS	2025-11-11, PIN vs UCO	102	23	37	15	34	11	15	25	16	41	27	7	2	13	17
CEISC/UNIAO CORINTHIANS	2025-11-11, PIN vs UCO	84	21	35	12	26	6	10	17	6	23	27	6	1	13	16
CORINTHIANS	2025-11-11, COR vs SJO	78	17	29	13	34	5	10	36	13	49	28	7	1	21	17
MR. MOO SAO JOSE BASKETBALL	2025-11-11, COR vs SJO	64	13	33	9	32	11	14	21	7	28	21	13	1	12	14
SESI FRANCA	2025-11-12, FRA vs FLA	72	20	33	4	24	20	25	29	7	36	15	2	0	16	18
FLAMENGO	2025-11-12, FRA vs FLA	86	21	32	11	34	11	15	26	7	33	22	7	1	11	23
BASKET OSASCO	2025-11-12, OSA vs VAS	69	19	35	5	25	16	18	31	5	36	23	7	6	13	18
VASCO DA GAMA	2025-11-12, OSA vs VAS	60	19	42	6	27	4	7	30	13	43	12	4	2	16	17
PATO BASQUETE	2025-11-12, PAT vs UFC	62	17	33	5	34	13	20	18	16	34	3	12	2	14	23
UNIFACISA	2025-11-12, PAT vs UFC	77	17	34	6	23	25	33	32	16	48	12	5	2	17	21
BAURU BASKET	2025-11-13, BAU vs BOT	73	22	43	4	26	17	18	21	17	38	20	6	1	15	24
BOTAFOGO	2025-11-13, BAU vs BOT	71	23	39	2	16	19	25	26	10	36	12	6	2	18	18
PAULISTANO	2025-11-13, CAP vs UCO	101	20	36	17	35	10	14	32	10	42	22	7	3	9	16
CEISC/UNIAO CORINTHIANS	2025-11-13, CAP vs UCO	65	19	34	6	24	9	17	26	5	31	19	7	1	16	17
PATO BASQUETE	2025-11-14, PAT vs FOR	82	20	42	9	28	15	20	22	20	42	19	8	3	13	22
FORTALEZA BASQUETE CEARENSE	2025-11-14, PAT vs FOR	79	18	32	7	24	22	31	23	13	36	12	4	0	15	20
MOGI BASQUETE	2025-11-14, MOG vs RCB	95	17	26	10	28	31	42	30	10	40	26	7	3	12	25
CONTA SIMPLES RIO CLARO	2025-11-14, MOG vs RCB	55	14	29	3	30	18	23	23	12	35	5	1	2	17	28
CAIXA/BRASILIA	2025-11-14, BRA vs CRU	79	16	43	11	34	14	21	33	13	46	19	11	1	9	22
CRUZEIRO BASQUETE	2025-11-14, BRA vs CRU	65	12	30	9	27	14	23	37	6	43	14	5	3	18	20
KTO MINAS	2025-11-15, MIN vs OSA	86	19	44	10	27	18	25	28	16	44	24	10	5	13	18
BASKET OSASCO	2025-11-15, MIN vs OSA	81	27	50	7	23	6	10	30	13	43	18	6	0	13	21
BAURU BASKET	2025-11-15, BAU vs VAS	77	25	41	8	27	3	6	28	14	42	29	14	3	14	17
VASCO DA GAMA	2025-11-15, BAU vs VAS	54	12	28	6	24	12	18	21	9	30	9	5	2	20	14
UNIFACISA	2025-11-15, UFC vs SJO	85	17	39	10	31	21	23	31	12	43	18	7	0	18	25
MR. MOO SAO JOSE BASKETBALL	2025-11-15, UFC vs SJO	8	1	1	1	3	3	3	4	0	4	0	0	0	5	3
CEISC/UNIAO CORINTHIANS	2025-11-17, UCO vs CAX	77	18	42	9	24	14	24	28	15	43	18	5	8	16	19
CAXIAS DO SUL BASQUETE	2025-11-17, UCO vs CAX	9	4	8	0	1	1	2	4	5	9	1	0	1	3	2
MOGI BASQUETE	2025-11-17, MOG vs PAT	86	17	32	13	34	13	19	34	14	48	18	9	2	17	16
PATO BASQUETE	2025-11-17, MOG vs PAT	58	12	33	5	25	19	20	23	8	31	17	8	2	18	16
CRUZEIRO BASQUETE	2025-11-17, CRU vs OSA	98	21	31	15	33	11	11	26	7	33	25	6	1	15	16
BASKET OSASCO	2025-11-17, CRU vs OSA	76	16	33	11	33	11	13	19	14	33	15	7	1	17	14
KTO MINAS	2025-11-18, MIN vs CAP	94	23	31	11	33	15	19	29	8	37	23	13	2	15	19
PAULISTANO	2025-11-18, MIN vs CAP	63	11	33	8	29	17	23	24	14	38	13	7	3	18	21
UNIFACISA	2025-11-18, UFC vs BAU	86	27	35	7	22	11	17	32	6	38	18	8	1	19	17
BAURU BASKET	2025-11-18, UFC vs BAU	66	22	49	4	21	10	15	19	15	34	16	10	0	14	19
FORTALEZA BASQUETE CEARENSE	2025-11-18, FOR vs SJO	77	22	47	5	27	18	23	29	21	50	14	8	0	18	30
MR. MOO SAO JOSE BASKETBALL	2025-11-18, FOR vs SJO	86	12	24	12	27	26	43	28	4	32	17	13	3	17	19
BOTAFOGO	2025-11-18, BOT vs BRA	70	20	36	8	24	6	9	30	7	37	16	2	1	17	20
CAIXA/BRASILIA	2025-11-18, BOT vs BRA	82	24	36	7	34	13	17	24	11	35	20	6	3	10	16
CORINTHIANS	2025-11-19, COR vs PAT	87	21	31	11	26	12	15	31	9	40	18	8	3	22	13
PATO BASQUETE	2025-11-19, COR vs PAT	68	14	36	10	33	10	12	17	14	31	15	12	0	15	17
FLAMENGO	2025-11-20, FLA vs BRA	83	13	25	14	35	15	19	21	8	29	22	6	1	12	18
CAIXA/BRASILIA	2025-11-20, FLA vs BRA	85	22	35	10	28	11	13	24	9	33	21	5	4	10	15
UNIFACISA	2025-11-20, UFC vs FRA	81	23	43	9	31	8	13	19	20	39	13	8	2	13	21
SESI FRANCA	2025-11-20, UFC vs FRA	93	23	31	8	27	23	26	25	10	35	14	7	2	12	18
CRUZEIRO BASQUETE	2025-11-20, CRU vs CAP	86	17	44	12	27	16	22	19	9	28	18	9	3	9	21
PAULISTANO	2025-11-20, CRU vs CAP	106	26	49	13	23	15	19	34	13	47	24	6	6	14	23
BOTAFOGO	2025-11-20, BOT vs RCB	74	18	35	7	22	17	24	23	12	35	10	2	2	10	18
CONTA SIMPLES RIO CLARO	2025-11-20, BOT vs RCB	61	18	34	5	14	10	16	25	3	28	8	3	2	13	21
BASKET OSASCO	2025-11-21, OSA vs CAX	75	18	34	7	28	18	24	22	12	34	16	12	1	13	17
CAXIAS DO SUL BASQUETE	2025-11-21, OSA vs CAX	79	23	36	6	22	15	17	27	8	35	21	5	2	18	22
MOGI BASQUETE	2025-11-21, MOG vs UCO	101	25	43	11	30	18	22	34	14	48	22	10	4	8	18
CEISC/UNIAO CORINTHIANS	2025-11-21, MOG vs UCO	71	19	41	8	23	9	20	24	11	35	20	4	1	14	17
FLAMENGO	2025-11-22, FLA vs RCB	84	12	35	12	31	24	29	26	13	39	22	10	0	12	14
CONTA SIMPLES RIO CLARO	2025-11-22, FLA vs RCB	72	20	41	9	30	5	7	31	14	45	14	10	8	18	23
MR. MOO SAO JOSE BASKETBALL	2025-11-22, SJO vs PAT	86	25	41	7	21	15	16	32	10	42	20	7	4	16	16
PATO BASQUETE	2025-11-22, SJO vs PAT	71	7	24	15	36	12	19	19	8	27	13	9	6	14	21
KTO MINAS	2025-11-23, MIN vs BAU	94	26	45	5	25	27	36	28	15	43	25	5	1	13	18
BAURU BASKET	2025-11-23, MIN vs BAU	88	24	47	10	26	10	16	28	12	40	25	5	2	15	24
PAULISTANO	2025-11-23, CAP vs CAX	77	20	37	7	25	16	23	30	13	43	16	5	3	11	19
CAXIAS DO SUL BASQUETE	2025-11-23, CAP vs CAX	66	18	38	5	27	15	19	23	11	34	13	3	1	8	22
CRUZEIRO BASQUETE	2025-11-23, CRU vs PIN	89	17	36	11	24	22	26	18	10	28	20	5	0	14	24
PINHEIROS	2025-11-23, CRU vs PIN	102	27	38	11	29	15	22	23	14	37	24	9	4	13	27
FORTALEZA BASQUETE CEARENSE	2025-11-23, FOR vs FRA	70	19	40	8	33	8	10	29	14	43	13	5	2	16	25
SESI FRANCA	2025-11-23, FOR vs FRA	82	23	33	5	26	21	29	31	7	38	13	12	2	13	14
VASCO DA GAMA	2025-11-23, VAS vs BRA	59	16	37	5	24	12	20	20	14	34	11	9	0	13	20
CAIXA/BRASILIA	2025-11-23, VAS vs BRA	81	14	19	12	41	17	20	29	15	44	22	7	3	14	22
BASKET OSASCO	2025-11-23, OSA vs UCO	79	14	25	9	31	24	30	32	6	38	20	7	1	8	20
CEISC/UNIAO CORINTHIANS	2025-11-23, OSA vs UCO	76	22	39	6	30	14	18	28	12	40	22	5	2	10	21
MOGI BASQUETE	2025-11-23, MOG vs COR	67	15	32	8	41	13	15	27	20	47	9	8	3	13	19
CORINTHIANS	2025-11-23, MOG vs COR	70	19	44	6	18	14	19	30	11	41	18	7	4	16	17
VASCO DA GAMA	2025-11-25, VAS vs RCB	81	20	36	7	28	20	34	33	16	49	18	8	2	17	20
CONTA SIMPLES RIO CLARO	2025-11-25, VAS vs RCB	84	24	42	7	28	15	21	28	9	37	19	6	7	13	22
CAXIAS DO SUL BASQUETE	2025-12-01, CAX vs CRU	78	17	31	9	30	17	26	34	15	49	20	10	3	24	23
CRUZEIRO BASQUETE	2025-12-01, CAX vs CRU	63	21	41	3	20	12	19	23	6	29	14	11	3	19	22
BASKET OSASCO	2025-12-02, OSA vs BOT	79	17	34	10	29	15	18	35	6	41	22	4	5	16	21
BOTAFOGO	2025-12-02, OSA vs BOT	70	18	47	7	26	13	19	32	14	46	17	12	5	13	19
SESI FRANCA	2025-12-03, FRA vs COR	80	16	36	10	34	18	23	24	13	37	7	8	2	8	14
CORINTHIANS	2025-12-03, FRA vs COR	71	18	34	9	32	8	10	32	13	45	16	4	0	20	24
BAURU BASKET	2025-12-03, BAU vs SJO	84	21	39	8	27	18	18	21	10	31	20	10	4	16	25
MR. MOO SAO JOSE BASKETBALL	2025-12-03, BAU vs SJO	91	26	40	7	20	18	24	26	7	33	26	10	2	17	20
CAXIAS DO SUL BASQUETE	2025-12-03, CAX vs MIN	72	16	34	8	31	16	22	21	7	28	20	12	0	9	21
KTO MINAS	2025-12-03, CAX vs MIN	88	19	26	11	26	17	19	36	3	39	22	6	2	20	19
CEISC/UNIAO CORINTHIANS	2025-12-03, UCO vs CRU	87	15	43	15	31	12	15	30	12	42	23	6	3	10	18
CRUZEIRO BASQUETE	2025-12-03, UCO vs CRU	76	21	39	6	23	16	20	33	7	40	9	7	3	14	18
PINHEIROS	2025-12-03, PIN vs FLA	83	19	39	11	35	12	14	34	24	58	12	4	1	15	23
FLAMENGO	2025-12-03, PIN vs FLA	67	16	28	8	29	11	19	19	3	22	17	5	1	7	15
PAULISTANO	2025-12-04, CAP vs BOT	101	34	54	8	17	9	13	28	13	41	21	8	4	11	17
BOTAFOGO	2025-12-04, CAP vs BOT	77	20	38	9	26	10	17	17	10	27	20	5	2	14	12
BASKET OSASCO	2025-12-04, OSA vs MOG	68	16	33	5	28	21	27	19	12	31	14	6	2	13	21
MOGI BASQUETE	2025-12-04, OSA vs MOG	93	22	35	11	22	16	26	30	7	37	29	7	4	14	20
CONTA SIMPLES RIO CLARO	2025-12-04, RCB vs UFC	78	11	26	13	29	17	24	23	8	31	17	8	6	16	21
UNIFACISA	2025-12-04, RCB vs UFC	85	17	37	11	31	18	20	25	18	43	17	8	1	13	25
SESI FRANCA	2025-12-05, FRA vs SJO	104	19	33	16	38	18	25	25	17	42	20	9	0	13	18
MR. MOO SAO JOSE BASKETBALL	2025-12-05, FRA vs SJO	85	21	35	10	23	13	18	23	4	27	22	7	2	14	20
CEISC/UNIAO CORINTHIANS	2025-12-05, UCO vs MIN	71	20	33	8	29	7	13	31	8	39	15	8	1	15	22
KTO MINAS	2025-12-05, UCO vs MIN	74	24	37	5	30	11	23	25	13	38	21	8	2	11	20
CAIXA/BRASILIA	2025-12-06, BRA vs UFC	84	16	33	12	33	16	20	28	9	37	14	8	1	11	20
UNIFACISA	2025-12-06, BRA vs UFC	81	22	38	8	23	13	21	31	7	38	22	4	1	16	21
FLAMENGO	2025-12-06, FLA vs CAX	91	25	36	9	31	14	19	30	8	38	24	16	1	15	17
CAXIAS DO SUL BASQUETE	2025-12-06, FLA vs CAX	66	22	38	2	24	16	17	27	9	36	12	7	1	22	19
PATO BASQUETE	2025-12-06, PAT vs CAP	67	19	39	6	23	11	17	25	12	37	10	9	0	14	23
PAULISTANO	2025-12-06, PAT vs CAP	59	17	35	3	20	16	25	24	12	36	2	5	4	17	16
CONTA SIMPLES RIO CLARO	2025-12-06, RCB vs FOR	98	19	41	17	28	9	15	23	11	34	23	6	5	14	20
FORTALEZA BASQUETE CEARENSE	2025-12-06, RCB vs FOR	95	27	42	7	25	20	24	24	10	34	17	6	3	12	17
BOTAFOGO	2025-12-08, BOT vs CAX	75	20	41	9	24	8	15	21	12	33	21	8	2	11	18
CAXIAS DO SUL BASQUETE	2025-12-08, BOT vs CAX	80	16	30	13	30	9	13	27	13	40	19	5	2	18	17
CONTA SIMPLES RIO CLARO	2025-12-09, RCB vs PAT	101	28	46	6	30	27	32	28	13	41	20	7	2	14	22
PATO BASQUETE	2025-12-09, RCB vs PAT	11	3	5	0	4	5	6	3	3	6	0	1	0	0	3
FORTALEZA BASQUETE CEARENSE	2025-12-09, FOR vs OSA	89	30	57	2	16	23	30	27	14	41	23	13	1	10	15
BASKET OSASCO	2025-12-09, FOR vs OSA	82	18	27	11	34	13	19	28	3	31	24	5	1	16	23
BAURU BASKET	2025-12-10, BAU vs COR	94	22	42	13	33	11	14	22	16	38	25	5	0	13	20
CORINTHIANS	2025-12-10, BAU vs COR	84	18	29	11	29	15	19	23	8	31	17	8	3	21	16
PINHEIROS	2025-12-10, PIN vs MOG	84	15	26	14	36	12	16	31	13	44	16	5	1	16	23
MOGI BASQUETE	2025-12-10, PIN vs MOG	69	10	26	10	30	19	27	21	9	30	16	7	2	13	19
PAULISTANO	2025-12-11, CAP vs VAS	65	17	27	6	26	13	18	28	9	37	18	4	3	24	22
VASCO DA GAMA	2025-12-11, CAP vs VAS	69	18	32	7	26	12	21	22	8	30	18	7	1	15	20
BAURU BASKET	2025-12-12, BAU vs MOG	62	13	29	9	33	9	12	35	12	47	13	4	2	13	17
MOGI BASQUETE	2025-12-12, BAU vs MOG	58	13	32	9	38	5	11	29	17	46	15	8	1	9	17
MR. MOO SAO JOSE BASKETBALL	2025-12-12, SJO vs RCB	95	20	33	15	29	10	12	32	8	40	26	7	0	13	14
CONTA SIMPLES RIO CLARO	2025-12-12, SJO vs RCB	64	19	46	6	27	8	10	19	16	35	13	5	4	11	13
UNIFACISA	2025-12-12, UFC vs OSA	89	18	31	13	28	14	19	26	9	35	21	6	4	15	19
BASKET OSASCO	2025-12-12, UFC vs OSA	70	17	39	8	21	12	13	22	8	30	14	10	0	13	22
CORINTHIANS	2025-12-12, COR vs BRA	79	17	35	12	28	9	11	27	11	38	17	6	1	14	21
CAIXA/BRASILIA	2025-12-12, COR vs BRA	66	14	26	9	27	11	19	23	6	29	16	6	3	16	14
PINHEIROS	2025-12-13, PIN vs VAS	84	19	33	11	35	13	18	27	11	38	28	6	3	7	18
VASCO DA GAMA	2025-12-13, PIN vs VAS	70	10	27	14	29	8	15	31	7	38	23	3	2	18	15
BOTAFOGO	2025-12-13, BOT vs UCO	61	18	35	3	24	16	26	25	11	36	14	7	1	13	18
CEISC/UNIAO CORINTHIANS	2025-12-13, BOT vs UCO	84	23	41	8	26	14	19	29	11	40	23	7	2	14	20
FORTALEZA BASQUETE CEARENSE	2025-12-15, FOR vs CAP	77	20	45	7	25	16	21	26	12	38	16	4	3	14	17
PAULISTANO	2025-12-15, FOR vs CAP	100	31	51	8	34	14	22	34	20	54	21	9	2	11	19
PATO BASQUETE	2025-12-15, PAT vs BAU	61	12	25	7	28	16	20	30	12	42	9	3	2	18	15
BAURU BASKET	2025-12-15, PAT vs BAU	69	16	37	8	29	13	18	24	13	37	17	7	2	7	19
CORINTHIANS	2025-12-15, COR vs RCB	67	16	31	9	23	8	15	37	7	44	22	8	2	20	20
CONTA SIMPLES RIO CLARO	2025-12-15, COR vs RCB	57	11	39	6	25	17	22	24	13	37	12	10	4	13	17
MR. MOO SAO JOSE BASKETBALL	2025-12-16, SJO vs CAX	61	15	28	7	33	10	12	34	11	45	16	5	4	18	15
CAXIAS DO SUL BASQUETE	2025-12-16, SJO vs CAX	74	18	42	10	26	8	15	26	11	37	13	8	0	9	17
UNIFACISA	2025-12-16, UFC vs PIN	79	24	42	8	21	7	9	29	6	35	22	6	3	12	18
PINHEIROS	2025-12-16, UFC vs PIN	89	15	36	15	34	14	16	26	12	38	17	6	3	12	14
MOGI BASQUETE	2025-12-16, MOG vs BRA	57	11	25	8	33	11	20	21	12	33	14	9	4	10	21
CAIXA/BRASILIA	2025-12-16, MOG vs BRA	68	20	37	3	23	19	24	30	17	47	16	1	0	11	17
VASCO DA GAMA	2025-12-16, VAS vs UCO	78	15	30	13	34	9	15	24	6	30	20	7	2	8	16
CEISC/UNIAO CORINTHIANS	2025-12-16, VAS vs UCO	85	17	30	14	31	9	14	32	7	39	23	3	3	10	15
BASKET OSASCO	2025-12-17, OSA vs COR	80	23	42	8	30	10	13	21	16	37	14	11	1	17	16
CORINTHIANS	2025-12-17, OSA vs COR	81	20	34	10	32	11	15	25	18	43	25	7	2	24	18
UNIFACISA	2025-12-18, UFC vs CAP	82	20	38	12	27	6	8	28	7	35	23	5	3	12	16
PAULISTANO	2025-12-18, UFC vs CAP	70	20	44	6	24	12	16	28	12	40	12	8	3	14	13
KTO MINAS	2025-12-18, MIN vs BOT	95	27	44	8	22	17	27	28	10	38	24	10	3	14	22
BOTAFOGO	2025-12-18, MIN vs BOT	88	20	38	11	31	15	22	25	12	37	18	5	4	15	22
FORTALEZA BASQUETE CEARENSE	2025-12-18, FOR vs PIN	61	15	34	8	34	7	8	31	6	37	20	4	0	14	10
PINHEIROS	2025-12-18, FOR vs PIN	108	14	18	26	67	2	3	38	14	52	26	10	1	8	10
PATO BASQUETE	2025-12-18, PAT vs FRA	71	16	34	10	27	9	12	18	8	26	9	3	2	15	22
SESI FRANCA	2025-12-18, PAT vs FRA	93	26	34	8	25	17	30	29	12	41	23	9	4	12	16
VASCO DA GAMA	2025-12-18, VAS vs CAX	80	26	44	6	26	10	15	24	12	36	20	7	3	16	20
CAXIAS DO SUL BASQUETE	2025-12-18, VAS vs CAX	11	2	6	2	3	1	2	4	3	7	2	0	0	1	3
MR. MOO SAO JOSE BASKETBALL	2025-12-19, SJO vs MOG	79	21	35	8	21	13	19	32	5	37	17	8	4	16	22
MOGI BASQUETE	2025-12-19, SJO vs MOG	61	11	33	9	32	12	21	22	15	37	13	9	3	16	22
SESI FRANCA	2025-12-20, FRA vs BAU	85	17	28	6	25	33	36	34	8	42	15	8	1	19	17
BAURU BASKET	2025-12-20, FRA vs BAU	68	24	46	5	27	5	5	23	10	33	13	11	0	15	26
PATO BASQUETE	2025-12-20, PAT vs OSA	82	19	33	11	31	11	16	25	11	36	21	5	1	9	19
BASKET OSASCO	2025-12-20, PAT vs OSA	67	22	36	5	17	8	14	25	4	29	20	3	1	15	18
CAXIAS DO SUL BASQUETE	2025-12-21, CAX vs UFC	89	15	37	11	26	26	31	20	18	38	17	6	0	12	20
UNIFACISA	2025-12-21, CAX vs UFC	80	19	36	11	24	9	13	18	13	31	25	5	3	16	24
CRUZEIRO BASQUETE	2025-12-21, CRU vs FLA	80	18	38	7	20	23	26	30	6	36	16	4	2	11	29
FLAMENGO	2025-12-21, CRU vs FLA	93	15	31	14	37	21	31	26	15	41	17	5	2	9	20
KTO MINAS	2025-12-21, MIN vs VAS	71	18	30	7	22	14	17	24	5	29	18	11	4	20	21
VASCO DA GAMA	2025-12-21, MIN vs VAS	59	14	31	6	20	13	22	22	8	30	19	10	2	26	17
PINHEIROS	2025-12-21, PIN vs COR	109	31	48	13	27	8	10	29	13	42	26	7	4	11	14
CORINTHIANS	2025-12-21, PIN vs COR	80	23	47	7	22	13	17	19	13	32	23	7	1	13	12
CEISC/UNIAO CORINTHIANS	2025-12-21, UCO vs FOR	95	22	36	14	28	9	14	29	6	35	22	9	2	9	14
FORTALEZA BASQUETE CEARENSE	2025-12-21, UCO vs FOR	62	12	35	11	26	5	14	22	12	34	12	5	0	18	17
BAURU BASKET	2025-12-22, BAU vs RCB	84	29	46	2	22	20	29	27	9	36	23	11	0	9	23
CONTA SIMPLES RIO CLARO	2025-12-22, BAU vs RCB	68	18	34	4	24	20	25	33	9	42	17	4	2	21	24
KTO MINAS	2025-12-23, MIN vs FLA	85	15	29	12	30	19	28	34	11	45	15	3	6	12	15
FLAMENGO	2025-12-23, MIN vs FLA	87	21	41	13	30	6	11	22	7	29	16	9	0	5	24
SESI FRANCA	2025-12-23, FRA vs MOG	85	20	38	12	29	9	17	31	9	40	19	8	1	9	14
MOGI BASQUETE	2025-12-23, FRA vs MOG	61	11	28	10	36	9	10	28	13	41	10	4	1	16	16
PAULISTANO	2025-12-23, CAP vs COR	86	19	41	11	31	15	19	28	8	36	13	9	2	7	18
CORINTHIANS	2025-12-23, CAP vs COR	81	28	45	5	19	10	14	34	5	39	21	4	2	14	18
CAXIAS DO SUL BASQUETE	2025-12-23, CAX vs FOR	68	17	33	7	28	13	17	31	7	38	18	12	0	10	18
FORTALEZA BASQUETE CEARENSE	2025-12-23, CAX vs FOR	52	16	49	4	21	8	11	33	19	52	6	5	3	17	14
CEISC/UNIAO CORINTHIANS	2025-12-23, UCO vs UFC	85	18	39	11	31	16	18	28	12	40	23	7	1	7	23
UNIFACISA	2025-12-23, UCO vs UFC	78	16	28	9	28	19	34	29	9	38	14	4	3	11	20
CRUZEIRO BASQUETE	2025-12-23, CRU vs VAS	79	17	29	10	29	15	20	31	4	35	22	4	3	11	17
VASCO DA GAMA	2025-12-23, CRU vs VAS	75	13	31	12	32	13	17	28	10	38	20	5	1	13	19
PINHEIROS	2025-12-23, PIN vs SJO	98	17	31	16	39	16	22	30	13	43	20	11	2	16	20
MR. MOO SAO JOSE BASKETBALL	2025-12-23, PIN vs SJO	83	18	34	9	30	20	27	23	9	32	23	7	4	15	19
CAIXA/BRASILIA	2025-12-23, BRA vs PAT	84	19	28	10	31	16	23	29	9	38	15	8	1	16	19
PATO BASQUETE	2025-12-23, BRA vs PAT	69	14	27	9	31	14	18	22	7	29	17	8	2	19	24
CORINTHIANS	2025-12-27, COR vs CAX	100	25	42	14	29	8	13	33	15	48	26	3	5	9	14
CAXIAS DO SUL BASQUETE	2025-12-27, COR vs CAX	60	18	40	6	24	6	11	19	9	28	16	6	1	8	16
FORTALEZA BASQUETE CEARENSE	2025-12-27, FOR vs MIN	81	25	45	4	22	19	27	25	9	34	9	8	1	13	21
KTO MINAS	2025-12-27, FOR vs MIN	99	19	35	13	33	22	28	30	13	43	19	5	3	13	24
SESI FRANCA	2025-12-27, FRA vs BRA	92	28	42	7	26	15	22	34	11	45	15	9	0	14	18
CAIXA/BRASILIA	2025-12-27, FRA vs BRA	84	17	30	14	39	8	11	26	6	32	18	10	0	13	21
PAULISTANO	2025-12-27, CAP vs MOG	81	23	50	8	25	11	14	30	14	44	7	8	2	12	15
MOGI BASQUETE	2025-12-27, CAP vs MOG	66	11	28	12	36	8	12	32	10	42	15	6	3	18	17
PINHEIROS	2025-12-27, PIN vs BOT	77	23	37	6	25	13	19	33	10	43	21	8	2	12	17
BOTAFOGO	2025-12-27, PIN vs BOT	64	15	44	8	28	10	11	26	16	42	13	5	3	13	18
MR. MOO SAO JOSE BASKETBALL	2025-12-27, SJO vs UCO	89	19	38	11	32	18	21	23	12	35	18	11	2	10	20
CEISC/UNIAO CORINTHIANS	2025-12-27, SJO vs UCO	87	19	38	11	23	16	21	29	8	37	16	6	2	16	19
VASCO DA GAMA	2025-12-27, VAS vs FLA	80	19	30	8	28	18	30	22	9	31	20	5	3	13	18
FLAMENGO	2025-12-27, VAS vs FLA	102	15	25	18	40	18	19	27	10	37	26	7	0	11	24
UNIFACISA	2025-12-27, UFC vs CRU	85	24	41	5	20	22	26	25	9	34	22	12	2	13	25
CRUZEIRO BASQUETE	2025-12-27, UFC vs CRU	77	23	44	5	21	16	26	23	17	40	19	5	0	15	23
SESI FRANCA	2025-12-29, FRA vs RCB	82	19	41	10	20	14	18	26	9	35	18	8	1	16	13
CONTA SIMPLES RIO CLARO	2025-12-29, FRA vs RCB	74	17	44	9	19	13	16	23	12	35	17	9	3	18	22
FORTALEZA BASQUETE CEARENSE	2025-12-29, FOR vs CRU	78	12	33	13	30	15	19	29	7	36	18	9	2	15	22
CRUZEIRO BASQUETE	2025-12-29, FOR vs CRU	86	18	40	10	23	20	27	31	11	42	16	6	3	15	18
BAURU BASKET	2025-12-29, BAU vs BRA	66	19	37	5	27	13	24	24	12	36	14	14	2	14	20
CAIXA/BRASILIA	2025-12-29, BAU vs BRA	71	11	21	11	29	16	22	31	6	37	15	8	2	23	22
BASKET OSASCO	2025-12-29, OSA vs SJO	73	18	44	9	29	10	15	25	17	42	12	4	7	11	13
MR. MOO SAO JOSE BASKETBALL	2025-12-29, OSA vs SJO	92	21	38	13	33	11	16	30	12	42	23	7	2	9	17
UNIFACISA	2025-12-29, ISA vs KTO	102	29	54	8	29	20	26	31	16	47	23	6	6	11	22
KTO MINAS	2025-12-29, ISA vs KTO	11	4	6	0	4	3	3	3	1	4	2	0	1	0	3
MOGI BASQUETE	2025-12-29, MOG vs CAX	71	16	29	11	35	6	12	26	14	40	15	7	4	12	21
CAXIAS DO SUL BASQUETE	2025-12-29, MOG vs CAX	56	14	28	4	19	16	24	24	5	29	10	6	1	16	19
FLAMENGO	2025-12-29, FLA vs BOT	104	21	32	16	39	14	22	28	11	39	24	10	1	10	20
BOTAFOGO	2025-12-29, FLA vs BOT	71	19	37	7	21	12	18	26	8	34	14	3	4	22	24
CORINTHIANS	2025-12-29, COR vs UCO	88	20	33	13	35	9	13	32	8	40	26	6	5	15	19
CEISC/UNIAO CORINTHIANS	2025-12-29, COR vs UCO	76	20	44	7	22	15	20	28	9	37	17	9	1	13	18
UNIFACISA	2026-01-08, UFC vs FLA	89	14	34	14	30	19	25	30	11	41	20	8	4	17	17
FLAMENGO	2026-01-08, UFC vs FLA	88	19	35	14	32	8	14	27	7	34	13	8	3	14	19
SESI FRANCA	2026-01-08, FRA vs OSA	104	22	39	14	30	18	25	32	7	39	19	9	1	9	22
BASKET OSASCO	2026-01-08, FRA vs OSA	74	16	34	8	28	18	22	28	8	36	14	4	0	17	19
CORINTHIANS	2026-01-08, COR vs MIN	74	14	38	10	33	16	20	29	18	47	18	4	4	14	14
KTO MINAS	2026-01-08, COR vs MIN	92	23	50	12	37	10	16	31	23	54	24	9	5	7	18
MR. MOO SAO JOSE BASKETBALL	2026-01-09, SJO vs CAP	88	27	52	7	17	13	17	29	9	38	18	10	3	9	19
PAULISTANO	2026-01-09, SJO vs CAP	81	15	33	10	30	21	28	27	12	39	9	6	3	16	20
CONTA SIMPLES RIO CLARO	2026-01-09, RCB vs BRA	60	17	40	5	31	11	14	32	16	48	9	5	2	17	26
CAIXA/BRASILIA	2026-01-09, RCB vs BRA	78	15	31	8	30	24	34	32	11	43	16	11	5	12	18
FORTALEZA BASQUETE CEARENSE	2026-01-10, FOR vs FLA	81	19	45	9	28	16	20	27	12	39	15	7	0	12	14
FLAMENGO	2026-01-10, FOR vs FLA	88	27	38	8	26	10	18	33	6	39	16	9	2	17	16
CORINTHIANS	2026-01-10, COR vs CRU	95	24	44	9	22	20	28	31	8	39	24	6	1	12	18
CRUZEIRO BASQUETE	2026-01-10, COR vs CRU	83	20	39	8	28	19	20	28	6	34	22	7	1	12	24
SESI FRANCA	2026-01-10, FRA vs PIN	95	18	36	11	37	26	31	31	17	48	13	9	6	12	22
PINHEIROS	2026-01-10, FRA vs PIN	81	15	36	12	37	15	15	27	13	40	8	2	2	17	27
MOGI BASQUETE	2026-01-10, MOG vs MIN	90	18	38	13	31	15	23	26	17	43	16	9	2	11	24
KTO MINAS	2026-01-10, MOG vs MIN	76	18	36	5	27	25	29	24	16	40	11	6	3	14	22
BAURU BASKET	2026-01-10, BAU vs OSA	94	27	42	8	30	16	19	24	13	37	29	15	1	14	20
BASKET OSASCO	2026-01-10, BAU vs OSA	86	21	37	11	22	11	16	24	5	29	24	7	4	22	18
UNIFACISA	2026-01-10, UFC vs VAS	78	19	37	9	26	13	20	37	11	48	22	3	5	15	23
VASCO DA GAMA	2026-01-10, UFC vs VAS	75	18	43	7	31	18	25	27	16	43	16	8	3	8	18
BAURU BASKET	2026-01-12, BAU vs PIN	101	25	44	10	24	21	27	21	10	31	21	12	2	13	28
PINHEIROS	2026-01-12, BAU vs PIN	94	14	25	13	28	27	34	26	7	33	27	5	3	19	27
FORTALEZA BASQUETE CEARENSE	2026-01-13, FOR vs VAS	73	18	38	7	19	16	22	34	13	47	12	3	5	23	25
VASCO DA GAMA	2026-01-13, FOR vs VAS	78	21	44	7	23	15	27	22	8	30	20	14	3	9	24
UNIFACISA	2026-01-13, UFC vs BOT	77	21	37	5	22	20	25	26	13	39	19	3	0	9	24
BOTAFOGO	2026-01-13, UFC vs BOT	68	19	31	7	29	9	18	22	10	32	18	6	4	8	25
FLAMENGO	2026-01-14, FLA vs COR	94	33	47	7	24	7	7	24	10	34	27	11	0	17	17
CORINTHIANS	2026-01-14, FLA vs COR	88	24	40	9	22	13	19	21	8	29	15	12	2	19	17
FORTALEZA BASQUETE CEARENSE	2026-01-16, FOR vs BOT	86	24	40	7	18	17	28	19	7	26	19	14	5	16	22
BOTAFOGO	2026-01-16, FOR vs BOT	82	24	40	7	19	13	26	26	14	40	11	8	3	24	25
BASKET OSASCO	2026-01-16, OSA vs BRA	64	18	35	5	27	13	19	27	13	40	14	5	3	20	15
CAIXA/BRASILIA	2026-01-16, OSA vs BRA	96	15	32	16	35	18	21	29	10	39	26	11	2	10	19
PINHEIROS	2026-01-17, PIN vs RCB	93	22	34	9	22	22	28	28	6	34	24	10	1	13	18
CONTA SIMPLES RIO CLARO	2026-01-17, PIN vs RCB	65	19	36	6	28	9	16	19	14	33	12	7	2	19	25
CEISC/UNIAO CORINTHIANS	2026-01-19, UCO vs FRA	98	30	40	7	25	17	23	22	10	32	22	7	7	11	27
SESI FRANCA	2026-01-19, UCO vs FRA	95	27	43	5	24	26	32	20	15	35	17	8	1	12	23
MR. MOO SAO JOSE BASKETBALL	2026-01-19, SJO vs MIN	91	24	42	8	27	19	30	23	13	36	19	7	3	10	20
KTO MINAS	2026-01-19, SJO vs MIN	95	23	40	12	28	13	17	33	13	46	21	5	5	16	26
CAXIAS DO SUL BASQUETE	2026-01-19, CAX vs BAU	73	16	29	6	22	23	34	26	8	34	20	5	0	11	21
BAURU BASKET	2026-01-19, CAX vs BAU	74	13	30	10	27	18	27	24	11	35	19	3	0	11	30
PAULISTANO	2026-01-19, CAP vs BRA	83	22	39	7	29	18	27	35	13	48	13	9	1	15	18
CAIXA/BRASILIA	2026-01-19, CAP vs BRA	11	1	3	2	2	3	4	3	0	3	2	0	1	1	2
CRUZEIRO BASQUETE	2026-01-19, CRU vs PAT	89	15	33	13	26	20	27	19	15	34	25	8	0	17	21
PATO BASQUETE	2026-01-19, CRU vs PAT	81	24	32	6	23	15	22	20	7	27	21	7	8	18	25
FORTALEZA BASQUETE CEARENSE	2026-01-20, FOR vs UFC	66	15	33	8	34	12	17	22	14	36	19	13	0	19	22
UNIFACISA	2026-01-20, FOR vs UFC	71	22	33	5	27	12	18	32	13	45	19	9	1	25	19
BASKET OSASCO	2026-01-20, OSA vs RCB	75	14	38	13	30	8	11	28	5	33	20	8	2	12	17
CONTA SIMPLES RIO CLARO	2026-01-20, OSA vs RCB	77	24	48	8	21	5	8	36	10	46	16	7	6	16	20
VASCO DA GAMA	2026-01-20, VAS vs MOG	60	19	44	4	25	10	16	29	10	39	18	11	5	13	18
MOGI BASQUETE	2026-01-20, VAS vs MOG	67	15	31	9	35	10	15	40	13	53	14	7	3	19	22
KTO MINAS	2026-01-21, MIN vs PAT	75	24	42	6	24	9	15	29	12	41	21	10	5	20	17
PATO BASQUETE	2026-01-21, MIN vs PAT	67	16	38	8	24	11	17	28	10	38	10	11	6	20	18
CEISC/UNIAO CORINTHIANS	2026-01-21, UCO vs BAU	103	26	48	7	18	30	37	35	12	47	17	5	0	18	26
BAURU BASKET	2026-01-21, UCO vs BAU	17	1	2	1	2	12	16	6	2	8	1	0	0	1	3
CAXIAS DO SUL BASQUETE	2026-01-21, CAX vs FRA	66	18	33	8	21	6	8	20	5	25	19	6	1	20	21
SESI FRANCA	2026-01-21, CAX vs FRA	93	25	36	8	20	19	21	25	4	29	23	13	1	11	13
BOTAFOGO	2026-01-21, BOT vs SJO	89	20	39	10	23	19	26	27	8	35	18	10	0	8	16
MR. MOO SAO JOSE BASKETBALL	2026-01-21, BOT vs SJO	80	18	37	11	31	11	16	28	14	42	17	3	4	14	20
PINHEIROS	2026-01-21, PIN vs BRA	70	17	34	8	29	12	16	30	19	49	17	9	5	17	18
CAIXA/BRASILIA	2026-01-21, PIN vs BRA	64	9	27	12	42	10	15	20	19	39	18	9	2	12	18
FLAMENGO	2026-01-22, FLA vs MOG	81	13	23	14	31	13	16	28	5	33	14	10	0	19	16
MOGI BASQUETE	2026-01-22, FLA vs MOG	75	18	33	9	29	12	17	22	10	32	16	9	2	17	18
PATO BASQUETE	2026-02-02, PAT vs VAS	75	19	30	7	28	16	19	22	9	31	10	11	2	13	26
VASCO DA GAMA	2026-02-02, PAT vs VAS	84	17	27	10	27	20	24	25	6	31	10	5	0	17	17
SESI FRANCA	2026-02-03, FRA vs CAP	89	15	30	12	27	23	28	23	9	32	18	3	1	16	17
PAULISTANO	2026-02-03, FRA vs CAP	91	25	38	9	28	14	22	21	10	31	13	12	1	7	22
CONTA SIMPLES RIO CLARO	2026-02-03, RCB vs CAX	79	25	41	4	21	17	28	30	14	44	15	5	4	12	26
CAXIAS DO SUL BASQUETE	2026-02-03, RCB vs CAX	73	18	35	5	25	22	38	22	16	38	16	6	1	13	24
CAIXA/BRASILIA	2026-02-03, BRA vs UCO	89	13	29	14	35	21	26	27	20	47	16	9	3	16	17
CEISC/UNIAO CORINTHIANS	2026-02-03, BRA vs UCO	64	21	46	5	26	7	8	18	18	36	9	9	4	15	20
MR. MOO SAO JOSE BASKETBALL	2026-02-04, SJO vs FOR	97	20	35	11	30	24	31	30	11	41	27	9	5	15	19
FORTALEZA BASQUETE CEARENSE	2026-02-04, SJO vs FOR	82	20	47	8	33	18	24	26	24	50	16	12	2	13	23
BASKET OSASCO	2026-02-04, OSA vs PIN	73	18	39	8	36	13	20	27	16	43	17	10	6	13	22
PINHEIROS	2026-02-04, OSA vs PIN	95	21	36	12	36	17	26	35	17	52	25	7	1	16	18
PATO BASQUETE	2026-02-04, PAT vs FLA	84	22	43	9	27	13	23	35	19	54	18	11	4	17	21
FLAMENGO	2026-02-04, PAT vs FLA	53	8	23	8	36	13	22	25	11	36	9	11	3	19	20
CONTA SIMPLES RIO CLARO	2026-02-05, RCB vs UCO	82	24	47	4	22	22	30	28	17	45	11	4	3	10	26
CEISC/UNIAO CORINTHIANS	2026-02-05, RCB vs UCO	77	25	42	3	22	18	30	28	10	38	18	8	4	10	23
BOTAFOGO	2026-02-05, BOT vs MOG	70	24	43	4	23	10	15	24	11	35	9	8	1	10	21
MOGI BASQUETE	2026-02-05, BOT vs MOG	69	11	22	12	39	11	14	30	12	42	15	4	3	16	20
BAURU BASKET	2026-02-06, BAU vs CRU	80	18	28	10	33	14	23	30	9	39	17	5	2	15	23
CRUZEIRO BASQUETE	2026-02-06, BAU vs CRU	77	21	43	7	22	14	20	28	9	37	12	7	0	11	19
MR. MOO SAO JOSE BASKETBALL	2026-02-06, SJO vs UFC	87	20	33	9	32	20	26	27	8	35	15	6	1	11	24
UNIFACISA	2026-02-06, SJO vs UFC	78	21	40	6	21	18	23	29	8	37	18	5	1	16	25
CAIXA/BRASILIA	2026-02-07, BRA vs VAS	84	18	31	9	28	21	23	35	10	45	20	7	3	16	18
VASCO DA GAMA	2026-02-07, BRA vs VAS	61	14	24	8	32	9	17	21	3	24	15	11	1	13	22
CORINTHIANS	2026-02-09, COR vs UFC	81	20	36	10	36	11	15	32	14	46	24	2	3	11	17
UNIFACISA	2026-02-09, COR vs UFC	75	18	43	9	29	12	14	31	14	45	21	8	0	10	19
MOGI BASQUETE	2026-02-09, MOG vs FOR	88	18	34	13	44	13	21	19	18	37	20	9	3	5	25
FORTALEZA BASQUETE CEARENSE	2026-02-09, MOG vs FOR	76	18	37	6	20	22	23	30	13	43	12	1	3	19	20
CAXIAS DO SUL BASQUETE	2026-02-11, CAX vs PIN	62	13	31	9	22	9	15	24	6	30	13	9	2	18	22
PINHEIROS	2026-02-11, CAX vs PIN	69	20	32	5	29	14	18	26	13	39	17	5	4	12	18
CEISC/UNIAO CORINTHIANS	2026-02-11, UCO vs CAP	63	19	43	6	25	7	13	26	21	47	14	4	2	14	17
PAULISTANO	2026-02-11, UCO vs CAP	74	17	33	10	28	10	14	24	8	32	18	9	2	10	18
VASCO DA GAMA	2026-02-11, VAS vs SJO	72	20	32	7	28	11	14	28	10	38	17	6	2	20	18
MR. MOO SAO JOSE BASKETBALL	2026-02-11, VAS vs SJO	74	21	35	5	25	17	20	24	6	30	20	10	1	14	19
PATO BASQUETE	2026-02-12, PAT vs BOT	93	15	28	16	37	15	23	32	12	44	18	8	5	16	23
BOTAFOGO	2026-02-12, PAT vs BOT	67	15	32	5	26	22	34	23	13	36	10	12	2	16	18
SESI FRANCA	2026-02-12, FRA vs MIN	100	26	39	9	27	21	25	26	8	34	26	16	3	16	20
KTO MINAS	2026-02-12, FRA vs MIN	82	18	35	8	28	22	27	22	13	35	16	10	2	22	21
CAXIAS DO SUL BASQUETE	2026-02-13, CAX vs CAP	80	18	29	11	31	11	12	26	8	34	21	7	2	12	20
PAULISTANO	2026-02-13, CAX vs CAP	73	17	34	9	27	12	17	22	10	32	15	8	0	11	13
CEISC/UNIAO CORINTHIANS	2026-02-13, UCO vs PIN	77	17	29	6	21	25	31	37	6	43	18	4	6	22	24
PINHEIROS	2026-02-13, UCO vs PIN	70	15	37	7	43	19	28	22	25	47	13	14	2	11	29
FLAMENGO	2026-02-13, FLA vs SJO	79	16	36	12	30	11	18	27	12	39	15	11	4	13	24
MR. MOO SAO JOSE BASKETBALL	2026-02-13, FLA vs SJO	70	16	37	6	24	20	26	27	13	40	10	4	1	16	20
CONTA SIMPLES RIO CLARO	2026-02-16, RCB vs FLA	93	16	35	14	32	19	25	28	11	39	12	6	5	16	30
FLAMENGO	2026-02-16, RCB vs FLA	15	1	2	3	5	4	4	4	1	5	2	1	2	1	1
VASCO DA GAMA	2026-02-16, VAS vs BAU	70	16	32	9	24	11	12	28	6	34	17	7	2	24	17
BAURU BASKET	2026-02-16, VAS vs BAU	90	23	35	11	35	11	21	24	12	36	24	9	1	13	19
MOGI BASQUETE	2026-02-16, MOG vs CRU	69	18	40	6	29	15	19	31	14	45	10	4	3	10	18
CRUZEIRO BASQUETE	2026-02-16, MOG vs CRU	70	14	33	9	28	15	16	32	6	38	16	3	2	11	18
KTO MINAS	2026-02-17, MIN vs BRA	92	24	40	11	33	11	17	26	17	43	23	6	4	14	23
CAIXA/BRASILIA	2026-02-17, MIN vs BRA	91	22	33	12	34	11	18	25	8	33	18	10	4	9	20
BOTAFOGO	2026-02-17, BOT vs FRA	66	20	38	7	32	5	8	20	5	25	17	7	1	9	21
SESI FRANCA	2026-02-17, BOT vs FRA	88	23	37	8	30	18	24	40	15	55	22	4	1	14	14
FORTALEZA BASQUETE CEARENSE	2026-02-18, FOR vs PAT	64	19	44	6	26	8	11	26	18	44	15	13	3	14	12
PATO BASQUETE	2026-02-18, FOR vs PAT	59	16	38	7	28	6	9	30	17	47	11	7	1	16	17
CORINTHIANS	2026-02-18, COR vs MOG	82	20	34	9	26	15	19	35	4	39	19	6	6	11	20
MOGI BASQUETE	2026-02-18, COR vs MOG	75	18	40	9	32	12	22	27	16	43	17	4	2	10	16
KTO MINAS	2026-02-19, MIN vs RCB	98	30	50	6	27	20	34	28	19	47	19	12	1	14	25
CONTA SIMPLES RIO CLARO	2026-02-19, MIN vs RCB	13	4	8	0	1	5	7	5	2	7	2	2	0	1	3
FLAMENGO	2026-02-19, FLA vs FRA	91	15	28	16	42	13	15	23	14	37	18	9	0	8	24
SESI FRANCA	2026-02-19, FLA vs FRA	89	18	27	11	27	20	27	27	6	33	21	5	3	10	17
BOTAFOGO	2026-02-19, BOT vs BAU	81	20	36	9	24	14	21	22	7	29	20	7	3	18	21
BAURU BASKET	2026-02-19, BOT vs BAU	87	14	32	14	27	17	25	27	8	35	22	9	2	16	22
CRUZEIRO BASQUETE	2026-02-19, CRU vs BRA	87	23	34	10	24	11	16	23	1	24	20	9	4	13	23
CAIXA/BRASILIA	2026-02-19, CRU vs BRA	93	20	36	13	25	14	22	24	9	33	18	7	1	13	18
PINHEIROS	2026-02-19, PIN vs CAP	80	22	40	9	29	9	10	33	12	45	20	4	4	10	20
PAULISTANO	2026-02-19, PIN vs CAP	68	15	42	9	28	11	18	25	15	40	14	5	1	8	21
MR. MOO SAO JOSE BASKETBALL	2026-02-20, SJO vs COR	95	25	46	10	32	15	19	18	10	28	19	13	1	5	23
CORINTHIANS	2026-02-20, SJO vs COR	103	17	27	16	36	21	25	34	12	46	25	2	2	20	23
CEISC/UNIAO CORINTHIANS	2026-02-20, UCO vs OSA	83	22	39	8	21	15	19	29	5	34	24	4	3	12	16
BASKET OSASCO	2026-02-20, UCO vs OSA	79	22	46	9	31	8	14	29	18	47	19	8	0	12	19
FLAMENGO	2026-02-21, FLA vs BAU	79	22	37	7	28	14	22	26	10	36	17	9	0	13	26
BAURU BASKET	2026-02-21, FLA vs BAU	92	16	28	11	28	27	33	27	6	33	24	6	0	14	24
CRUZEIRO BASQUETE	2026-02-21, CRU vs RCB	95	24	37	11	17	14	26	21	7	28	22	8	0	17	23
CONTA SIMPLES RIO CLARO	2026-02-21, CRU vs RCB	79	19	33	6	22	23	29	16	11	27	15	12	3	16	21
UNIFACISA	2026-02-21, UFC vs PAT	82	19	34	11	37	11	13	35	12	47	24	10	0	14	19
PATO BASQUETE	2026-02-21, UFC vs PAT	67	14	30	11	36	6	17	29	11	40	16	7	2	17	15
VASCO DA GAMA	2026-02-22, VAS vs FRA	80	19	38	11	31	9	16	24	11	35	21	5	0	10	21
SESI FRANCA	2026-02-22, VAS vs FRA	85	19	29	8	32	23	26	33	9	42	25	6	1	11	15
CAXIAS DO SUL BASQUETE	2026-02-22, CAX vs OSA	83	19	32	12	29	9	12	24	8	32	25	11	1	18	22
BASKET OSASCO	2026-02-22, CAX vs OSA	66	18	37	6	21	12	21	22	14	36	16	12	3	22	17
MOGI BASQUETE	2026-02-22, MOG vs SJO	78	15	28	9	39	21	22	35	15	50	17	9	2	15	21
MR. MOO SAO JOSE BASKETBALL	2026-02-22, MOG vs SJO	68	17	35	6	26	16	22	27	6	33	15	12	4	12	20
CONTA SIMPLES RIO CLARO	2026-03-04, RCB vs BOT	82	15	28	10	34	22	27	26	13	39	16	5	0	15	24
BOTAFOGO	2026-03-04, RCB vs BOT	83	18	35	10	26	17	24	25	9	34	17	4	4	13	27
BAURU BASKET	2026-03-05, BAU vs FOR	107	29	39	13	27	10	11	30	8	38	39	7	0	15	22
FORTALEZA BASQUETE CEARENSE	2026-03-05, BAU vs FOR	70	19	41	5	21	17	26	16	9	25	16	10	4	13	15
CAXIAS DO SUL BASQUETE	2026-03-05, CAX vs UCO	80	18	31	9	25	17	27	21	7	28	12	6	2	11	20
CEISC/UNIAO CORINTHIANS	2026-03-05, CAX vs UCO	90	19	28	10	25	22	26	25	5	30	21	7	2	12	24
MR. MOO SAO JOSE BASKETBALL	2026-03-05, SJO vs OSA	98	32	45	6	23	16	23	31	5	36	30	11	2	14	18
BASKET OSASCO	2026-03-05, SJO vs OSA	81	19	38	10	29	13	19	25	8	33	17	5	1	18	21
MOGI BASQUETE	2026-03-05, MOG vs PIN	73	14	28	10	34	15	22	24	15	39	16	4	2	12	18
PINHEIROS	2026-03-05, MOG vs PIN	80	19	32	10	37	12	14	26	15	41	10	7	2	10	22
PAULISTANO	2026-03-06, CAP vs UFC	109	22	42	17	38	14	17	28	14	42	12	7	4	13	25
UNIFACISA	2026-03-06, CAP vs UFC	19	5	7	3	3	0	0	1	2	3	5	1	1	0	3
CAIXA/BRASILIA	2026-03-06, BRA vs BOT	79	11	27	12	36	21	27	36	14	50	18	4	5	16	21
BOTAFOGO	2026-03-06, BRA vs BOT	73	19	43	6	31	17	19	26	14	40	13	7	2	9	20
BASKET OSASCO	2026-03-07, OSA vs CRU	84	21	52	8	31	18	25	28	20	48	15	7	1	9	22
CRUZEIRO BASQUETE	2026-03-07, OSA vs CRU	92	21	45	10	22	20	23	38	7	45	25	6	3	13	19
PATO BASQUETE	2026-03-07, PAT vs COR	79	21	40	9	40	10	18	29	23	52	17	6	2	11	28
CORINTHIANS	2026-03-07, PAT vs COR	89	18	32	8	28	29	35	31	7	38	21	5	7	7	23
PINHEIROS	2026-03-07, PIN vs FOR	83	23	39	6	25	19	24	21	12	33	16	11	1	11	23
FORTALEZA BASQUETE CEARENSE	2026-03-07, PIN vs FOR	77	18	29	7	24	20	29	26	11	37	11	7	5	22	25
CEISC/UNIAO CORINTHIANS	2026-03-09, UCO vs VAS	77	21	49	8	24	11	14	33	17	50	23	5	3	15	15
VASCO DA GAMA	2026-03-09, UCO vs VAS	66	15	39	8	30	12	16	30	14	44	17	8	9	15	18
CAXIAS DO SUL BASQUETE	2026-03-09, CAX vs MOG	67	10	29	8	27	23	27	26	10	36	14	6	0	14	23
MOGI BASQUETE	2026-03-09, CAX vs MOG	72	13	28	11	27	13	23	31	9	40	15	8	2	16	24
UNIFACISA	2026-03-10, UFC vs RCB	82	18	33	11	30	13	17	25	12	37	20	4	1	11	20
CONTA SIMPLES RIO CLARO	2026-03-10, UFC vs RCB	77	20	39	7	20	16	20	24	6	30	18	6	5	10	19
PAULISTANO	2026-03-10, CAP vs CRU	88	27	39	6	35	16	20	19	14	33	18	7	1	7	20
CRUZEIRO BASQUETE	2026-03-10, CAP vs CRU	89	20	31	12	23	13	21	28	6	34	16	1	2	17	20
CAXIAS DO SUL BASQUETE	2026-03-11, CAX vs VAS	71	16	33	9	30	12	18	26	10	36	23	10	1	16	19
VASCO DA GAMA	2026-03-11, CAX vs VAS	69	19	37	6	18	13	20	32	7	39	18	6	3	19	20
FORTALEZA BASQUETE CEARENSE	2026-03-11, FOR vs BRA	49	9	31	6	27	13	21	20	10	30	11	6	0	17	16
CAIXA/BRASILIA	2026-03-11, FOR vs BRA	81	21	31	10	32	9	13	36	10	46	18	9	3	14	17
MR. MOO SAO JOSE BASKETBALL	2026-03-11, SJO vs BAU	71	15	37	10	31	11	16	31	12	43	12	5	2	19	19
BAURU BASKET	2026-03-11, SJO vs BAU	96	24	45	13	25	9	16	34	5	39	30	11	5	9	21
BOTAFOGO	2026-03-12, BOT vs OSA	85	24	43	8	23	13	23	32	12	44	18	7	2	15	15
BASKET OSASCO	2026-03-12, BOT vs OSA	79	22	38	9	32	8	13	25	9	34	19	7	5	13	19
PINHEIROS	2026-03-12, PIN vs CRU	101	24	40	12	31	17	22	24	14	38	17	9	3	14	21
CRUZEIRO BASQUETE	2026-03-12, PIN vs CRU	79	18	34	10	25	13	20	23	9	32	15	7	1	20	21
PATO BASQUETE	2026-03-13, PAT vs MOG	72	14	33	12	41	8	11	26	22	48	15	7	3	13	24
MOGI BASQUETE	2026-03-13, PAT vs MOG	80	15	31	12	35	14	25	27	19	46	16	7	2	13	21
CORINTHIANS	2026-03-13, COR vs BAU	104	23	32	12	30	22	25	34	7	41	24	6	2	15	21
BAURU BASKET	2026-03-13, COR vs BAU	81	13	31	11	35	22	29	21	11	32	24	11	0	12	27
VASCO DA GAMA	2026-03-14, VAS vs OSA	88	24	41	8	32	16	24	26	14	40	19	12	1	15	22
BASKET OSASCO	2026-03-14, VAS vs OSA	86	19	38	9	27	21	24	31	11	42	17	8	1	19	23
UNIFACISA	2026-03-14, ISA vs CAI	64	21	39	5	25	7	15	30	8	38	16	8	3	14	16
CAIXA/BRASILIA	2026-03-14, ISA vs CAI	59	20	42	4	24	7	9	34	11	45	15	6	3	17	16
BOTAFOGO	2026-03-16, BOT vs PIN	62	17	30	5	27	13	22	21	9	30	18	9	0	15	19
PINHEIROS	2026-03-16, BOT vs PIN	93	18	26	15	36	12	15	28	9	37	26	9	1	14	16
PAULISTANO	2026-03-17, CAP vs RCB	100	15	38	17	33	19	24	21	10	31	18	9	1	9	23
CONTA SIMPLES RIO CLARO	2026-03-17, CAP vs RCB	87	21	37	6	22	27	32	28	14	42	18	5	3	18	21
BASKET OSASCO	2026-03-17, OSA vs FOR	90	22	48	7	32	25	33	33	25	58	15	9	5	16	20
FORTALEZA BASQUETE CEARENSE	2026-03-17, OSA vs FOR	14	1	5	3	6	3	8	6	6	12	2	0	0	2	1
CRUZEIRO BASQUETE	2026-03-17, CRU vs CAX	76	19	38	8	26	14	16	20	13	33	17	7	2	14	17
CAXIAS DO SUL BASQUETE	2026-03-17, CRU vs CAX	85	23	37	9	23	12	16	24	8	32	19	10	2	12	19
KTO MINAS	2026-03-17, MIN vs UCO	92	21	36	10	27	20	31	26	10	36	23	8	2	12	20
CEISC/UNIAO CORINTHIANS	2026-03-17, MIN vs UCO	82	23	42	8	26	12	22	24	14	38	18	5	0	16	22
PATO BASQUETE	2026-03-18, PAT vs SJO	72	13	33	10	33	16	18	27	13	40	16	9	0	18	18
MR. MOO SAO JOSE BASKETBALL	2026-03-18, PAT vs SJO	81	13	25	13	37	16	20	32	10	42	15	11	5	17	15
FLAMENGO	2026-03-19, FLA vs PIN	80	12	36	11	30	23	27	29	19	48	18	3	4	12	21
PINHEIROS	2026-03-19, FLA vs PIN	75	17	40	9	28	14	20	27	15	42	16	7	7	9	24
SESI FRANCA	2026-03-19, FRA vs UFC	114	19	32	18	35	22	31	21	9	30	32	11	1	5	12
UNIFACISA	2026-03-19, FRA vs UFC	95	28	47	9	25	12	15	24	15	39	15	3	3	13	23
PAULISTANO	2026-03-19, CAP vs FOR	91	27	41	7	26	16	18	30	6	36	13	9	4	10	19
FORTALEZA BASQUETE CEARENSE	2026-03-19, CAP vs FOR	77	24	44	6	22	11	19	28	10	38	17	5	2	15	18
CRUZEIRO BASQUETE	2026-03-19, CRU vs UCO	66	18	43	6	27	12	14	34	12	46	13	3	1	13	17
CEISC/UNIAO CORINTHIANS	2026-03-19, CRU vs UCO	67	24	51	3	22	10	16	34	13	47	13	3	0	9	15
CONTA SIMPLES RIO CLARO	2026-03-20, RCB vs MOG	77	16	37	11	35	12	22	24	17	41	12	5	0	11	20
MOGI BASQUETE	2026-03-20, RCB vs MOG	83	13	31	13	33	18	22	32	15	47	14	3	4	14	20
CAIXA/BRASILIA	2026-03-20, BRA vs COR	89	22	45	10	33	15	19	24	17	41	23	9	0	10	20
CORINTHIANS	2026-03-20, BRA vs COR	74	14	26	10	31	16	19	28	9	37	16	4	2	21	18
VASCO DA GAMA	2026-03-21, VAS vs PIN	63	17	39	7	29	8	12	25	10	35	16	5	3	13	19
PINHEIROS	2026-03-21, VAS vs PIN	81	22	38	10	28	7	12	35	11	46	20	7	3	15	15
BAURU BASKET	2026-03-21, BAU vs UFC	96	25	42	9	22	19	24	27	6	33	23	11	0	15	21
UNIFACISA	2026-03-21, BAU vs UFC	84	25	44	7	26	13	17	26	12	38	18	8	3	17	17
CAXIAS DO SUL BASQUETE	2026-03-22, CAX vs BOT	67	11	26	10	28	15	16	26	3	29	25	3	1	11	14
BOTAFOGO	2026-03-22, CAX vs BOT	68	21	41	5	23	11	13	31	11	42	17	7	2	12	14
SESI FRANCA	2026-03-22, FRA vs FOR	116	21	32	18	34	20	24	31	8	39	23	10	3	12	23
FORTALEZA BASQUETE CEARENSE	2026-03-22, FRA vs FOR	71	19	53	4	16	21	31	20	19	39	13	9	1	17	23
BASKET OSASCO	2026-03-22, OSA vs MIN	66	13	32	11	40	7	10	28	12	40	18	10	2	13	16
KTO MINAS	2026-03-22, OSA vs MIN	78	16	37	13	30	7	9	35	10	45	17	9	1	14	16
CONTA SIMPLES RIO CLARO	2026-03-23, RCB vs SJO	76	23	44	4	31	18	26	26	17	43	18	7	3	10	27
MR. MOO SAO JOSE BASKETBALL	2026-03-23, RCB vs SJO	82	23	43	6	19	18	23	33	8	41	14	4	3	12	24
FLAMENGO	2026-03-23, FLA vs CAP	84	13	29	13	31	19	22	25	9	34	19	6	0	12	21
PAULISTANO	2026-03-23, FLA vs CAP	79	20	33	8	26	15	19	25	8	33	8	3	2	13	20
CAIXA/BRASILIA	2026-03-23, BRA vs MOG	72	18	30	9	35	9	21	36	6	42	17	2	2	14	19
MOGI BASQUETE	2026-03-23, BRA vs MOG	10	1	2	2	5	2	4	5	0	5	2	0	0	0	2
CEISC/UNIAO CORINTHIANS	2026-03-24, UCO vs BOT	71	21	40	6	26	11	17	24	13	37	16	7	4	14	16
BOTAFOGO	2026-03-24, UCO vs BOT	78	27	48	5	15	9	15	29	9	38	24	8	1	12	13
BAURU BASKET	2026-03-24, BAU vs PAT	94	18	35	10	25	28	31	31	9	40	20	8	0	14	19
PATO BASQUETE	2026-03-24, BAU vs PAT	70	19	34	7	35	11	19	24	15	39	14	7	1	18	28
CORINTHIANS	2026-03-24, COR vs FRA	93	17	32	15	37	14	18	24	13	37	19	6	5	12	20
SESI FRANCA	2026-03-24, COR vs FRA	96	16	30	14	34	22	23	25	11	36	22	6	4	11	19
CAIXA/BRASILIA	2026-03-25, BRA vs FLA	89	18	39	13	25	14	18	27	13	40	18	7	4	16	21
FLAMENGO	2026-03-25, BRA vs FLA	87	11	23	17	41	14	16	21	10	31	20	9	1	15	23
CEISC/UNIAO CORINTHIANS	2026-03-31, UCO vs FLA	96	20	34	14	28	14	23	25	8	33	23	8	4	11	17
FLAMENGO	2026-03-31, UCO vs FLA	91	20	33	13	33	12	19	24	9	33	23	5	1	13	21
KTO MINAS	2026-04-01, MIN vs CRU	101	25	46	13	29	12	15	34	11	45	22	9	4	7	21
CRUZEIRO BASQUETE	2026-04-01, MIN vs CRU	88	25	46	8	25	14	25	28	10	38	22	5	1	11	16
MR. MOO SAO JOSE BASKETBALL	2026-04-01, SJO vs FRA	91	22	39	10	29	17	24	30	10	40	19	5	2	17	23
SESI FRANCA	2026-04-01, SJO vs FRA	93	20	47	12	30	17	20	32	14	46	18	9	1	11	21
VASCO DA GAMA	2026-04-01, VAS vs CAP	69	19	37	5	23	16	22	19	8	27	20	7	2	15	22
PAULISTANO	2026-04-01, VAS vs CAP	96	27	40	8	22	18	23	30	9	39	18	5	2	14	21
PINHEIROS	2026-04-01, PIN vs UFC	83	13	25	13	34	18	31	23	14	37	19	6	2	13	26
UNIFACISA	2026-04-01, PIN vs UFC	81	19	41	9	21	16	25	25	14	39	17	8	1	13	25
CAXIAS DO SUL BASQUETE	2026-04-02, CAX vs FLA	76	22	40	7	26	11	16	24	19	43	17	5	4	13	15
FLAMENGO	2026-04-02, CAX vs FLA	74	14	32	12	29	10	11	21	9	30	18	6	1	11	18
PATO BASQUETE	2026-04-02, PAT vs BRA	58	16	26	8	40	2	3	33	14	47	13	8	3	22	28
CAIXA/BRASILIA	2026-04-02, PAT vs BRA	67	13	30	9	28	14	30	27	11	38	11	13	0	15	15
BASKET OSASCO	2026-04-03, OSA vs UFC	65	9	24	9	35	20	28	28	9	37	15	8	0	17	22
UNIFACISA	2026-04-03, OSA vs UFC	101	21	39	13	29	20	25	34	9	43	26	11	1	13	21
BOTAFOGO	2026-04-03, BOT vs CAP	72	19	43	8	24	10	17	24	10	34	15	8	2	14	15
PAULISTANO	2026-04-03, BOT vs CAP	86	18	30	12	34	14	17	31	12	43	20	8	4	18	15
MOGI BASQUETE	2026-04-03, MOG vs FRA	75	18	36	10	29	9	9	30	11	41	18	3	1	10	15
SESI FRANCA	2026-04-03, MOG vs FRA	79	19	32	12	37	5	7	25	9	34	16	3	0	5	15
VASCO DA GAMA	2026-04-04, VAS vs MIN	88	21	38	9	30	19	22	23	15	38	20	6	1	17	18
KTO MINAS	2026-04-04, VAS vs MIN	109	28	42	12	35	17	23	23	15	38	33	13	6	7	19
CORINTHIANS	2026-04-04, COR vs PIN	74	15	37	7	24	23	30	34	13	47	17	4	1	14	20
PINHEIROS	2026-04-04, COR vs PIN	69	15	34	9	34	12	17	33	12	45	16	7	3	12	29
FORTALEZA BASQUETE CEARENSE	2026-04-04, FOR vs UCO	94	18	37	14	30	16	23	29	11	40	16	5	2	14	17
CEISC/UNIAO CORINTHIANS	2026-04-04, FOR vs UCO	93	26	46	10	32	11	14	25	14	39	18	5	5	11	17
BAURU BASKET	2026-04-06, BAU vs FRA	87	18	42	12	25	15	21	24	9	33	25	5	1	10	25
SESI FRANCA	2026-04-06, BAU vs FRA	91	19	32	10	35	23	25	29	12	41	22	7	2	10	20
FORTALEZA BASQUETE CEARENSE	2026-04-06, FOR vs CAX	83	20	38	7	19	22	29	22	7	29	17	7	6	17	15
CAXIAS DO SUL BASQUETE	2026-04-06, FOR vs CAX	107	20	35	19	32	10	14	25	8	33	26	13	1	13	25
PATO BASQUETE	2026-04-06, PAT vs RCB	70	15	31	8	36	16	23	31	15	46	15	7	4	18	28
CONTA SIMPLES RIO CLARO	2026-04-06, PAT vs RCB	78	16	41	8	25	22	29	31	12	43	10	7	5	14	25
FLAMENGO	2026-04-06, FLA vs MIN	86	21	42	10	30	14	22	28	8	36	16	4	3	6	31
KTO MINAS	2026-04-06, FLA vs MIN	93	22	39	7	25	28	41	34	13	47	19	4	3	9	24
BOTAFOGO	2026-04-06, BOT vs CRU	80	20	41	11	37	7	15	25	16	41	18	14	3	11	20
CRUZEIRO BASQUETE	2026-04-06, BOT vs CRU	70	15	32	8	26	16	20	36	11	47	16	8	4	22	17
UNIFACISA	2026-04-07, UFC vs UCO	79	26	51	8	27	3	6	26	16	42	14	12	4	8	18
CEISC/UNIAO CORINTHIANS	2026-04-07, UFC vs UCO	68	17	35	7	22	13	17	28	9	37	13	3	5	14	15
CAIXA/BRASILIA	2026-04-07, BRA vs SJO	90	21	41	10	22	18	23	29	6	35	23	11	1	15	23
MR. MOO SAO JOSE BASKETBALL	2026-04-07, BRA vs SJO	78	16	35	10	27	16	26	27	10	37	16	12	0	18	20
CORINTHIANS	2026-04-07, COR vs OSA	111	25	39	18	37	7	8	30	9	39	32	6	3	12	10
BASKET OSASCO	2026-04-07, COR vs OSA	96	20	40	16	34	8	11	24	9	33	22	11	1	10	10
BOTAFOGO	2026-04-09, BOT vs MIN	71	20	30	9	38	4	8	21	7	28	15	5	4	14	15
KTO MINAS	2026-04-09, BOT vs MIN	106	19	33	18	31	14	17	33	8	41	23	6	0	16	16
SESI FRANCA	2026-04-09, FRA vs PAT	100	15	32	20	47	10	12	30	17	47	26	12	2	10	11
PATO BASQUETE	2026-04-09, FRA vs PAT	64	15	34	10	24	4	11	26	5	31	19	6	1	20	15
UNIFACISA	2026-04-09, UFC vs CAX	70	14	26	9	25	15	18	25	6	31	17	2	2	14	15
CAXIAS DO SUL BASQUETE	2026-04-09, UFC vs CAX	80	20	34	10	28	10	15	23	9	32	17	12	2	8	19
CORINTHIANS	2026-04-09, COR vs CAP	80	15	34	13	25	11	15	26	7	33	22	4	3	13	18
PAULISTANO	2026-04-09, COR vs CAP	84	18	44	12	27	12	24	26	18	44	15	9	1	9	19
MR. MOO SAO JOSE BASKETBALL	2026-04-10, SJO vs PIN	76	13	34	9	32	23	36	27	16	43	15	12	3	16	22
PINHEIROS	2026-04-10, SJO vs PIN	75	16	29	12	34	7	19	31	11	42	19	8	3	24	26
VASCO DA GAMA	2026-04-11, VAS vs CRU	72	20	35	8	23	8	13	23	6	29	25	8	0	22	18
CRUZEIRO BASQUETE	2026-04-11, VAS vs CRU	89	22	36	12	28	9	12	24	8	32	18	11	2	16	17
BASKET OSASCO	2026-04-11, OSA vs PAT	77	19	38	7	32	18	24	19	14	33	12	15	1	8	18
PATO BASQUETE	2026-04-11, OSA vs PAT	68	18	28	9	32	5	7	32	12	44	19	3	4	23	22
BOTAFOGO	2026-04-11, BOT vs FLA	89	24	39	7	19	20	25	20	7	27	17	7	1	18	25
FLAMENGO	2026-04-11, BOT vs FLA	102	24	36	11	32	21	26	20	12	32	21	13	2	14	16
CONTA SIMPLES RIO CLARO	2026-04-12, RCB vs FRA	82	15	36	11	31	19	24	25	11	36	9	6	1	9	27
SESI FRANCA	2026-04-12, RCB vs FRA	92	16	33	12	26	24	29	30	10	40	19	4	1	13	24
KTO MINAS	2026-04-12, MIN vs UFC	77	15	42	9	32	20	24	28	20	48	19	5	1	12	22
UNIFACISA	2026-04-12, MIN vs UFC	80	17	40	10	20	16	19	30	6	36	17	4	3	13	24
FLAMENGO	2026-04-14, FLA vs VAS	95	21	34	12	29	17	29	33	12	45	24	5	2	20	22
VASCO DA GAMA	2026-04-14, FLA vs VAS	75	18	31	7	34	18	29	21	11	32	19	12	0	16	25
KTO MINAS	2026-04-14, MIN vs FOR	87	15	30	14	32	15	24	36	13	49	26	10	2	16	20
FORTALEZA BASQUETE CEARENSE	2026-04-14, MIN vs FOR	56	19	40	4	25	6	14	27	9	36	16	8	0	15	19
CRUZEIRO BASQUETE	2026-04-14, CRU vs UFC	91	23	47	11	20	12	22	18	8	26	22	4	0	9	16
UNIFACISA	2026-04-14, CRU vs UFC	101	28	40	11	25	12	15	31	7	38	25	6	2	12	24
CAIXA/BRASILIA	2026-04-14, BRA vs FRA	78	21	43	9	35	9	13	37	13	50	18	12	4	15	22
SESI FRANCA	2026-04-14, BRA vs FRA	6	1	3	1	4	1	3	2	2	4	2	2	0	2	3
CEISC/UNIAO CORINTHIANS	2026-04-15, UCO vs COR	86	26	53	7	25	13	17	29	20	49	18	8	4	14	20
CORINTHIANS	2026-04-15, UCO vs COR	92	13	28	18	45	12	14	27	14	41	23	10	3	14	15
CAXIAS DO SUL BASQUETE	2026-04-15, CAX vs SJO	65	13	30	9	28	12	21	28	10	38	17	10	3	19	24
MR. MOO SAO JOSE BASKETBALL	2026-04-15, CAX vs SJO	68	17	33	6	26	16	21	29	11	40	15	7	4	15	22
MOGI BASQUETE	2026-04-15, MOG vs CAP	84	19	32	13	30	7	8	32	8	40	21	2	3	13	20
PAULISTANO	2026-04-15, MOG vs CAP	70	22	52	6	23	8	13	21	16	37	14	10	0	7	15
CONTA SIMPLES RIO CLARO	2026-04-16, RCB vs BAU	95	22	35	9	26	24	25	35	7	42	17	8	2	16	15
BAURU BASKET	2026-04-16, RCB vs BAU	63	16	39	6	27	13	16	21	10	31	15	4	0	16	23
CRUZEIRO BASQUETE	2026-04-16, CRU vs FOR	86	23	42	8	29	16	20	35	14	49	26	7	4	13	17
FORTALEZA BASQUETE CEARENSE	2026-04-16, CRU vs FOR	77	19	47	7	26	18	25	27	16	43	16	8	3	11	20
PINHEIROS	2026-04-16, PIN vs PAT	88	17	31	14	34	12	17	27	12	39	22	16	1	13	15
PATO BASQUETE	2026-04-16, PIN vs PAT	55	16	36	5	22	8	13	24	13	37	17	8	2	23	19
CAXIAS DO SUL BASQUETE	2026-04-17, CAX vs COR	79	10	25	16	34	11	13	16	8	24	24	4	2	9	20
CORINTHIANS	2026-04-17, CAX vs COR	92	19	31	15	29	9	14	26	12	38	29	4	3	13	17
CEISC/UNIAO CORINTHIANS	2026-04-17, UCO vs SJO	97	24	38	11	31	16	18	33	10	43	24	6	2	13	24
MR. MOO SAO JOSE BASKETBALL	2026-04-17, UCO vs SJO	88	21	39	7	26	25	32	21	9	30	21	10	2	9	18
MOGI BASQUETE	2026-04-17, MOG vs OSA	73	26	49	6	33	3	4	28	20	48	18	6	1	8	11
BASKET OSASCO	2026-04-17, MOG vs OSA	76	17	30	11	31	9	15	30	6	36	15	5	7	9	9
VASCO DA GAMA	2026-04-18, VAS vs BOT	104	18	29	17	42	17	21	28	11	39	32	9	1	13	23
BOTAFOGO	2026-04-18, VAS vs BOT	86	18	43	11	24	17	25	28	11	39	19	6	2	16	21
CAIXA/BRASILIA	2026-04-18, BRA vs BAU	94	23	42	10	33	18	22	27	14	41	22	11	6	7	17
BAURU BASKET	2026-04-18, BRA vs BAU	65	20	42	5	26	10	16	28	18	46	15	3	2	18	22
PAULISTANO	2026-04-18, CAP vs PAT	92	11	28	19	40	13	17	37	11	48	24	7	5	17	14
PATO BASQUETE	2026-04-18, CAP vs PAT	71	22	46	5	29	12	17	29	14	43	16	11	3	11	14
PINHEIROS	2026-04-21, PIN vs RCB	95	26	53	10	24	13	20	22	27	49	14	12	4	17	22
CONTA SIMPLES RIO CLARO	2026-04-21, PIN vs RCB	80	18	37	7	19	23	25	17	9	26	8	11	8	17	23
KTO MINAS	2026-04-21, MIN vs CRU	99	35	57	6	25	11	17	28	13	41	20	6	6	5	22
CRUZEIRO BASQUETE	2026-04-21, MIN vs CRU	94	19	45	11	26	23	27	29	13	42	27	2	4	11	20
PAULISTANO	2026-04-21, CAP vs BAU	80	14	29	12	35	16	23	25	14	39	9	10	3	10	15
BAURU BASKET	2026-04-21, CAP vs BAU	77	20	38	9	29	10	15	28	15	43	20	6	2	14	24
FLAMENGO	2026-04-22, FLA vs UCO	102	30	48	11	29	9	10	31	12	43	23	9	3	13	17
CEISC/UNIAO CORINTHIANS	2026-04-22, FLA vs UCO	72	20	41	7	32	11	16	25	16	41	14	11	4	17	19
SESI FRANCA	2026-04-22, FRA vs BOT	94	22	41	10	33	20	23	34	10	44	20	8	2	5	20
BOTAFOGO	2026-04-22, FRA vs BOT	68	14	33	8	28	16	23	31	8	39	15	2	3	12	21
MR. MOO SAO JOSE BASKETBALL	2026-04-22, SJO vs MOG	70	14	38	10	36	12	14	29	16	45	14	6	3	6	22
MOGI BASQUETE	2026-04-22, SJO vs MOG	75	21	43	5	23	18	25	33	15	48	12	3	2	9	17
UNIFACISA	2026-04-24, UFC vs COR	79	19	44	10	28	11	16	33	13	46	19	8	1	14	19
CORINTHIANS	2026-04-24, UFC vs COR	69	16	35	9	27	10	12	28	4	32	19	11	1	13	17
BAURU BASKET	2026-04-24, BAU vs CAP	80	22	38	7	26	15	24	20	6	26	22	9	1	10	16
PAULISTANO	2026-04-24, BAU vs CAP	95	21	28	14	30	11	18	33	6	39	29	5	3	16	23
CONTA SIMPLES RIO CLARO	2026-04-24, RCB vs PIN	79	18	37	11	25	10	11	20	13	33	16	3	5	15	18
PINHEIROS	2026-04-24, RCB vs PIN	88	20	42	12	27	12	13	19	16	35	19	10	3	9	20
CAXIAS DO SUL BASQUETE	2026-04-25, CAX vs BRA	70	16	27	9	32	11	13	17	7	24	14	7	3	11	20
CAIXA/BRASILIA	2026-04-25, CAX vs BRA	78	18	31	8	25	18	22	27	12	39	13	5	0	15	17
MOGI BASQUETE	2026-04-25, MOG vs SJO	79	16	36	11	37	14	16	37	16	53	14	5	2	10	19
MR. MOO SAO JOSE BASKETBALL	2026-04-25, MOG vs SJO	75	23	49	7	33	8	14	31	20	51	12	4	1	8	21
CEISC/UNIAO CORINTHIANS	2026-04-25, UCO vs FLA	84	21	45	6	19	24	29	25	12	37	20	11	6	10	18
FLAMENGO	2026-04-25, UCO vs FLA	83	13	28	15	32	12	18	28	8	36	26	4	1	16	21
BOTAFOGO	2026-04-25, BOT vs FRA	79	21	41	8	25	13	18	21	7	28	21	13	0	8	16
SESI FRANCA	2026-04-25, BOT vs FRA	89	22	30	11	30	12	14	33	7	40	21	2	0	17	17
CRUZEIRO BASQUETE	2026-04-26, CRU vs MIN	74	13	32	11	35	15	24	27	14	41	18	7	1	21	26
KTO MINAS	2026-04-26, CRU vs MIN	101	27	43	11	32	14	22	32	14	46	22	12	1	14	25
CONTA SIMPLES RIO CLARO	2026-04-26, RCB vs PIN	88	21	45	9	27	19	26	27	13	40	10	6	2	15	31
PINHEIROS	2026-04-26, RCB vs PIN	7	0	3	1	3	4	4	2	0	2	1	0	0	2	1
BAURU BASKET	2026-04-26, BAU vs CAP	88	25	42	9	25	11	15	26	13	39	18	9	2	14	16
PAULISTANO	2026-04-26, BAU vs CAP	75	22	35	8	26	7	11	22	7	29	17	8	1	15	15
MOGI BASQUETE	2026-04-27, MOG vs SJO	81	17	33	8	32	23	30	27	14	41	21	8	5	9	22
MR. MOO SAO JOSE BASKETBALL	2026-04-27, MOG vs SJO	70	16	32	9	32	11	15	26	13	39	17	3	0	17	26
CAXIAS DO SUL BASQUETE	2026-04-27, CAX vs BRA	66	15	35	9	27	9	14	29	8	37	7	6	1	8	18
CAIXA/BRASILIA	2026-04-27, CAX vs BRA	63	16	39	8	29	7	8	33	15	48	15	2	3	15	23
CEISC/UNIAO CORINTHIANS	2026-04-27, UCO vs FLA	77	19	40	8	26	15	24	23	13	36	15	7	2	12	19
FLAMENGO	2026-04-27, UCO vs FLA	90	23	31	11	40	11	13	31	14	45	23	7	2	12	23
BOTAFOGO	2026-04-27, BOT vs FRA	78	19	37	10	25	10	16	24	8	32	22	12	0	16	19
SESI FRANCA	2026-04-27, BOT vs FRA	82	16	24	12	35	14	19	26	9	35	16	10	2	18	16
CORINTHIANS	2026-04-29, COR vs UFC	81	21	36	8	27	15	19	19	13	32	23	12	2	11	19
UNIFACISA	2026-04-29, COR vs UFC	71	18	32	6	27	17	21	22	17	39	8	7	1	18	21
KTO MINAS	2026-04-29, MIN vs CRU	103	25	39	7	26	32	47	33	16	49	20	10	2	15	19
CRUZEIRO BASQUETE	2026-04-29, MIN vs CRU	93	27	53	9	28	12	17	26	15	41	23	8	1	12	32
PAULISTANO	2026-04-29, CAP vs BAU	71	18	36	10	28	5	6	35	13	48	12	6	1	17	14
BAURU BASKET	2026-04-29, CAP vs BAU	62	18	36	6	28	8	13	22	6	28	14	9	2	8	13
FLAMENGO	2026-04-30, FLA vs UCO	104	15	28	20	40	14	20	35	13	48	24	8	1	14	16
CEISC/UNIAO CORINTHIANS	2026-04-30, FLA vs UCO	77	18	37	9	26	14	19	23	4	27	18	10	1	12	19
KTO MINAS	2026-05-04, MIN vs COR	90	20	34	10	40	20	29	31	21	52	15	4	2	13	22
CORINTHIANS	2026-05-04, MIN vs COR	100	24	46	11	31	19	22	24	14	38	21	6	3	6	23
PINHEIROS	2026-05-04, PIN vs CAP	101	18	38	12	33	29	38	30	20	50	15	6	4	14	24
PAULISTANO	2026-05-04, PIN vs CAP	12	2	4	1	5	5	7	6	3	9	2	2	1	0	0
SESI FRANCA	2026-05-05, FRA vs MOG	93	20	34	13	36	14	15	21	14	35	14	5	2	10	19
MOGI BASQUETE	2026-05-05, FRA vs MOG	95	19	31	15	35	12	12	22	9	31	24	5	1	9	19
PAULISTANO	2026-05-07, CAP vs PIN	68	13	38	11	31	9	12	24	15	39	13	9	0	19	21
PINHEIROS	2026-05-07, CAP vs PIN	76	19	33	7	28	17	20	30	13	43	14	12	5	22	20
CORINTHIANS	2026-05-07, COR vs MIN	91	23	42	11	39	12	18	17	21	38	20	8	5	7	20
KTO MINAS	2026-05-07, COR vs MIN	97	20	31	15	34	12	13	27	14	41	25	5	4	15	19
FLAMENGO	2026-05-08, FLA vs BRA	83	20	37	12	33	7	12	28	10	38	17	11	1	16	22
CAIXA/BRASILIA	2026-05-08, FLA vs BRA	66	16	30	8	38	10	16	27	17	44	16	7	2	24	23
MOGI BASQUETE	2026-05-08, MOG vs FRA	65	18	42	7	39	8	11	22	25	47	7	6	1	9	19
SESI FRANCA	2026-05-08, MOG vs FRA	97	14	28	18	39	15	18	31	12	43	25	6	5	8	17
CORINTHIANS	2026-05-09, COR vs MIN	103	17	33	14	31	27	33	24	9	33	22	11	2	8	18
KTO MINAS	2026-05-09, COR vs MIN	97	23	38	10	34	21	22	26	15	41	23	5	3	15	26
PAULISTANO	2026-05-09, CAP vs PIN	74	16	36	10	37	12	16	24	16	40	14	7	2	11	20
PINHEIROS	2026-05-09, CAP vs PIN	84	24	39	8	33	12	20	32	19	51	19	5	3	13	19
MOGI BASQUETE	2026-05-10, MOG vs FRA	70	18	40	6	28	16	20	21	13	34	19	8	1	9	22
SESI FRANCA	2026-05-10, MOG vs FRA	88	17	31	13	31	15	17	33	10	43	15	6	1	15	22
FLAMENGO	2026-05-10, FLA vs BRA	90	18	32	14	41	12	17	22	14	36	18	10	2	14	22
CAIXA/BRASILIA	2026-05-10, FLA vs BRA	98	21	32	13	35	17	25	28	13	41	25	6	3	15	19
KTO MINAS	2026-05-12, MIN vs COR	81	13	33	12	33	19	24	24	15	39	22	10	3	15	22
CORINTHIANS	2026-05-12, MIN vs COR	92	24	39	10	26	14	20	28	10	38	21	11	3	15	25
SESI FRANCA	2026-05-13, FRA vs MOG	90	18	32	10	29	24	26	19	5	24	17	5	1	0	15
MOGI BASQUETE	2026-05-13, FRA vs MOG	102	21	37	18	30	6	9	28	9	37	22	0	2	7	24
CAIXA/BRASILIA	2026-05-13, BRA vs FLA	88	20	33	11	28	15	20	28	14	42	20	1	6	17	19
FLAMENGO	2026-05-13, BRA vs FLA	96	21	35	14	39	12	19	16	14	30	22	5	1	4	23
SESI FRANCA	2026-05-15, FRA vs MOG	78	18	30	8	31	18	26	22	12	34	13	7	0	5	17
MOGI BASQUETE	2026-05-15, FRA vs MOG	77	23	39	7	28	10	11	27	14	41	19	2	1	11	24
CAIXA/BRASILIA	2026-05-15, BRA vs FLA	72	17	37	8	26	14	23	33	6	39	14	3	1	8	20
FLAMENGO	2026-05-15, BRA vs FLA	69	17	38	7	32	14	23	35	15	50	16	2	4	11	26
SESI FRANCA	2026-05-18, FRA vs BRA	76	15	27	11	33	13	18	29	9	38	15	6	2	12	17
CAIXA/BRASILIA	2026-05-18, FRA vs BRA	67	16	31	10	31	5	7	26	6	32	17	5	0	13	22
PINHEIROS	2026-05-18, PIN vs COR	95	17	36	16	39	13	17	28	19	47	19	8	8	9	10
CORINTHIANS	2026-05-18, PIN vs COR	65	18	36	9	25	2	3	26	7	33	20	6	3	16	19
CORINTHIANS	2026-05-20, COR vs PIN	98	16	33	15	29	21	21	26	7	33	21	8	2	7	22
PINHEIROS	2026-05-20, COR vs PIN	84	17	27	12	32	14	19	23	7	30	22	2	2	11	21
CAIXA/BRASILIA	2026-05-21, BRA vs FRA	67	10	23	13	39	8	11	33	12	45	15	8	7	13	15
SESI FRANCA	2026-05-21, BRA vs FRA	50	14	40	6	33	4	5	29	19	48	12	6	3	13	18
CORINTHIANS	2026-05-23, COR vs PIN	81	20	44	5	25	26	30	24	10	34	20	14	4	12	21
PINHEIROS	2026-05-23, COR vs PIN	8	2	7	0	1	4	4	3	0	3	2	2	0	2	2
CAIXA/BRASILIA	2026-05-23, BRA vs FRA	74	21	35	8	24	8	9	22	8	30	20	4	0	17	14
SESI FRANCA	2026-05-23, BRA vs FRA	91	19	31	15	31	8	10	21	4	25	21	8	0	7	17
SESI FRANCA	2026-05-26, FRA vs BRA	69	16	34	6	24	19	29	34	6	40	14	4	2	12	19
CAIXA/BRASILIA	2026-05-26, FRA vs BRA	71	10	33	10	26	21	26	33	6	39	9	7	3	13	26
SESI FRANCA	2026-05-28, FRA vs BRA	68	15	27	9	28	11	14	23	8	31	16	6	5	14	17
CAIXA/BRASILIA	2026-05-28, FRA vs BRA	66	16	32	9	31	7	12	24	13	37	9	5	1	15	17
SESI FRANCA	2026-05-31, FRA vs PIN	82	22	36	7	21	17	20	29	9	38	21	9	3	10	19
PINHEIROS	2026-05-31, FRA vs PIN	73	9	24	15	46	10	14	20	20	40	10	4	0	13	22
PINHEIROS	2026-06-02, PIN vs FRA	75	21	41	8	31	9	15	22	13	35	11	9	1	10	23
SESI FRANCA	2026-06-02, PIN vs FRA	78	22	29	7	27	13	19	31	6	37	20	5	4	17	21
PINHEIROS	2026-06-04, PIN vs FRA	94	17	34	15	30	15	23	14	12	26	17	4	1	10	22
SESI FRANCA	2026-06-04, PIN vs FRA	92	20	30	8	23	28	32	23	8	31	18	7	1	13	23
SESI FRANCA	2026-06-07, FRA vs PIN	85	20	31	8	31	21	24	26	8	34	18	6	4	8	24
PINHEIROS	2026-06-07, FRA vs PIN	76	12	26	11	35	19	24	26	16	42	14	4	0	14	27
