GAME_ID,SEASON,LEAGUE,PLAYER,TEAM,MATCHUP,MIN,PTS,2PM,2PA,3PM,3PA,FTM,FTA,DREB,OREB,REB,AST,STL,BLK,TOV,PF
2006920,2026-27,BBL,JONAS MATTISSECK,ALBA BERLIN,"2026-09-18, BER vs CHE",22,5,1,1,1,5,0,0,2,2,4,4,1,0,0,2
2006920,2026-27,BBL,NORRIS AGBAKOKO,ALBA BERLIN,"2026-09-18, BER vs CHE",22,9,4,7,0,0,1,4,6,2,8,0,2,1,2,4
2006920,2026-27,BBL,MALTE DELOW,ALBA BERLIN,"2026-09-18, BER vs CHE",23,9,3,5,1,5,0,0,2,1,3,0,1,0,3,4
2006920,2026-27,BBL,MARTIN HERMANNSSON,ALBA BERLIN,"2026-09-18, BER vs CHE",16,11,1,3,1,2,6,6,0,1,1,4,1,0,1,3
2006920,2026-27,BBL,JULIUS BOHMER,ALBA BERLIN,"2026-09-18, BER vs CHE",3,0,0,1,0,0,0,0,0,0,0,1,0,0,0,2
2006920,2026-27,BBL,JACK KAYIL,ALBA BERLIN,"2026-09-18, BER vs CHE",16,11,2,2,2,9,1,2,1,1,2,5,0,0,1,4
2006920,2026-27,BBL,SAM GRIESEL,ALBA BERLIN,"2026-09-18, BER vs CHE",16,2,0,0,0,3,2,2,5,1,6,2,0,0,3,2
2006920,2026-27,BBL,JUSTIN BEAN,ALBA BERLIN,"2026-09-18, BER vs CHE",19,12,4,6,0,3,4,4,8,3,11,1,1,1,0,1
2006920,2026-27,BBL,JOE WIESKAMP,ALBA BERLIN,"2026-09-18, BER vs CHE",22,6,1,2,1,4,1,2,2,3,5,2,2,1,5,1
2006920,2026-27,BBL,JORDAN FORD,ALBA BERLIN,"2026-09-18, BER vs CHE",23,14,3,4,2,6,2,2,1,3,4,3,0,0,2,1
2006920,2026-27,BBL,BRANDON ANGEL,ALBA BERLIN,"2026-09-18, BER vs CHE",18,10,5,6,0,1,0,0,2,2,4,3,0,0,1,2
2006920,2026-27,BBL,MATEO SERIC,NINERS CHEMNITZ,"2026-09-18, BER vs CHE",19,4,2,4,0,2,0,0,2,1,3,1,0,0,1,3
2006920,2026-27,BBL,ALEXANDER RICHARDSON,NINERS CHEMNITZ,"2026-09-18, BER vs CHE",4,0,0,0,0,0,0,0,1,0,1,0,0,0,1,2
2006920,2026-27,BBL,PHLANDROUS FLEMING JR.,NINERS CHEMNITZ,"2026-09-18, BER vs CHE",24,10,2,6,0,1,6,6,3,2,5,6,2,0,3,1
2006920,2026-27,BBL,ELIAS RODL,NINERS CHEMNITZ,"2026-09-18, BER vs CHE",8,2,1,2,0,2,0,0,0,1,1,0,0,0,0,1
2006920,2026-27,BBL,JANNIS VON SECKENDORFF,NINERS CHEMNITZ,"2026-09-18, BER vs CHE",14,5,2,3,0,0,1,1,1,2,3,0,1,0,0,1
2006920,2026-27,BBL,STEFAN SMITH,NINERS CHEMNITZ,"2026-09-18, BER vs CHE",32,19,4,5,2,6,5,6,1,1,2,5,2,0,3,3
2006920,2026-27,BBL,COBE WILLIAMS,NINERS CHEMNITZ,"2026-09-18, BER vs CHE",26,18,7,11,0,5,4,4,1,0,1,2,2,0,3,3
2006920,2026-27,BBL,URALD KING,NINERS CHEMNITZ,"2026-09-18, BER vs CHE",20,8,1,2,2,5,0,0,3,1,4,0,1,0,3,5
2006920,2026-27,BBL,BEN BURNHAM,NINERS CHEMNITZ,"2026-09-18, BER vs CHE",33,8,3,7,0,3,2,4,6,1,7,0,1,0,1,0
2006920,2026-27,BBL,NIGHAEL CEASER,NINERS CHEMNITZ,"2026-09-18, BER vs CHE",22,8,3,3,0,0,2,3,3,1,4,1,2,0,2,5
2006921,2026-27,BBL,PATRICK HECKMANN,TELEKOM BASKETS BONN,"2026-09-19, BON vs HAM",20,13,2,3,1,4,6,6,6,1,7,1,1,0,1,2
2006921,2026-27,BBL,LEON KRATZER,TELEKOM BASKETS BONN,"2026-09-19, BON vs HAM",11,0,0,2,0,0,0,0,2,3,5,3,0,1,2,5
2006921,2026-27,BBL,JOEL AMINU,TELEKOM BASKETS BONN,"2026-09-19, BON vs HAM",20,13,1,5,3,5,2,4,1,1,2,2,2,0,0,1
2006921,2026-27,BBL,MICHAEL KESSENS,TELEKOM BASKETS BONN,"2026-09-19, BON vs HAM",14,4,2,2,0,0,0,0,0,0,0,1,0,1,0,3
2006921,2026-27,BBL,MELVIN JOSTMANN,TELEKOM BASKETS BONN,"2026-09-19, BON vs HAM",15,9,4,5,0,0,1,3,1,0,1,1,1,0,0,1
2006921,2026-27,BBL,ALEKSA KOVACEVIC,TELEKOM BASKETS BONN,"2026-09-19, BON vs HAM",16,0,0,3,0,0,0,0,0,1,1,3,0,0,0,2
2006921,2026-27,BBL,JEFF GARRETT JR.,TELEKOM BASKETS BONN,"2026-09-19, BON vs HAM",20,11,5,8,0,6,1,2,5,1,6,3,1,1,1,0
2006921,2026-27,BBL,GRAYSON MURPHY,TELEKOM BASKETS BONN,"2026-09-19, BON vs HAM",16,4,2,2,0,0,0,0,2,1,3,2,0,0,0,1
2006921,2026-27,BBL,KENAN REINHART,TELEKOM BASKETS BONN,"2026-09-19, BON vs HAM",3,2,1,1,0,0,0,0,0,0,0,0,0,0,0,1
2006921,2026-27,BBL,ALIJAH COMITHIER,TELEKOM BASKETS BONN,"2026-09-19, BON vs HAM",22,5,1,5,0,0,3,3,3,0,3,1,0,0,0,2
2006921,2026-27,BBL,MARCUS FOSTER,TELEKOM BASKETS BONN,"2026-09-19, BON vs HAM",18,10,1,2,2,3,2,2,3,0,3,0,0,0,1,1
2006921,2026-27,BBL,JOHN-MICHAEL WRIGHT,TELEKOM BASKETS BONN,"2026-09-19, BON vs HAM",24,25,0,1,7,9,4,4,5,1,6,3,0,0,1,0
2006921,2026-27,BBL,MARTIN BREUNIG,VEOLIA TOWERS HAMBURG,"2026-09-19, BON vs HAM",21,6,2,5,0,1,2,2,2,1,3,3,1,0,1,4
2006921,2026-27,BBL,SID-MARLON THEIS,VEOLIA TOWERS HAMBURG,"2026-09-19, BON vs HAM",7,0,0,1,0,0,0,0,1,1,2,0,0,0,0,2
2006921,2026-27,BBL,KENNETH OGBE,VEOLIA TOWERS HAMBURG,"2026-09-19, BON vs HAM",28,7,2,3,1,3,0,0,2,2,4,1,0,0,1,1
2006921,2026-27,BBL,OSARO RICH IGBINEWEKA,VEOLIA TOWERS HAMBURG,"2026-09-19, BON vs HAM",14,3,0,2,1,2,0,0,2,2,4,0,0,0,0,0
2006921,2026-27,BBL,DAVID MUENKAT,VEOLIA TOWERS HAMBURG,"2026-09-19, BON vs HAM",24,11,4,6,1,7,0,0,6,3,9,0,0,0,2,2
2006921,2026-27,BBL,NOAH THOMASSON,VEOLIA TOWERS HAMBURG,"2026-09-19, BON vs HAM",26,13,1,5,3,7,2,5,1,1,2,3,0,0,3,2
2006921,2026-27,BBL,ZAKAI ZEIGLER,VEOLIA TOWERS HAMBURG,"2026-09-19, BON vs HAM",16,2,1,2,0,2,0,0,1,0,1,3,0,0,3,4
2006921,2026-27,BBL,TREY WADE,VEOLIA TOWERS HAMBURG,"2026-09-19, BON vs HAM",20,9,4,6,0,1,1,2,1,1,2,3,0,0,0,2
2006921,2026-27,BBL,NICOLAS PAVRETTE,VEOLIA TOWERS HAMBURG,"2026-09-19, BON vs HAM",15,5,2,4,0,0,1,2,5,2,7,0,0,0,0,2
2006921,2026-27,BBL,MATHYS KANGUDIA,VEOLIA TOWERS HAMBURG,"2026-09-19, BON vs HAM",28,16,1,3,4,9,2,2,0,0,0,6,1,0,2,4
2006922,2026-27,BBL,DOMINIC LOCKHART,ROSTOCK SEAWOLVES,"2026-09-19, HRO vs HAG",15,9,0,1,3,8,0,0,0,1,1,1,1,0,1,2
2006922,2026-27,BBL,ROBIN AMAIZE,ROSTOCK SEAWOLVES,"2026-09-19, HRO vs HAG",15,7,1,2,1,1,2,2,1,0,1,0,1,0,0,4
2006922,2026-27,BBL,PHILIPP HARTWICH,ROSTOCK SEAWOLVES,"2026-09-19, HRO vs HAG",19,2,1,1,0,0,0,0,1,0,1,3,0,0,1,3
2006922,2026-27,BBL,DEANDRE LANSDOWNE,ROSTOCK SEAWOLVES,"2026-09-19, HRO vs HAG",15,10,2,3,2,4,0,0,2,1,3,0,2,0,3,2
2006922,2026-27,BBL,ELIAS BAGGETTE,ROSTOCK SEAWOLVES,"2026-09-19, HRO vs HAG",6,1,0,1,0,2,1,2,0,0,0,1,0,0,1,0
2006922,2026-27,BBL,TJ CROCKETT JR.,ROSTOCK SEAWOLVES,"2026-09-19, HRO vs HAG",24,15,1,2,4,9,1,2,4,0,4,8,0,0,0,0
2006922,2026-27,BBL,JOHNATHAN STOVE,ROSTOCK SEAWOLVES,"2026-09-19, HRO vs HAG",25,11,2,6,2,6,1,1,6,0,6,2,2,0,2,4
2006922,2026-27,BBL,ZACH COPELAND,ROSTOCK SEAWOLVES,"2026-09-19, HRO vs HAG",19,6,1,1,0,3,4,4,3,0,3,4,2,0,2,1
2006922,2026-27,BBL,ARTUR KONONTSUK,ROSTOCK SEAWOLVES,"2026-09-19, HRO vs HAG",24,21,2,2,5,6,2,2,3,3,6,2,1,0,1,2
2006922,2026-27,BBL,BENT LEUCHTEN,ROSTOCK SEAWOLVES,"2026-09-19, HRO vs HAG",20,14,4,6,0,0,6,7,3,3,6,0,0,0,1,2
2006922,2026-27,BBL,MATTHES TILSEN,ROSTOCK SEAWOLVES,"2026-09-19, HRO vs HAG",1,0,0,0,0,0,0,0,0,0,0,0,0,0,0,0
2006922,2026-27,BBL,TODD WITHERS,ROSTOCK SEAWOLVES,"2026-09-19, HRO vs HAG",17,6,0,0,2,3,0,0,0,0,0,1,0,0,0,3
2006922,2026-27,BBL,FABIAN BLECK,PHOENIX HAGEN,"2026-09-19, HRO vs HAG",19,0,0,3,0,0,0,0,1,1,2,1,1,0,1,3
2006922,2026-27,BBL,MARVIN OMONIGHO OMUVWIE,PHOENIX HAGEN,"2026-09-19, HRO vs HAG",13,4,2,2,0,1,0,0,0,0,0,1,0,0,2,0
2006922,2026-27,BBL,BJARNE KRAUSHAAR,PHOENIX HAGEN,"2026-09-19, HRO vs HAG",23,9,2,5,1,3,2,2,2,1,3,1,1,0,3,3
2006922,2026-27,BBL,TIM UHLEMANN,PHOENIX HAGEN,"2026-09-19, HRO vs HAG",19,8,1,1,1,3,3,3,3,1,4,0,0,0,0,2
2006922,2026-27,BBL,MARCUS GRAVES,PHOENIX HAGEN,"2026-09-19, HRO vs HAG",13,7,2,4,1,1,0,0,2,2,4,1,0,0,0,1
2006922,2026-27,BBL,TRENTON GIBSON,PHOENIX HAGEN,"2026-09-19, HRO vs HAG",28,20,2,5,3,4,7,8,2,0,2,5,1,0,2,2
2006922,2026-27,BBL,CAMERON KRUTWIG,PHOENIX HAGEN,"2026-09-19, HRO vs HAG",26,12,4,7,1,2,1,2,2,2,4,8,0,0,2,2
2006922,2026-27,BBL,ADAM KUNKEL,PHOENIX HAGEN,"2026-09-19, HRO vs HAG",24,18,1,6,5,10,1,2,2,0,2,1,0,0,0,4
2006922,2026-27,BBL,TYLER POLLEY,PHOENIX HAGEN,"2026-09-19, HRO vs HAG",16,9,2,2,0,1,5,5,0,0,0,0,0,0,0,3
2006922,2026-27,BBL,PATRICIO GARINO GULLOTTA,PHOENIX HAGEN,"2026-09-19, HRO vs HAG",18,5,1,1,1,3,0,0,2,1,3,0,2,0,4,3
2006923,2026-27,BBL,FERDINAND ZYLKA,BASKETBALL LOWEN BRAUNSCHWEIG,"2026-09-19, BRA vs TRI",24,12,0,1,3,5,3,5,2,0,2,2,0,0,2,4
2006923,2026-27,BBL,BENJAMIN SCHRODER,BASKETBALL LOWEN BRAUNSCHWEIG,"2026-09-19, BRA vs TRI",27,4,2,2,0,1,0,2,4,1,5,0,0,1,1,1
2006923,2026-27,BBL,CHIP FLANIGAN,BASKETBALL LOWEN BRAUNSCHWEIG,"2026-09-19, BRA vs TRI",28,4,2,2,0,1,0,0,4,2,6,1,0,0,0,4
2006923,2026-27,BBL,ZABA  BANGALA ,BASKETBALL LOWEN BRAUNSCHWEIG,"2026-09-19, BRA vs TRI",18,12,5,7,0,0,2,3,3,1,4,3,2,1,7,4
2006923,2026-27,BBL,TAJH GREEN,BASKETBALL LOWEN BRAUNSCHWEIG,"2026-09-19, BRA vs TRI",15,11,1,4,2,3,3,3,0,1,1,1,0,0,2,4
2006923,2026-27,BBL,FELIPE HAASE THIERS,BASKETBALL LOWEN BRAUNSCHWEIG,"2026-09-19, BRA vs TRI",20,18,2,2,4,4,2,2,3,1,4,3,0,1,0,3
2006923,2026-27,BBL,DEVIN ASKEW,BASKETBALL LOWEN BRAUNSCHWEIG,"2026-09-19, BRA vs TRI",24,25,6,9,3,4,4,4,2,3,5,4,0,0,3,4
2006923,2026-27,BBL,SHELDON EDWARDS,BASKETBALL LOWEN BRAUNSCHWEIG,"2026-09-19, BRA vs TRI",25,19,2,3,5,12,0,0,2,1,3,1,3,0,0,1
2006923,2026-27,BBL,DE'JOUR REAVES,BASKETBALL LOWEN BRAUNSCHWEIG,"2026-09-19, BRA vs TRI",17,11,2,5,2,5,1,1,3,2,5,6,0,0,2,0
2006923,2026-27,BBL,MAIK ZIRBES,VET-CONCEPT GLADIATORS TRIER,"2026-09-19, BRA vs TRI",7,5,1,3,0,0,3,4,2,5,7,0,0,0,1,2
2006923,2026-27,BBL,MARTEN LINssEN,VET-CONCEPT GLADIATORS TRIER,"2026-09-19, BRA vs TRI",14,6,2,6,0,0,2,2,3,2,5,1,0,0,0,3
2006923,2026-27,BBL,MORITZ KRIMMER,VET-CONCEPT GLADIATORS TRIER,"2026-09-19, BRA vs TRI",26,11,1,3,3,8,0,1,0,3,3,1,1,1,0,3
2006923,2026-27,BBL,EVANS RAPIEQUE,VET-CONCEPT GLADIATORS TRIER,"2026-09-19, BRA vs TRI",3,0,0,0,0,0,0,0,1,0,1,0,0,0,0,0
2006923,2026-27,BBL,JUSTIN SIMON,VET-CONCEPT GLADIATORS TRIER,"2026-09-19, BRA vs TRI",23,6,2,3,0,3,2,2,3,4,7,8,4,0,0,1
2006923,2026-27,BBL,JORDAN ROLAND,VET-CONCEPT GLADIATORS TRIER,"2026-09-19, BRA vs TRI",29,26,2,2,5,12,7,7,4,0,4,5,1,0,0,3
2006923,2026-27,BBL,EJIOFOR ONU,VET-CONCEPT GLADIATORS TRIER,"2026-09-19, BRA vs TRI",18,15,6,9,0,0,3,6,2,1,3,1,0,2,1,3
2006923,2026-27,BBL,MARCO HOLLERSBACHER,VET-CONCEPT GLADIATORS TRIER,"2026-09-19, BRA vs TRI",15,7,2,3,1,4,0,0,1,0,1,1,1,0,3,2
2006923,2026-27,BBL,CLAY GUILLOZET,VET-CONCEPT GLADIATORS TRIER,"2026-09-19, BRA vs TRI",12,1,0,1,0,1,1,2,0,0,0,4,1,0,0,1
2006923,2026-27,BBL,ELI BROOKS,VET-CONCEPT GLADIATORS TRIER,"2026-09-19, BRA vs TRI",28,15,2,4,2,4,5,7,2,1,3,7,0,0,2,2
2006923,2026-27,BBL,AUSTIN CROWLEY,VET-CONCEPT GLADIATORS TRIER,"2026-09-19, BRA vs TRI",26,15,5,7,1,4,2,2,0,0,0,1,2,0,3,2
2006926,2026-27,BBL,JOHANNES VOIGTMANN,FC BAYERN MUNCHEN BASKETBALL,"2026-09-20, FCB vs BAM",10,15,4,4,2,3,1,2,4,3,7,3,0,0,0,1
2006926,2026-27,BBL,JOHANNES THIEMANN,FC BAYERN MUNCHEN BASKETBALL,"2026-09-20, FCB vs BAM",17,2,0,3,0,0,2,4,1,1,2,1,0,0,0,0
2006926,2026-27,BBL,ANDREAS OBST,FC BAYERN MUNCHEN BASKETBALL,"2026-09-20, FCB vs BAM",20,13,2,3,2,7,3,3,2,0,2,2,1,0,3,2
2006926,2026-27,BBL,OSCAR DA SILVA,FC BAYERN MUNCHEN BASKETBALL,"2026-09-20, FCB vs BAM",19,10,3,5,1,1,1,1,5,4,9,1,2,0,1,2
2006926,2026-27,BBL,VLADIMIR LUCIC,FC BAYERN MUNCHEN BASKETBALL,"2026-09-20, FCB vs BAM",17,2,1,3,0,2,0,0,4,1,5,3,0,0,0,1
2006926,2026-27,BBL,JUSTUS HOLLATZ,FC BAYERN MUNCHEN BASKETBALL,"2026-09-20, FCB vs BAM",19,7,2,2,1,2,0,0,2,2,4,3,0,1,2,3
2006926,2026-27,BBL,TOBIAS JENSEN,FC BAYERN MUNCHEN BASKETBALL,"2026-09-20, FCB vs BAM",20,3,1,3,0,1,1,2,0,1,1,5,0,0,1,2
2006926,2026-27,BBL,AUSTIN WILEY,FC BAYERN MUNCHEN BASKETBALL,"2026-09-20, FCB vs BAM",14,9,3,5,0,0,3,6,4,2,6,1,0,1,1,2
2006926,2026-27,BBL,KAMAR BALDWIN,FC BAYERN MUNCHEN BASKETBALL,"2026-09-20, FCB vs BAM",12,12,3,5,2,3,0,0,1,0,1,1,1,1,2,0
2006926,2026-27,BBL,JUSTINIAN JESSUP,FC BAYERN MUNCHEN BASKETBALL,"2026-09-20, FCB vs BAM",17,15,4,4,2,6,1,3,1,0,1,2,1,0,2,1
2006926,2026-27,BBL,ROKAS JOKUBAITIS,FC BAYERN MUNCHEN BASKETBALL,"2026-09-20, FCB vs BAM",15,7,3,4,0,3,1,1,1,0,1,3,0,0,0,3
2006926,2026-27,BBL,MILES NORRIS,FC BAYERN MUNCHEN BASKETBALL,"2026-09-20, FCB vs BAM",20,13,5,7,1,3,0,0,1,4,5,1,3,1,0,1
2006926,2026-27,BBL,JONATHAN BAHRE,BMA365 BAMBERG BASKETS,"2026-09-20, FCB vs BAM",15,0,0,0,0,1,0,0,3,0,3,1,0,0,1,0
2006926,2026-27,BBL,DANIEL KEPPELER,BMA365 BAMBERG BASKETS,"2026-09-20, FCB vs BAM",12,2,1,3,0,0,0,0,0,1,1,1,1,1,1,2
2006926,2026-27,BBL,JOSHUA OBIESIE,BMA365 BAMBERG BASKETS,"2026-09-20, FCB vs BAM",19,10,2,3,1,2,3,4,4,3,7,2,0,0,1,2
2006926,2026-27,BBL,JAKOB LANG,BMA365 BAMBERG BASKETS,"2026-09-20, FCB vs BAM",5,2,0,0,0,0,2,2,0,0,0,0,0,0,0,0
2006926,2026-27,BBL,RICHARD BALINT,BMA365 BAMBERG BASKETS,"2026-09-20, FCB vs BAM",20,6,0,1,2,3,0,0,0,0,0,0,0,0,1,4
2006926,2026-27,BBL,YUVAL HOCHSTADTER,BMA365 BAMBERG BASKETS,"2026-09-20, FCB vs BAM",19,6,1,2,0,1,4,6,6,1,7,2,2,0,1,1
2006926,2026-27,BBL,BRENDAN TERRY,BMA365 BAMBERG BASKETS,"2026-09-20, FCB vs BAM",7,0,0,0,0,0,0,0,1,0,1,1,0,0,1,3
2006926,2026-27,BBL,MYLIK WILSON,BMA365 BAMBERG BASKETS,"2026-09-20, FCB vs BAM",19,4,2,5,0,5,0,0,0,1,1,3,1,1,3,2
2006926,2026-27,BBL,JORDAN WRIGHT,BMA365 BAMBERG BASKETS,"2026-09-20, FCB vs BAM",18,16,7,9,0,4,2,3,1,0,1,0,0,0,4,3
2006926,2026-27,BBL,TREVON SCOTT,BMA365 BAMBERG BASKETS,"2026-09-20, FCB vs BAM",25,13,2,4,3,5,0,0,3,1,4,1,4,0,1,2
2006926,2026-27,BBL,JORDAN JONES,BMA365 BAMBERG BASKETS,"2026-09-20, FCB vs BAM",21,3,0,2,1,5,0,0,0,0,0,4,1,0,1,2
2006926,2026-27,BBL,HASON WARD,BMA365 BAMBERG BASKETS,"2026-09-20, FCB vs BAM",20,10,5,9,0,2,0,0,3,3,6,0,1,1,3,1
2006925,2026-27,BBL,MARVIN HECKEL,RATIOPHARM ULM,"2026-09-20, ULM vs LUD",11,3,1,1,0,0,1,1,0,0,0,2,0,0,0,4
2006925,2026-27,BBL,MICHAEL RATAJ,RATIOPHARM ULM,"2026-09-20, ULM vs LUD",34,20,4,10,3,4,3,4,3,3,6,3,2,1,1,3
2006925,2026-27,BBL,IBI WATSON,RATIOPHARM ULM,"2026-09-20, ULM vs LUD",34,14,3,7,1,6,5,6,5,0,5,3,0,0,1,3
2006925,2026-27,BBL,LENNY LIEDTKE,RATIOPHARM ULM,"2026-09-20, ULM vs LUD",1,0,0,0,0,0,0,0,0,0,0,1,0,0,0,1
2006925,2026-27,BBL,NIL FAILENSCHMID CLAVERA,RATIOPHARM ULM,"2026-09-20, ULM vs LUD",1,0,0,0,0,1,0,0,0,0,0,0,0,0,0,0
2006925,2026-27,BBL,MEISSA FAYE,RATIOPHARM ULM,"2026-09-20, ULM vs LUD",21,11,4,4,0,1,3,6,3,1,4,2,1,1,1,3
2006925,2026-27,BBL,OLUWASIMISOLA SHITTU,RATIOPHARM ULM,"2026-09-20, ULM vs LUD",27,15,5,10,0,1,5,6,13,4,17,2,1,0,1,3
2006925,2026-27,BBL,DEVIN SCHMIDT,RATIOPHARM ULM,"2026-09-20, ULM vs LUD",10,2,0,0,0,2,2,2,0,0,0,1,1,0,1,1
2006925,2026-27,BBL,JAYLEN SIMS,RATIOPHARM ULM,"2026-09-20, ULM vs LUD",32,8,2,6,1,5,1,2,2,1,3,4,1,0,1,2
2006925,2026-27,BBL,ADAM ATAMNA,RATIOPHARM ULM,"2026-09-20, ULM vs LUD",10,4,2,2,0,0,0,0,0,2,2,0,0,1,2,1
2006925,2026-27,BBL,ARMEL TRAORE,RATIOPHARM ULM,"2026-09-20, ULM vs LUD",11,9,3,6,1,2,0,0,1,1,2,1,1,0,1,3
2006925,2026-27,BBL,DWAYNE KOROMA,RATIOPHARM ULM,"2026-09-20, ULM vs LUD",6,0,0,1,0,0,0,0,1,1,2,0,0,0,1,1
2006925,2026-27,BBL,YORMAN POLAS BARTOLO,MHP RIESEN LUDWIGSBURG,"2026-09-20, ULM vs LUD",13,6,1,2,1,2,1,1,0,1,1,0,0,0,0,0
2006925,2026-27,BBL,MAXWELL DONGMO TEMOKA,MHP RIESEN LUDWIGSBURG,"2026-09-20, ULM vs LUD",12,2,0,1,0,0,2,2,2,2,4,1,0,1,0,4
2006925,2026-27,BBL,DARIUS PERRY,MHP RIESEN LUDWIGSBURG,"2026-09-20, ULM vs LUD",26,9,0,6,2,9,3,4,4,0,4,3,2,0,8,1
2006925,2026-27,BBL,JULIS BAUMER,MHP RIESEN LUDWIGSBURG,"2026-09-20, ULM vs LUD",6,0,0,1,0,0,0,0,1,0,1,0,0,1,0,1
2006925,2026-27,BBL,ELIJAH HUGHES,MHP RIESEN LUDWIGSBURG,"2026-09-20, ULM vs LUD",29,12,1,2,3,8,1,2,3,2,5,2,0,0,0,1
2006925,2026-27,BBL,PATRICK CARTIER,MHP RIESEN LUDWIGSBURG,"2026-09-20, ULM vs LUD",24,10,0,1,3,5,1,2,5,3,8,1,2,0,0,2
2006925,2026-27,BBL,ISHMAEL LEGGETT,MHP RIESEN LUDWIGSBURG,"2026-09-20, ULM vs LUD",30,13,2,10,2,6,3,5,1,4,5,1,0,0,2,3
2006925,2026-27,BBL,JUSTIN KIER,MHP RIESEN LUDWIGSBURG,"2026-09-20, ULM vs LUD",17,8,1,2,2,6,0,0,0,1,1,6,1,0,0,5
2006925,2026-27,BBL,DAVID JOPLIN,MHP RIESEN LUDWIGSBURG,"2026-09-20, ULM vs LUD",17,6,1,2,1,3,1,2,0,1,1,1,0,0,0,1
2006925,2026-27,BBL,THOMAS RUTHERFORD,MHP RIESEN LUDWIGSBURG,"2026-09-20, ULM vs LUD",28,11,4,6,0,0,3,4,10,4,14,1,0,1,3,4
2006924,2026-27,BBL,MARCEL KEssEN,EWE BASKETS OLDENBURG,"2026-09-20, OLD vs MBC",16,8,3,3,0,1,2,3,4,2,6,0,0,0,2,3
2006924,2026-27,BBL,NICHOLAS TISCHLER,EWE BASKETS OLDENBURG,"2026-09-20, OLD vs MBC",32,17,4,7,2,4,3,4,1,2,3,4,1,0,1,3
2006924,2026-27,BBL,SETH HINRICHS,EWE BASKETS OLDENBURG,"2026-09-20, OLD vs MBC",19,5,0,0,1,1,2,2,1,0,1,0,0,0,0,2
2006924,2026-27,BBL,ZACHARY ENSMINGER,EWE BASKETS OLDENBURG,"2026-09-20, OLD vs MBC",19,7,1,1,1,3,2,4,2,4,6,1,2,0,1,2
2006924,2026-27,BBL,DEMAJEO WIGGINS,EWE BASKETS OLDENBURG,"2026-09-20, OLD vs MBC",24,14,5,8,0,0,4,8,7,3,10,1,1,1,4,2
2006924,2026-27,BBL,TYLAN  POPE,EWE BASKETS OLDENBURG,"2026-09-20, OLD vs MBC",28,13,2,4,2,4,3,3,5,2,7,0,1,3,1,4
2006924,2026-27,BBL,JEREMY ROACH,EWE BASKETS OLDENBURG,"2026-09-20, OLD vs MBC",34,16,7,9,0,4,2,2,1,0,1,11,1,0,3,4
2006924,2026-27,BBL,JAQUALYN GILBREATH,EWE BASKETS OLDENBURG,"2026-09-20, OLD vs MBC",11,3,0,1,1,1,0,0,0,0,0,0,0,0,2,1
2006924,2026-27,BBL,NATE JOHNSON,EWE BASKETS OLDENBURG,"2026-09-20, OLD vs MBC",18,13,3,6,2,2,1,2,1,0,1,1,0,0,1,4
2006924,2026-27,BBL,KOSTJA MUSHIDI,SYNTAINICS MBC,"2026-09-20, OLD vs MBC",25,20,4,4,3,9,3,5,0,0,0,0,0,0,2,1
2006924,2026-27,BBL,KRESIMIR NIKIC,SYNTAINICS MBC,"2026-09-20, OLD vs MBC",5,0,0,1,0,0,0,0,1,0,1,0,0,0,1,3
2006924,2026-27,BBL,VUK RADOJICIC,SYNTAINICS MBC,"2026-09-20, OLD vs MBC",17,7,0,2,2,3,1,2,1,0,1,2,0,0,1,3
2006924,2026-27,BBL,GABRIEL DE OLIVEIRA,SYNTAINICS MBC,"2026-09-20, OLD vs MBC",10,0,0,0,0,0,0,0,0,0,0,0,0,0,0,2
2006924,2026-27,BBL,COLLIN WELP,SYNTAINICS MBC,"2026-09-20, OLD vs MBC",8,0,0,0,0,0,0,0,0,0,0,1,0,0,0,2
2006924,2026-27,BBL,KRIS CLYBURN,SYNTAINICS MBC,"2026-09-20, OLD vs MBC",13,5,1,3,1,1,0,0,0,0,0,0,0,0,1,1
2006924,2026-27,BBL,SEAN FLOOD,SYNTAINICS MBC,"2026-09-20, OLD vs MBC",8,0,0,0,0,0,0,0,0,0,0,0,0,0,0,1
2006924,2026-27,BBL,ANTHONY GAINES,SYNTAINICS MBC,"2026-09-20, OLD vs MBC",25,12,4,10,0,2,4,4,3,3,6,1,2,0,2,3
2006924,2026-27,BBL,JURE PLANINIC,SYNTAINICS MBC,"2026-09-20, OLD vs MBC",31,11,3,9,0,1,5,8,3,5,8,2,0,0,0,3
2006924,2026-27,BBL,DELONNIE HUNT,SYNTAINICS MBC,"2026-09-20, OLD vs MBC",32,12,6,8,0,2,0,2,2,0,2,5,2,0,1,2
2006924,2026-27,BBL,BORISA SIMANIC,SYNTAINICS MBC,"2026-09-20, OLD vs MBC",26,14,1,3,2,5,6,8,3,2,5,0,1,0,1,4
2007028,2026-27,BBL,TIBOR PLEIss,RASTA VECHTA,"2026-09-24, VEC vs BAM",24,4,2,4,0,1,0,0,4,3,7,0,0,0,1,1
2007028,2026-27,BBL,PHILIPP HERKENHOFF,RASTA VECHTA,"2026-09-24, VEC vs BAM",21,5,1,1,1,7,0,0,2,3,5,2,1,0,2,0
2007028,2026-27,BBL,NELSON WEIDEMANN,RASTA VECHTA,"2026-09-24, VEC vs BAM",16,2,1,1,0,1,0,0,0,0,0,2,1,0,8,2
2007028,2026-27,BBL,LARS THIEMANN,RASTA VECHTA,"2026-09-24, VEC vs BAM",15,2,0,0,0,0,2,2,1,0,1,0,0,0,0,2
2007028,2026-27,BBL,TIMO LANMULLER,RASTA VECHTA,"2026-09-24, VEC vs BAM",12,10,2,2,2,3,0,0,1,1,2,0,2,0,1,2
2007028,2026-27,BBL,PETER HEMSCHEMEIER,RASTA VECHTA,"2026-09-24, VEC vs BAM",17,0,0,1,0,3,0,0,0,2,2,1,0,0,3,0
2007028,2026-27,BBL,LINUS TRETTIN,RASTA VECHTA,"2026-09-24, VEC vs BAM",7,0,0,0,0,0,0,0,0,0,0,1,0,0,0,0
2007028,2026-27,BBL,DOMINIK DOLIC,RASTA VECHTA,"2026-09-24, VEC vs BAM",9,4,0,1,1,3,1,2,0,0,0,2,2,0,4,2
2007028,2026-27,BBL,LLOYD PANDI,RASTA VECHTA,"2026-09-24, VEC vs BAM",16,10,2,5,1,1,3,3,2,0,2,1,0,1,3,2
2007028,2026-27,BBL,JUSTIN EDLER-DAVIS,RASTA VECHTA,"2026-09-24, VEC vs BAM",16,10,1,1,2,6,2,2,3,0,3,1,1,1,2,1
2007028,2026-27,BBL,ARMAAN FRANKLIN,RASTA VECHTA,"2026-09-24, VEC vs BAM",26,12,4,7,0,5,4,6,3,2,5,2,1,1,1,1
2007028,2026-27,BBL,MATT LEWIS,RASTA VECHTA,"2026-09-24, VEC vs BAM",22,8,1,6,2,6,0,0,0,0,0,1,1,0,3,3
2007028,2026-27,BBL,JONATHAN BAHRE,BMA365 BAMBERG BASKETS,"2026-09-24, VEC vs BAM",14,3,0,1,1,1,0,0,2,1,3,0,0,0,2,2
2007028,2026-27,BBL,DANIEL KEPPELER,BMA365 BAMBERG BASKETS,"2026-09-24, VEC vs BAM",14,6,2,3,0,1,2,2,1,2,3,0,0,0,0,1
2007028,2026-27,BBL,JOSHUA OBIESIE,BMA365 BAMBERG BASKETS,"2026-09-24, VEC vs BAM",22,15,3,5,2,3,3,4,2,1,3,2,1,1,1,2
2007028,2026-27,BBL,JAKOB LANG,BMA365 BAMBERG BASKETS,"2026-09-24, VEC vs BAM",2,0,0,0,0,0,0,0,0,0,0,0,0,0,0,0
2007028,2026-27,BBL,RICHARD BALINT,BMA365 BAMBERG BASKETS,"2026-09-24, VEC vs BAM",19,10,5,10,0,1,0,0,1,3,4,4,5,0,2,3
2007028,2026-27,BBL,YUVAL HOCHSTADTER,BMA365 BAMBERG BASKETS,"2026-09-24, VEC vs BAM",20,11,2,5,2,3,1,1,2,0,2,2,2,0,1,3
2007028,2026-27,BBL,BRENDAN TERRY,BMA365 BAMBERG BASKETS,"2026-09-24, VEC vs BAM",8,2,1,2,0,1,0,0,2,1,3,0,1,0,1,3
2007028,2026-27,BBL,MYLIK WILSON,BMA365 BAMBERG BASKETS,"2026-09-24, VEC vs BAM",21,14,7,10,0,1,0,0,2,0,2,7,5,1,2,1
2007028,2026-27,BBL,JORDAN WRIGHT,BMA365 BAMBERG BASKETS,"2026-09-24, VEC vs BAM",20,17,6,8,1,2,2,4,4,0,4,0,0,0,3,2
2007028,2026-27,BBL,TREVON SCOTT,BMA365 BAMBERG BASKETS,"2026-09-24, VEC vs BAM",21,13,3,4,2,4,1,1,2,5,7,1,2,0,1,1
2007028,2026-27,BBL,JORDAN JONES,BMA365 BAMBERG BASKETS,"2026-09-24, VEC vs BAM",19,13,5,6,1,3,0,0,0,0,0,5,2,0,1,2
2007028,2026-27,BBL,HASON WARD,BMA365 BAMBERG BASKETS,"2026-09-24, VEC vs BAM",21,4,2,4,0,1,0,0,6,1,7,1,1,3,2,0
2007027,2026-27,BBL,YORMAN POLAS BARTOLO,MHP RIESEN LUDWIGSBURG,"2026-09-24, LUD vs HRO",27,4,2,5,0,1,0,1,4,4,8,2,1,0,1,2
2007027,2026-27,BBL,MAXWELL DONGMO TEMOKA,MHP RIESEN LUDWIGSBURG,"2026-09-24, LUD vs HRO",14,2,1,3,0,0,0,0,1,0,1,0,1,1,0,4
2007027,2026-27,BBL,DARIUS PERRY,MHP RIESEN LUDWIGSBURG,"2026-09-24, LUD vs HRO",4,0,0,0,0,1,0,0,0,0,0,2,0,0,1,1
2007027,2026-27,BBL,JULIS BAUMER,MHP RIESEN LUDWIGSBURG,"2026-09-24, LUD vs HRO",12,0,0,0,0,0,0,0,0,0,0,2,1,0,1,2
2007027,2026-27,BBL,LARS DANZIGER,MHP RIESEN LUDWIGSBURG,"2026-09-24, LUD vs HRO",0,0,0,0,0,0,0,0,0,0,0,0,0,0,0,0
2007027,2026-27,BBL,ELIJAH HUGHES,MHP RIESEN LUDWIGSBURG,"2026-09-24, LUD vs HRO",24,16,1,1,4,9,2,2,4,0,4,0,1,0,1,1
2007027,2026-27,BBL,PATRICK CARTIER,MHP RIESEN LUDWIGSBURG,"2026-09-24, LUD vs HRO",16,5,1,1,1,2,0,0,2,0,2,0,0,1,1,3
2007027,2026-27,BBL,ISHMAEL LEGGETT,MHP RIESEN LUDWIGSBURG,"2026-09-24, LUD vs HRO",31,21,6,12,0,3,9,12,3,4,7,1,1,0,1,3
2007027,2026-27,BBL,JUSTIN KIER,MHP RIESEN LUDWIGSBURG,"2026-09-24, LUD vs HRO",34,20,4,7,1,4,9,12,2,1,3,5,0,0,5,2
2007027,2026-27,BBL,DAVID JOPLIN,MHP RIESEN LUDWIGSBURG,"2026-09-24, LUD vs HRO",12,2,1,2,0,2,0,0,3,2,5,0,1,0,0,2
2007027,2026-27,BBL,THOMAS RUTHERFORD,MHP RIESEN LUDWIGSBURG,"2026-09-24, LUD vs HRO",25,11,4,9,0,0,3,4,5,3,8,1,1,0,0,3
2007027,2026-27,BBL,DOMINIC LOCKHART,ROSTOCK SEAWOLVES,"2026-09-24, LUD vs HRO",18,3,0,0,1,3,0,0,2,1,3,1,2,0,0,1
2007027,2026-27,BBL,ROBIN AMAIZE,ROSTOCK SEAWOLVES,"2026-09-24, LUD vs HRO",21,12,4,5,1,4,1,2,1,0,1,2,0,0,0,2
2007027,2026-27,BBL,PHILIPP HARTWICH,ROSTOCK SEAWOLVES,"2026-09-24, LUD vs HRO",2,0,0,0,0,0,0,0,0,0,0,1,0,0,0,1
2007027,2026-27,BBL,OWEN KLASSEN,ROSTOCK SEAWOLVES,"2026-09-24, LUD vs HRO",17,2,1,2,0,0,0,0,0,1,1,1,0,0,1,5
2007027,2026-27,BBL,DEANDRE LANSDOWNE,ROSTOCK SEAWOLVES,"2026-09-24, LUD vs HRO",18,5,1,4,0,2,3,4,1,0,1,3,1,0,4,4
2007027,2026-27,BBL,TJ CROCKETT JR.,ROSTOCK SEAWOLVES,"2026-09-24, LUD vs HRO",17,8,1,2,1,4,3,4,2,1,3,3,1,0,4,3
2007027,2026-27,BBL,JOHNATHAN STOVE,ROSTOCK SEAWOLVES,"2026-09-24, LUD vs HRO",24,13,3,6,2,5,1,4,3,0,3,1,0,0,2,2
2007027,2026-27,BBL,ZACH COPELAND,ROSTOCK SEAWOLVES,"2026-09-24, LUD vs HRO",24,12,0,3,4,11,0,0,2,1,3,3,1,0,0,3
2007027,2026-27,BBL,ARTUR KONONTSUK,ROSTOCK SEAWOLVES,"2026-09-24, LUD vs HRO",19,8,1,2,2,4,0,0,2,1,3,2,0,0,2,1
2007027,2026-27,BBL,BENT LEUCHTEN,ROSTOCK SEAWOLVES,"2026-09-24, LUD vs HRO",21,5,1,1,0,0,3,4,5,4,9,2,0,1,1,3
2007027,2026-27,BBL,TODD WITHERS,ROSTOCK SEAWOLVES,"2026-09-24, LUD vs HRO",21,10,0,0,3,4,1,4,1,0,1,0,0,1,1,4
2007029,2026-27,BBL,JONAS MATTISSECK,ALBA BERLIN,"2026-09-24, BER vs FRS",23,2,0,0,0,1,2,2,1,0,1,3,0,0,0,4
2007029,2026-27,BBL,NORRIS AGBAKOKO,ALBA BERLIN,"2026-09-24, BER vs FRS",8,5,2,3,0,0,1,2,0,1,1,1,1,0,0,1
2007029,2026-27,BBL,MALTE DELOW,ALBA BERLIN,"2026-09-24, BER vs FRS",17,3,0,0,0,1,3,4,2,1,3,1,0,0,2,2
2007029,2026-27,BBL,MARTIN HERMANNSSON,ALBA BERLIN,"2026-09-24, BER vs FRS",20,10,4,7,0,2,2,2,3,0,3,8,0,0,2,1
2007029,2026-27,BBL,JULIUS BOHMER,ALBA BERLIN,"2026-09-24, BER vs FRS",7,3,0,1,1,2,0,0,1,0,1,0,0,0,2,1
2007029,2026-27,BBL,JACK KAYIL,ALBA BERLIN,"2026-09-24, BER vs FRS",10,0,0,1,0,0,0,0,0,1,1,3,1,0,2,1
2007029,2026-27,BBL,SAM GRIESEL,ALBA BERLIN,"2026-09-24, BER vs FRS",21,8,1,1,1,1,3,4,2,0,2,2,0,1,1,2
2007029,2026-27,BBL,JUSTIN BEAN,ALBA BERLIN,"2026-09-24, BER vs FRS",20,16,3,3,3,6,1,1,0,1,1,2,1,2,2,2
2007029,2026-27,BBL,NEVIO BENNEFELD,ALBA BERLIN,"2026-09-24, BER vs FRS",7,7,2,2,0,0,3,3,0,1,1,0,0,0,1,4
2007029,2026-27,BBL,JOE WIESKAMP,ALBA BERLIN,"2026-09-24, BER vs FRS",24,13,4,4,0,2,5,7,5,0,5,0,0,1,1,2
2007029,2026-27,BBL,JORDAN FORD,ALBA BERLIN,"2026-09-24, BER vs FRS",20,9,3,6,1,3,0,0,2,0,2,3,1,0,0,1
2007029,2026-27,BBL,BRANDON ANGEL,ALBA BERLIN,"2026-09-24, BER vs FRS",23,18,7,10,1,2,1,1,3,4,7,2,0,2,3,1
2007029,2026-27,BBL,TILL PAPE,SKYLINERS,"2026-09-24, BER vs FRS",25,9,3,8,0,0,3,3,1,1,2,0,0,0,1,3
2007029,2026-27,BBL,JACOB KNAUF,SKYLINERS,"2026-09-24, BER vs FRS",3,2,0,0,0,0,2,2,0,1,1,0,0,0,0,1
2007029,2026-27,BBL,THOMAS KLEPEISZ,SKYLINERS,"2026-09-24, BER vs FRS",15,0,0,0,0,2,0,0,0,0,0,1,1,0,0,3
2007029,2026-27,BBL,RADII CAISIN,SKYLINERS,"2026-09-24, BER vs FRS",12,4,2,2,0,0,0,0,0,2,2,1,2,0,4,5
2007029,2026-27,BBL,ROMAN BEDIME,SKYLINERS,"2026-09-24, BER vs FRS",20,6,2,6,0,0,2,2,2,2,4,2,0,1,1,2
2007029,2026-27,BBL,WILLIAM CHRISTMAS,SKYLINERS,"2026-09-24, BER vs FRS",24,6,1,3,0,1,4,4,1,1,2,1,3,0,3,3
2007029,2026-27,BBL,JAMIE EDOKA,SKYLINERS,"2026-09-24, BER vs FRS",4,0,0,0,0,0,0,0,0,0,0,0,0,0,0,0
2007029,2026-27,BBL,ISAIAH SWOPE,SKYLINERS,"2026-09-24, BER vs FRS",21,14,2,4,3,11,1,1,1,0,1,2,0,0,1,0
2007029,2026-27,BBL,NAHIEM ALLEYNE,SKYLINERS,"2026-09-24, BER vs FRS",17,5,2,3,0,2,1,2,2,1,3,3,0,0,0,1
2007029,2026-27,BBL,RACE THOMPSON,SKYLINERS,"2026-09-24, BER vs FRS",19,8,4,7,0,2,0,0,5,3,8,0,3,1,2,2
2007029,2026-27,BBL,JUDAH MINTZ,SKYLINERS,"2026-09-24, BER vs FRS",22,21,6,8,1,2,6,6,1,0,1,2,3,1,1,3
2007029,2026-27,BBL,RYAN ARCIDIACONO,SKYLINERS,"2026-09-24, BER vs FRS",18,8,1,3,2,4,0,0,3,1,4,2,1,0,0,4
