TEAM,CODE,MATCHUP,PTS,2PM,2PA,3PM,3PA,FTM,FTA,DREB,OREB,REB,AST,STL,BLK,TOV,PF
ALBA BERLIN,BER,"2026-09-18, BER vs CHE",89,24,37,8,38,17,22,29,21,50,25,8,3,18,26
NINERS CHEMNITZ,CHE,"2026-09-18, BER vs CHE",82,25,43,4,24,20,24,23,12,35,15,11,0,18,24
TELEKOM BASKETS BONN,BON,"2026-09-19, BON vs HAM",96,19,39,13,27,19,24,29,12,41,20,5,3,6,19
VEOLIA TOWERS HAMBURG,HAM,"2026-09-19, BON vs HAM",72,17,37,10,32,8,13,24,14,38,19,2,0,12,23
ROSTOCK SEAWOLVES,HRO,"2026-09-19, HRO vs HAG",102,14,25,19,42,17,20,25,10,35,22,9,0,13,23
PHOENIX HAGEN,HAG,"2026-09-19, HRO vs HAG",92,17,36,13,28,19,22,24,9,33,18,5,0,14,23
BASKETBALL LOWEN BRAUNSCHWEIG,BRA,"2026-09-19, BRA vs TRI",116,22,35,19,35,15,20,26,12,38,21,5,3,19,26
VET-CONCEPT GLADIATORS TRIER,TRI,"2026-09-19, BRA vs TRI",107,23,41,12,36,25,33,19,19,38,29,10,3,12,22
FC BAYERN MUNCHEN BASKETBALL,FCB,"2026-09-20, FCB vs BAM",108,31,48,11,31,13,22,26,20,46,26,8,4,12,18
BMA365 BAMBERG BASKETS,BAM,"2026-09-20, FCB vs BAM",72,20,38,7,28,11,15,22,11,33,15,10,3,18,23
RATIOPHARM ULM,ULM,"2026-09-20, ULM vs LUD",86,24,47,6,22,20,27,31,13,44,19,7,3,11,25
MHP RIESEN LUDWIGSBURG,LUD,"2026-09-20, ULM vs LUD",77,10,33,14,39,15,22,28,18,46,16,5,3,13,23
EWE BASKETS OLDENBURG,OLD,"2026-09-20, OLD vs MBC",96,25,39,9,20,19,28,24,15,39,18,6,4,15,25
SYNTAINICS MBC,MBC,"2026-09-20, OLD vs MBC",81,19,40,8,23,19,29,14,14,28,11,5,0,9,25
RASTA VECHTA,VEC,"2026-09-24, VEC vs BAM",67,14,29,9,36,12,15,19,17,36,13,9,3,30,16
BMA365 BAMBERG BASKETS,BAM,"2026-09-24, VEC vs BAM",108,36,58,9,21,9,12,25,15,40,22,19,5,16,20
MHP RIESEN LUDWIGSBURG,LUD,"2026-09-24, LUD vs HRO",81,20,40,6,22,23,31,26,15,41,13,7,2,11,23
ROSTOCK SEAWOLVES,HRO,"2026-09-24, LUD vs HRO",78,12,25,14,37,12,22,25,15,40,19,5,2,18,29
ALBA BERLIN,BER,"2026-09-24, BER vs FRS",94,26,38,7,20,21,26,23,11,34,25,4,6,17,22
SKYLINERS,FRS,"2026-09-24, BER vs FRS",83,23,44,6,24,19,20,16,15,31,14,13,3,14,27
VEOLIA TOWERS HAMBURG,HAM,"2026-09-25, HAM vs CHE",94,31,58,7,31,11,13,28,18,46,19,14,4,18,24
NINERS CHEMNITZ,CHE,"2026-09-25, HAM vs CHE",90,29,54,6,29,14,17,33,20,53,17,11,4,25,21
FITNESS FIRST WURZBURG BASKETS,WUE,"2026-09-25, WUE vs OLD",68,15,31,7,21,17,25,31,9,40,19,4,2,14,20
EWE BASKETS OLDENBURG,OLD,"2026-09-25, WUE vs OLD",77,20,44,8,27,13,25,22,17,39,24,8,3,6,23
SYNTAINICS MBC,MBC,"2026-09-25, MBC vs JEN",77,20,37,9,30,10,15,26,15,41,9,10,3,8,17
SCIENCE CITY JENA,JEN,"2026-09-25, MBC vs JEN",62,20,39,4,24,10,11,25,13,38,19,5,2,14,17
PHOENIX HAGEN,HAG,"2026-09-25, HAG vs ULM",78,19,31,10,31,10,16,24,10,34,22,4,1,16,18
RATIOPHARM ULM,ULM,"2026-09-25, HAG vs ULM",93,30,45,6,28,15,17,27,13,40,21,10,4,8,20
VET-CONCEPT GLADIATORS TRIER,TRI,"2026-09-25, TRI vs BON",106,25,40,13,33,17,21,27,12,39,25,11,6,13,23
TELEKOM BASKETS BONN,BON,"2026-09-25, TRI vs BON",80,24,49,7,22,11,20,23,15,38,14,11,4,17,21
BMA365 BAMBERG BASKETS,BAM,"2026-09-26, BAM vs LUD",96,23,45,10,34,20,27,18,23,41,17,10,3,15,30
MHP RIESEN LUDWIGSBURG,LUD,"2026-09-26, BAM vs LUD",103,23,35,11,24,24,33,25,11,36,19,6,0,20,22
SKYLINERS,FRS,"2026-09-26, FRS vs VEC",93,23,41,11,24,14,19,22,6,28,20,12,3,8,19
RASTA VECHTA,VEC,"2026-09-26, FRS vs VEC",81,20,40,10,27,11,15,26,17,43,19,3,3,19,23
FC BAYERN MUNCHEN BASKETBALL,FCB,"2026-09-26, FCB vs BER",95,27,50,7,20,20,29,36,18,54,24,9,3,11,21
ALBA BERLIN,BER,"2026-09-26, FCB vs BER",61,11,28,9,37,12,15,18,10,28,16,9,1,15,26
RATIOPHARM ULM,ULM,"2026-09-27, ULM vs WUE",67,18,41,5,18,16,21,24,12,36,20,5,3,15,20
FITNESS FIRST WURZBURG BASKETS,WUE,"2026-09-27, ULM vs WUE",90,21,46,13,36,9,10,24,23,47,13,10,3,8,20
NINERS CHEMNITZ,CHE,"2026-09-27, CHE vs HAG",94,27,47,10,27,10,14,27,15,42,15,6,0,14,25
PHOENIX HAGEN,HAG,"2026-09-27, CHE vs HAG",93,27,40,8,32,15,19,24,11,35,18,6,2,15,23
EWE BASKETS OLDENBURG,OLD,"2026-09-27, OLD vs HAM",75,20,41,8,23,11,11,27,13,40,15,3,3,17,25
VEOLIA TOWERS HAMBURG,HAM,"2026-09-27, OLD vs HAM",74,15,29,7,29,23,28,22,10,32,14,7,3,13,20
BASKETBALL LOWEN BRAUNSCHWEIG,BRA,"2026-09-27, BRA vs HRO",83,20,39,7,19,22,26,25,9,34,16,7,2,17,15
ROSTOCK SEAWOLVES,HRO,"2026-09-27, BRA vs HRO",82,24,41,8,33,10,13,24,16,40,15,6,1,15,23
TELEKOM BASKETS BONN,BON,"2026-09-27, BON vs MBC",77,17,37,9,29,16,23,29,16,45,18,6,4,8,20
SYNTAINICS MBC,MBC,"2026-09-27, BON vs MBC",72,18,39,8,33,12,19,26,17,43,11,3,5,7,22
VET-CONCEPT GLADIATORS TRIER,TRI,"2026-09-27, TRI vs JEN",98,26,39,13,38,7,9,22,12,34,27,11,4,13,19
SCIENCE CITY JENA,JEN,"2026-09-27, TRI vs JEN",85,23,39,9,25,12,16,24,11,35,21,6,0,19,18
SCIENCE CITY JENA,JEN,"2026-10-01, JEN vs VEC",79,22,34,9,24,8,15,27,9,36,19,8,6,19,19
RASTA VECHTA,VEC,"2026-10-01, JEN vs VEC",71,17,36,7,30,16,20,19,15,34,14,7,2,15,21
FITNESS FIRST WURZBURG BASKETS,WUE,"2026-10-02, WUE vs BON",83,13,29,14,32,15,21,23,9,32,20,8,4,9,18
TELEKOM BASKETS BONN,BON,"2026-10-02, WUE vs BON",76,20,33,8,23,12,18,27,7,34,20,3,1,16,24
