GAME_ID,SEASON,LEAGUE,PLAYER,TEAM,CODE,MATCHUP,MIN,PTS,2PM,2PA,3PM,3PA,FTM,FTA,DREB,OREB,REB,AST,STL,TOV,BLK,PF
1,2026-27,Euroleague,JOHNATHAN MOTLEY,Crvena Zvezda,RED,"2026-09-24, RED vs ZAL",14,2,1,5,0,2,0,0,0,0,0,2,0,6,0,5
1,2026-27,Euroleague,CHRIS JONES,Crvena Zvezda,RED,"2026-09-24, RED vs ZAL",19,15,5,6,1,2,2,2,1,1,2,8,2,0,0,1
1,2026-27,Euroleague,STEFAN MILJENOVIC,Crvena Zvezda,RED,"2026-09-24, RED vs ZAL",0,0,0,0,0,0,0,0,0,0,0,0,0,0,0,1
1,2026-27,Euroleague,NICK WEILER-BABB,Crvena Zvezda,RED,"2026-09-24, RED vs ZAL",21,0,0,3,0,1,0,0,2,1,3,3,1,4,0,2
1,2026-27,Euroleague,JARED BUTLER,Crvena Zvezda,RED,"2026-09-24, RED vs ZAL",17,11,1,4,3,7,0,0,1,1,2,4,0,1,1,1
1,2026-27,Euroleague,TYSON CARTER,Crvena Zvezda,RED,"2026-09-24, RED vs ZAL",16,3,0,1,1,3,0,0,3,0,3,0,1,1,0,1
1,2026-27,Euroleague,OGNJEN DOBRIC,Crvena Zvezda,RED,"2026-09-24, RED vs ZAL",5,0,0,0,0,1,0,0,0,1,1,0,0,0,0,1
1,2026-27,Euroleague,EBUKA IZUNDU,Crvena Zvezda,RED,"2026-09-24, RED vs ZAL",15,7,2,6,0,0,3,4,0,4,4,0,2,0,1,3
1,2026-27,Euroleague,JORDAN NWORA,Crvena Zvezda,RED,"2026-09-24, RED vs ZAL",22,10,3,8,0,1,4,6,4,1,5,1,0,1,0,2
1,2026-27,Euroleague,SEMI OJELEYE,Crvena Zvezda,RED,"2026-09-24, RED vs ZAL",25,9,1,4,2,3,1,3,5,2,7,1,0,1,0,4
1,2026-27,Euroleague,DAVID KRAMER,Crvena Zvezda,RED,"2026-09-24, RED vs ZAL",20,11,0,2,3,5,2,2,4,0,4,1,1,0,0,4
1,2026-27,Euroleague,CHIMA MONEKE,Crvena Zvezda,RED,"2026-09-24, RED vs ZAL",26,9,4,5,0,4,1,2,0,3,3,1,0,0,1,2
1,2026-27,Euroleague,STERLING BROWN,Zalgiris,ZAL,"2026-09-24, RED vs ZAL",16,10,0,0,2,3,4,4,2,0,2,0,0,0,1,3
1,2026-27,Euroleague,NIGEL WILLIAMS-GOSS,Zalgiris,ZAL,"2026-09-24, RED vs ZAL",25,14,5,11,1,2,1,1,2,0,2,6,2,3,0,1
1,2026-27,Euroleague,CARSEN EDWARDS,Zalgiris,ZAL,"2026-09-24, RED vs ZAL",16,13,2,5,2,6,3,3,0,0,0,0,2,1,0,3
1,2026-27,Euroleague,DOVYDAS GIEDRAITIS,Zalgiris,ZAL,"2026-09-24, RED vs ZAL",2,0,0,0,0,0,0,0,0,0,0,0,0,1,0,0
1,2026-27,Euroleague,AZUOLAS TUBELIS,Zalgiris,ZAL,"2026-09-24, RED vs ZAL",27,10,4,8,0,2,2,4,9,3,12,4,1,1,1,0
1,2026-27,Euroleague,MAODO LO,Zalgiris,ZAL,"2026-09-24, RED vs ZAL",12,3,0,1,1,2,0,0,4,0,4,3,0,3,0,1
1,2026-27,Euroleague,DUSTIN SLEVA,Zalgiris,ZAL,"2026-09-24, RED vs ZAL",14,7,0,0,2,3,1,4,1,2,3,0,1,0,0,4
1,2026-27,Euroleague,JONAS VALANCIUNAS,Zalgiris,ZAL,"2026-09-24, RED vs ZAL",22,13,6,9,0,0,1,1,7,1,8,2,0,1,3,1
1,2026-27,Euroleague,MAREK BLAZEVIC,Zalgiris,ZAL,"2026-09-24, RED vs ZAL",13,5,2,4,0,0,1,2,2,0,2,0,0,3,0,3
1,2026-27,Euroleague,MARIUS GRIGONIS,Zalgiris,ZAL,"2026-09-24, RED vs ZAL",12,2,1,4,0,1,0,0,0,0,0,2,0,1,1,1
1,2026-27,Euroleague,ARNAS BUTKEVICIUS,Zalgiris,ZAL,"2026-09-24, RED vs ZAL",24,0,0,0,0,0,0,0,2,4,6,1,2,0,0,4
1,2026-27,Euroleague,EDGARAS ULANOVAS,Zalgiris,ZAL,"2026-09-24, RED vs ZAL",16,6,0,1,0,1,6,8,1,0,1,0,0,1,0,1
2,2026-27,Euroleague,ELIE OKOBO,Dubai,DUB,"2026-09-24, DUB vs MAD",30,8,4,6,0,2,0,0,3,1,4,4,1,1,0,2
2,2026-27,Euroleague,DWAYNE BACON,Dubai,DUB,"2026-09-24, DUB vs MAD",29,24,9,11,0,2,6,7,4,1,5,4,0,1,0,1
2,2026-27,Euroleague,JARON BLOSSOMGAME,Dubai,DUB,"2026-09-24, DUB vs MAD",6,0,0,0,0,0,0,0,0,1,1,0,0,0,1,0
2,2026-27,Euroleague,DAVION MINTZ,Dubai,DUB,"2026-09-24, DUB vs MAD",10,3,0,1,1,4,0,0,0,1,1,0,0,1,1,0
2,2026-27,Euroleague,DAVIS BERTANS,Dubai,DUB,"2026-09-24, DUB vs MAD",11,3,0,0,1,2,0,0,0,0,0,0,1,0,0,2
2,2026-27,Euroleague,MFIONDU KABENGELE,Dubai,DUB,"2026-09-24, DUB vs MAD",24,9,0,4,2,6,3,4,6,1,7,3,0,2,2,0
2,2026-27,Euroleague,MAMADI DIAKITE,Dubai,DUB,"2026-09-24, DUB vs MAD",16,6,0,1,2,3,0,0,2,0,2,1,1,0,1,3
2,2026-27,Euroleague,TORNIKE SHENGELIA,Dubai,DUB,"2026-09-24, DUB vs MAD",15,5,0,6,1,3,2,2,3,5,8,0,0,2,0,3
2,2026-27,Euroleague,MCKINLEY WRIGHT IV,Dubai,DUB,"2026-09-24, DUB vs MAD",24,12,3,6,1,2,3,5,3,2,5,3,0,3,0,3
2,2026-27,Euroleague,FILIP PETRUSEV,Dubai,DUB,"2026-09-24, DUB vs MAD",19,3,0,3,1,1,0,0,4,2,6,2,0,0,0,1
2,2026-27,Euroleague,THOMAS WALKUP,Dubai,DUB,"2026-09-24, DUB vs MAD",16,5,1,2,1,3,0,0,0,0,0,0,0,2,0,1
2,2026-27,Euroleague,TIMOTHE LUWAWU-CABARROT,Real Madrid,MAD,"2026-09-24, DUB vs MAD",22,11,3,6,1,3,2,2,0,0,0,0,1,0,0,2
2,2026-27,Euroleague,JAIME PRADILLA,Real Madrid,MAD,"2026-09-24, DUB vs MAD",20,5,1,2,1,2,0,0,2,0,2,0,1,0,0,1
2,2026-27,Euroleague,ALBERTO ABALDE,Real Madrid,MAD,"2026-09-24, DUB vs MAD",15,3,0,3,1,2,0,0,0,0,0,1,0,0,0,1
2,2026-27,Euroleague,FACUNDO CAMPAZZO,Real Madrid,MAD,"2026-09-24, DUB vs MAD",18,6,2,5,0,3,2,2,2,0,2,2,1,1,0,1
2,2026-27,Euroleague,GABRIELE PROCIDA,Real Madrid,MAD,"2026-09-24, DUB vs MAD",4,0,0,0,0,0,0,0,1,0,1,0,0,0,0,0
2,2026-27,Euroleague,THEO MALEDON,Real Madrid,MAD,"2026-09-24, DUB vs MAD",22,11,4,8,0,1,3,4,4,0,4,6,1,0,1,3
2,2026-27,Euroleague,GABRIEL DECK,Real Madrid,MAD,"2026-09-24, DUB vs MAD",16,0,0,0,0,2,0,0,1,0,1,0,0,1,0,1
2,2026-27,Euroleague,MIKAEL JANTUNEN,Real Madrid,MAD,"2026-09-24, DUB vs MAD",20,10,2,2,2,3,0,0,1,0,1,0,0,0,1,2
2,2026-27,Euroleague,WALTER TAVARES,Real Madrid,MAD,"2026-09-24, DUB vs MAD",21,8,4,7,0,0,0,0,2,2,4,0,1,2,1,4
2,2026-27,Euroleague,ANDRES FELIZ,Real Madrid,MAD,"2026-09-24, DUB vs MAD",23,9,3,9,1,2,0,0,4,1,5,4,0,2,1,1
2,2026-27,Euroleague,DAMIAN JONES,Real Madrid,MAD,"2026-09-24, DUB vs MAD",15,10,5,7,0,0,0,0,1,4,5,0,0,1,1,1
2,2026-27,Euroleague,OLIVIER SARR,Real Madrid,MAD,"2026-09-24, DUB vs MAD",4,4,1,1,0,0,2,3,1,1,2,0,0,0,0,0
3,2026-27,Euroleague,JACOB TOPPIN,Hapoel TLV,HTA,"2026-09-24, HTA vs MUN",23,11,4,5,1,1,0,0,1,2,3,0,2,0,1,2
3,2026-27,Euroleague,EUGENE GERMAN,Hapoel TLV,HTA,"2026-09-24, HTA vs MUN",13,8,1,3,2,4,0,0,0,0,0,0,0,1,0,1
3,2026-27,Euroleague,ANTONIO BLAKENEY,Hapoel TLV,HTA,"2026-09-24, HTA vs MUN",27,11,2,4,2,8,1,1,2,0,2,2,0,1,0,1
3,2026-27,Euroleague,ELIJAH BRYANT,Hapoel TLV,HTA,"2026-09-24, HTA vs MUN",29,10,4,5,0,4,2,2,2,0,2,3,0,2,0,2
3,2026-27,Euroleague,ISH WAINRIGHT,Hapoel TLV,HTA,"2026-09-24, HTA vs MUN",17,2,1,3,0,2,0,0,2,2,4,1,2,2,1,1
3,2026-27,Euroleague,TOMAS SATORANSKY,Hapoel TLV,HTA,"2026-09-24, HTA vs MUN",16,0,0,1,0,0,0,0,2,0,2,1,0,1,0,1
3,2026-27,Euroleague,ZACH LEDAY,Hapoel TLV,HTA,"2026-09-24, HTA vs MUN",12,8,1,3,1,2,3,3,3,1,4,0,0,0,0,0
3,2026-27,Euroleague,TAI ODIASE,Hapoel TLV,HTA,"2026-09-24, HTA vs MUN",6,0,0,0,0,0,0,0,1,0,1,0,1,1,0,2
3,2026-27,Euroleague,VASILIJE MICIC,Hapoel TLV,HTA,"2026-09-24, HTA vs MUN",26,14,2,8,1,5,7,7,2,0,2,3,0,3,0,4
3,2026-27,Euroleague,DAN OTURU,Hapoel TLV,HTA,"2026-09-24, HTA vs MUN",29,20,10,11,0,0,0,0,7,5,12,3,2,3,2,4
3,2026-27,Euroleague,MILES NORRIS,Bayern Munich,MUN,"2026-09-24, HTA vs MUN",22,4,2,2,0,2,0,0,2,2,4,0,1,3,1,3
3,2026-27,Euroleague,OSCAR DA SILVA,Bayern Munich,MUN,"2026-09-24, HTA vs MUN",9,0,0,0,0,1,0,0,0,0,0,1,0,0,0,0
3,2026-27,Euroleague,MARJON BEAUCHAMP,Bayern Munich,MUN,"2026-09-24, HTA vs MUN",22,8,1,6,2,3,0,0,3,0,3,2,3,2,0,3
3,2026-27,Euroleague,JOHANNES VOIGTMANN,Bayern Munich,MUN,"2026-09-24, HTA vs MUN",19,10,1,1,2,3,2,2,3,2,5,3,0,0,0,1
3,2026-27,Euroleague,TOBIAS JENSEN,Bayern Munich,MUN,"2026-09-24, HTA vs MUN",16,5,1,2,0,1,3,3,0,1,1,1,2,2,0,1
3,2026-27,Euroleague,JUSTINIAN JESSUP,Bayern Munich,MUN,"2026-09-24, HTA vs MUN",15,11,2,3,2,4,1,1,0,0,0,0,1,0,0,0
3,2026-27,Euroleague,VLADIMIR LUCIC,Bayern Munich,MUN,"2026-09-24, HTA vs MUN",11,0,0,1,0,0,0,0,1,0,1,1,0,0,0,1
3,2026-27,Euroleague,ANDREAS OBST,Bayern Munich,MUN,"2026-09-24, HTA vs MUN",28,19,4,5,3,6,2,3,2,0,2,2,0,0,0,2
3,2026-27,Euroleague,JUSTUS HOLLATZ,Bayern Munich,MUN,"2026-09-24, HTA vs MUN",10,2,1,2,0,2,0,0,0,0,0,3,1,0,0,4
3,2026-27,Euroleague,ROKAS JOKUBAITIS,Bayern Munich,MUN,"2026-09-24, HTA vs MUN",19,6,2,7,0,0,2,2,1,0,1,6,1,1,0,1
3,2026-27,Euroleague,JOHANNES THIEMANN,Bayern Munich,MUN,"2026-09-24, HTA vs MUN",19,15,5,6,0,2,5,6,5,2,7,1,0,2,0,2
3,2026-27,Euroleague,AUSTIN WILEY,Bayern Munich,MUN,"2026-09-24, HTA vs MUN",11,6,2,4,0,0,2,2,4,1,5,0,1,2,0,4
4,2026-27,Euroleague,KEVIN PUNTER,FC Barcelona,BAR,"2026-09-24, BAR vs IST",25,19,5,9,2,3,3,3,1,0,1,1,2,1,0,0
4,2026-27,Euroleague,UMOJA GIBSON,FC Barcelona,BAR,"2026-09-24, BAR vs IST",18,10,2,2,2,4,0,0,4,2,6,2,0,0,0,1
4,2026-27,Euroleague,TYRESE MARTIN,FC Barcelona,BAR,"2026-09-24, BAR vs IST",18,3,0,2,1,4,0,0,2,1,3,2,0,3,0,2
4,2026-27,Euroleague,STANLEY UMUDE,FC Barcelona,BAR,"2026-09-24, BAR vs IST",18,7,3,5,0,2,1,3,2,1,3,1,1,0,1,3
4,2026-27,Euroleague,JUSTIN ROBINSON,FC Barcelona,BAR,"2026-09-24, BAR vs IST",22,10,1,2,2,5,2,2,2,0,2,2,0,3,0,1
4,2026-27,Euroleague,DARIO BRIZUELA,FC Barcelona,BAR,"2026-09-24, BAR vs IST",19,20,5,6,3,4,1,2,2,0,2,0,1,3,0,2
4,2026-27,Euroleague,OLIVIER NKAMHOUA,FC Barcelona,BAR,"2026-09-24, BAR vs IST",15,2,1,1,0,0,0,0,0,4,4,0,0,0,0,2
4,2026-27,Euroleague,OLEK BALCEROWSKI,FC Barcelona,BAR,"2026-09-24, BAR vs IST",25,10,3,4,0,0,4,4,3,1,4,2,0,1,1,4
4,2026-27,Euroleague,JUSTIN MINAYA,FC Barcelona,BAR,"2026-09-24, BAR vs IST",13,3,0,0,1,1,0,0,1,0,1,1,0,0,0,2
4,2026-27,Euroleague,JOEL PARRA,FC Barcelona,BAR,"2026-09-24, BAR vs IST",27,5,1,4,1,6,0,0,2,0,2,3,0,0,1,3
4,2026-27,Euroleague,JORDAN LOYD,Anadolu Efes,IST,"2026-09-24, BAR vs IST",22,2,1,3,0,2,0,0,0,0,0,0,1,1,0,4
4,2026-27,Euroleague,SANTI YUSTA,Anadolu Efes,IST,"2026-09-24, BAR vs IST",9,4,2,3,0,0,0,0,0,2,2,0,0,0,0,2
4,2026-27,Euroleague,DARIO SARIC,Anadolu Efes,IST,"2026-09-24, BAR vs IST",29,17,3,3,1,4,8,9,5,0,5,2,0,1,0,0
4,2026-27,Euroleague,DARON RUSSELL,Anadolu Efes,IST,"2026-09-24, BAR vs IST",5,3,1,4,0,1,1,1,1,0,1,1,1,0,0,1
4,2026-27,Euroleague,PJ DOZIER,Anadolu Efes,IST,"2026-09-24, BAR vs IST",13,3,0,1,1,4,0,0,2,1,3,0,0,0,0,2
4,2026-27,Euroleague,COLLIN MALCOLM,Anadolu Efes,IST,"2026-09-24, BAR vs IST",17,5,2,2,0,1,1,2,1,1,2,2,1,0,0,0
4,2026-27,Euroleague,BRUNO FERNANDO,Anadolu Efes,IST,"2026-09-24, BAR vs IST",18,6,3,4,0,0,0,0,3,0,3,0,1,1,0,4
4,2026-27,Euroleague,ERCAN OSMANI,Anadolu Efes,IST,"2026-09-24, BAR vs IST",16,6,3,5,0,1,0,0,1,2,3,2,0,1,0,1
4,2026-27,Euroleague,MATTHEW STRAZEL,Anadolu Efes,IST,"2026-09-24, BAR vs IST",23,12,2,5,1,4,5,5,2,0,2,3,1,2,0,1
4,2026-27,Euroleague,MIKE JAMES,Anadolu Efes,IST,"2026-09-24, BAR vs IST",32,22,6,10,1,3,7,8,4,0,4,5,0,5,1,3
4,2026-27,Euroleague,KAI JONES,Anadolu Efes,IST,"2026-09-24, BAR vs IST",16,2,1,1,0,0,0,0,3,2,5,1,0,0,0,1
5,2026-27,Euroleague,MARKUS HOWARD,Baskonia,BAS,"2026-09-24, BAS vs OLY",12,9,0,1,3,5,0,0,0,1,1,1,0,0,0,1
5,2026-27,Euroleague,A.J. LAWSON,Baskonia,BAS,"2026-09-24, BAS vs OLY",26,20,1,4,4,9,6,7,2,2,4,2,0,1,0,3
5,2026-27,Euroleague,KOBI SIMMONS,Baskonia,BAS,"2026-09-24, BAS vs OLY",18,6,1,4,1,5,1,1,0,2,2,6,0,1,0,1
5,2026-27,Euroleague,DJ STEWART,Baskonia,BAS,"2026-09-24, BAS vs OLY",26,8,1,5,2,8,0,0,1,0,1,0,1,0,0,2
5,2026-27,Euroleague,CHRIS DUARTE,Baskonia,BAS,"2026-09-24, BAS vs OLY",20,9,3,4,1,6,0,0,3,2,5,3,2,1,0,2
5,2026-27,Euroleague,STEFAN JOKSIMOVIC,Baskonia,BAS,"2026-09-24, BAS vs OLY",9,0,0,1,0,1,0,0,0,0,0,3,1,3,0,0
5,2026-27,Euroleague,RODIONS KURUCS,Baskonia,BAS,"2026-09-24, BAS vs OLY",21,5,1,5,1,2,0,0,2,2,4,5,4,2,0,4
5,2026-27,Euroleague,TADAS SEDEKERSKIS,Baskonia,BAS,"2026-09-24, BAS vs OLY",20,15,3,4,3,3,0,0,2,0,2,0,0,0,0,3
5,2026-27,Euroleague,MATTEO SPAGNOLO,Baskonia,BAS,"2026-09-24, BAS vs OLY",16,5,1,1,0,2,3,3,1,2,3,3,0,2,0,2
5,2026-27,Euroleague,DAMION BAUGH,Baskonia,BAS,"2026-09-24, BAS vs OLY",13,7,1,3,1,2,2,2,1,1,2,2,1,0,0,1
5,2026-27,Euroleague,CLEMENT FRISCH,Baskonia,BAS,"2026-09-24, BAS vs OLY",1,0,0,0,0,0,0,0,0,0,0,0,0,0,0,0
5,2026-27,Euroleague,KENNETH FARIED,Baskonia,BAS,"2026-09-24, BAS vs OLY",17,5,2,4,0,1,1,2,2,1,3,0,0,0,0,4
5,2026-27,Euroleague,CODI MILLER-MCINTYRE,Olympiacos,OLY,"2026-09-24, BAS vs OLY",20,2,1,2,0,2,0,0,2,0,2,6,0,4,0,3
5,2026-27,Euroleague,TYSON WARD,Olympiacos,OLY,"2026-09-24, BAS vs OLY",18,11,2,5,1,3,4,4,1,2,3,2,1,1,0,2
5,2026-27,Euroleague,JEAN MONTERO,Olympiacos,OLY,"2026-09-24, BAS vs OLY",20,15,2,5,2,5,5,6,5,0,5,5,1,3,0,0
5,2026-27,Euroleague,SASHA VEZENKOV,Olympiacos,OLY,"2026-09-24, BAS vs OLY",19,22,8,9,0,1,6,6,4,1,5,1,0,1,0,0
5,2026-27,Euroleague,KOSTAS PAPANIKOLAOU,Olympiacos,OLY,"2026-09-24, BAS vs OLY",13,0,0,0,0,0,0,0,3,0,3,1,1,1,1,0
5,2026-27,Euroleague,TYLER DORSEY,Olympiacos,OLY,"2026-09-24, BAS vs OLY",23,25,4,5,4,6,5,5,2,0,2,1,1,0,0,0
5,2026-27,Euroleague,MBAYE NDIAYE,Olympiacos,OLY,"2026-09-24, BAS vs OLY",8,4,1,1,0,0,2,3,0,0,0,0,0,1,1,3
5,2026-27,Euroleague,NIKOLA MILUTINOV,Olympiacos,OLY,"2026-09-24, BAS vs OLY",9,2,0,0,0,0,2,2,2,0,2,0,0,0,0,2
5,2026-27,Euroleague,CORY JOSEPH,Olympiacos,OLY,"2026-09-24, BAS vs OLY",15,2,1,1,0,1,0,0,0,0,0,0,0,0,0,3
5,2026-27,Euroleague,DONTA HALL,Olympiacos,OLY,"2026-09-24, BAS vs OLY",19,4,2,3,0,0,0,0,4,3,7,1,1,1,1,2
5,2026-27,Euroleague,TYRIQUE JONES,Olympiacos,OLY,"2026-09-24, BAS vs OLY",12,12,5,9,0,0,2,2,4,4,8,0,0,1,0,1
5,2026-27,Euroleague,EVAN FOURNIER,Olympiacos,OLY,"2026-09-24, BAS vs OLY",25,7,2,2,1,4,0,0,1,0,1,3,1,1,0,2
6,2026-27,Euroleague,MYLES CALE,LDLC ASVEL,ASV,"2026-09-24, ASV vs TEL",9,0,0,1,0,2,0,0,1,0,1,1,0,1,0,0
6,2026-27,Euroleague,MARC-OWEN FODZO DADA,LDLC ASVEL,ASV,"2026-09-24, ASV vs TEL",22,14,2,3,2,2,4,9,1,0,1,5,2,4,1,2
6,2026-27,Euroleague,PATTY MILLS,LDLC ASVEL,ASV,"2026-09-24, ASV vs TEL",24,15,1,2,3,6,4,4,1,0,1,3,0,2,0,0
6,2026-27,Euroleague,BODIAN MASSA,LDLC ASVEL,ASV,"2026-09-24, ASV vs TEL",14,0,0,0,0,0,0,0,1,0,1,0,0,1,0,2
6,2026-27,Euroleague,BOTH GACH,LDLC ASVEL,ASV,"2026-09-24, ASV vs TEL",17,5,1,3,1,1,0,0,0,0,0,1,0,1,0,2
6,2026-27,Euroleague,JOEL BOLOMBOY,LDLC ASVEL,ASV,"2026-09-24, ASV vs TEL",26,2,1,2,0,0,0,0,5,1,6,0,3,2,0,3
6,2026-27,Euroleague,DAVID LIGHTY,LDLC ASVEL,ASV,"2026-09-24, ASV vs TEL",16,10,1,2,2,3,2,2,0,0,0,1,0,0,0,0
6,2026-27,Euroleague,HUGO BESSON,LDLC ASVEL,ASV,"2026-09-24, ASV vs TEL",17,8,1,3,2,6,0,0,3,0,3,4,0,2,1,3
6,2026-27,Euroleague,YVES PONS,LDLC ASVEL,ASV,"2026-09-24, ASV vs TEL",12,9,1,1,2,3,1,1,0,2,2,0,1,0,0,1
6,2026-27,Euroleague,TREMONT WATERS,LDLC ASVEL,ASV,"2026-09-24, ASV vs TEL",16,2,1,2,0,5,0,0,1,0,1,1,1,1,0,3
6,2026-27,Euroleague,NATHAN SESTINA,LDLC ASVEL,ASV,"2026-09-24, ASV vs TEL",3,0,0,0,0,1,0,0,2,0,2,0,0,0,0,2
6,2026-27,Euroleague,JAE CROWDER,LDLC ASVEL,ASV,"2026-09-24, ASV vs TEL",25,19,2,5,4,5,3,4,4,0,4,4,1,1,1,2
6,2026-27,Euroleague,IFFE LUNDBERG,Maccabi,TEL,"2026-09-24, ASV vs TEL",22,5,0,3,1,3,2,2,1,1,2,2,0,2,0,5
6,2026-27,Euroleague,JAYLEN HOARD,Maccabi,TEL,"2026-09-24, ASV vs TEL",29,15,6,7,1,4,0,0,4,2,6,0,3,1,0,3
6,2026-27,Euroleague,JIMMY CLARK III,Maccabi,TEL,"2026-09-24, ASV vs TEL",14,9,3,5,1,3,0,0,3,1,4,6,0,3,0,5
6,2026-27,Euroleague,ARMANDO BACOT JR.,Maccabi,TEL,"2026-09-24, ASV vs TEL",3,0,0,0,0,0,0,0,0,0,0,1,0,0,0,0
6,2026-27,Euroleague,ROMAN SORKIN,Maccabi,TEL,"2026-09-24, ASV vs TEL",24,13,5,7,1,2,0,1,3,2,5,2,1,1,0,1
6,2026-27,Euroleague,O'SHAE J BRISSETT,Maccabi,TEL,"2026-09-24, ASV vs TEL",26,8,3,5,0,6,2,2,7,0,7,0,2,0,0,1
6,2026-27,Euroleague,WILLIAM RAYMAN,Maccabi,TEL,"2026-09-24, ASV vs TEL",11,0,0,1,0,0,0,0,0,1,1,0,1,0,0,2
6,2026-27,Euroleague,JOHN DIBARTOLOMEO,Maccabi,TEL,"2026-09-24, ASV vs TEL",8,0,0,0,0,1,0,0,0,0,0,0,0,1,0,1
6,2026-27,Euroleague,KEATON WALLACE,Maccabi,TEL,"2026-09-24, ASV vs TEL",12,2,1,2,0,2,0,0,2,0,2,0,2,2,0,4
6,2026-27,Euroleague,DANIEL THEIS,Maccabi,TEL,"2026-09-24, ASV vs TEL",17,9,2,2,0,1,5,6,2,1,3,0,1,4,0,2
6,2026-27,Euroleague,YAM MADAR,Maccabi,TEL,"2026-09-24, ASV vs TEL",26,13,1,2,3,6,2,4,3,0,3,8,0,4,0,1
6,2026-27,Euroleague,BONZIE COLSON,Maccabi,TEL,"2026-09-24, ASV vs TEL",9,0,0,0,0,1,0,0,1,0,1,0,0,0,0,0
7,2026-27,Euroleague,PANAGIOTIS KALAITZAKIS,Panathinaikos,PAN,"2026-09-24, PAN vs PRS",19,3,0,2,1,3,0,0,2,1,3,2,2,0,0,5
7,2026-27,Euroleague,SYLVAIN FRANCISCO,Panathinaikos,PAN,"2026-09-24, PAN vs PRS",22,18,3,4,3,7,3,3,2,0,2,4,0,4,0,0
7,2026-27,Euroleague,BRANCOU BADIO,Panathinaikos,PAN,"2026-09-24, PAN vs PRS",21,4,1,3,0,0,2,2,3,0,3,2,0,2,1,1
7,2026-27,Euroleague,JERIAN GRANT,Panathinaikos,PAN,"2026-09-24, PAN vs PRS",18,7,2,4,1,4,0,0,0,1,1,3,1,0,1,1
7,2026-27,Euroleague,MATHIAS LESSORT,Panathinaikos,PAN,"2026-09-24, PAN vs PRS",22,15,2,7,0,0,11,12,6,3,9,2,2,4,3,2
7,2026-27,Euroleague,GUERSCHON YABUSELE,Panathinaikos,PAN,"2026-09-24, PAN vs PRS",20,13,3,5,2,5,1,1,3,2,5,0,1,0,0,2
7,2026-27,Euroleague,ISAAC BONGA,Panathinaikos,PAN,"2026-09-24, PAN vs PRS",17,5,2,2,0,2,1,1,1,1,2,1,0,3,0,3
7,2026-27,Euroleague,JUANCHO HERNANGOMEZ,Panathinaikos,PAN,"2026-09-24, PAN vs PRS",20,5,1,1,1,2,0,0,4,2,6,1,2,0,0,1
7,2026-27,Euroleague,KONSTANTINOS MITOGLOU,Panathinaikos,PAN,"2026-09-24, PAN vs PRS",18,11,4,7,0,1,3,3,3,3,6,0,2,1,0,1
7,2026-27,Euroleague,ELEFTHERIOS MANTZOUKAS,Panathinaikos,PAN,"2026-09-24, PAN vs PRS",23,10,2,2,2,5,0,0,4,0,4,1,0,1,3,2
7,2026-27,Euroleague,TJ WARREN,Paris,PRS,"2026-09-24, PAN vs PRS",21,9,0,1,3,4,0,0,2,0,2,0,0,2,0,2
7,2026-27,Euroleague,NADIR HIFI,Paris,PRS,"2026-09-24, PAN vs PRS",22,11,3,7,1,6,2,3,1,1,2,2,0,3,0,0
7,2026-27,Euroleague,TERRY TARPEY,Paris,PRS,"2026-09-24, PAN vs PRS",15,0,0,0,0,4,0,0,4,1,5,6,1,1,0,2
7,2026-27,Euroleague,LEOPOLD CAVALIERE,Paris,PRS,"2026-09-24, PAN vs PRS",15,3,0,0,1,1,0,0,0,1,1,2,2,1,0,2
7,2026-27,Euroleague,SEBASTIAN HERRERA,Paris,PRS,"2026-09-24, PAN vs PRS",19,9,0,1,3,7,0,0,1,0,1,1,1,0,0,0
7,2026-27,Euroleague,JARED RHODEN,Paris,PRS,"2026-09-24, PAN vs PRS",18,11,3,5,1,3,2,2,0,1,1,1,0,4,1,3
7,2026-27,Euroleague,TYSON ETIENNE,Paris,PRS,"2026-09-24, PAN vs PRS",19,17,1,3,4,10,3,5,1,0,1,2,0,0,0,0
7,2026-27,Euroleague,ALLAN DOKOSSI,Paris,PRS,"2026-09-24, PAN vs PRS",21,4,2,2,0,0,0,0,3,2,5,4,2,2,1,2
7,2026-27,Euroleague,MOUHAMED FAYE,Paris,PRS,"2026-09-24, PAN vs PRS",8,0,0,0,0,0,0,0,1,1,2,1,0,0,0,5
7,2026-27,Euroleague,JEREMY MORGAN,Paris,PRS,"2026-09-24, PAN vs PRS",12,0,0,0,0,3,0,0,0,1,1,0,1,0,0,2
7,2026-27,Euroleague,ALIZE JOHNSON,Paris,PRS,"2026-09-24, PAN vs PRS",15,6,3,6,0,0,0,3,4,0,4,0,0,0,0,4
7,2026-27,Euroleague,DAULTON HOMMES,Paris,PRS,"2026-09-24, PAN vs PRS",15,2,0,2,0,1,2,2,3,1,4,0,0,2,0,0
8,2026-27,Euroleague,DEVON DOTSON,Besiktas,BES,"2026-09-25, BES vs PAM",22,9,1,1,1,2,4,6,0,0,0,4,0,1,0,3
8,2026-27,Euroleague,DAQUAN JEFFRIES,Besiktas,BES,"2026-09-25, BES vs PAM",5,0,0,0,0,1,0,0,0,0,0,1,0,1,1,3
8,2026-27,Euroleague,DAVID DEJULIUS,Besiktas,BES,"2026-09-25, BES vs PAM",13,4,2,4,0,0,0,0,1,0,1,4,1,1,0,1
8,2026-27,Euroleague,BERK UGURLU,Besiktas,BES,"2026-09-25, BES vs PAM",5,3,0,0,1,1,0,0,0,0,0,2,0,0,0,0
8,2026-27,Euroleague,CONOR MORGAN,Besiktas,BES,"2026-09-25, BES vs PAM",20,15,0,1,5,6,0,0,2,0,2,1,0,2,1,3
8,2026-27,Euroleague,SCOTTIE WILBEKIN,Besiktas,BES,"2026-09-25, BES vs PAM",24,12,3,6,2,6,0,1,1,0,1,5,1,0,0,2
8,2026-27,Euroleague,EUGENE OMORUYI,Besiktas,BES,"2026-09-25, BES vs PAM",26,17,4,5,1,6,6,8,4,0,4,3,1,4,0,4
8,2026-27,Euroleague,ANTHONY BROWN,Besiktas,BES,"2026-09-25, BES vs PAM",25,7,2,3,1,5,0,0,2,1,3,1,1,2,0,3
8,2026-27,Euroleague,JAYLEN NOWELL,Besiktas,BES,"2026-09-25, BES vs PAM",28,17,4,8,2,4,3,3,4,0,4,2,0,2,0,4
8,2026-27,Euroleague,WENYEN GABRIEL,Besiktas,BES,"2026-09-25, BES vs PAM",15,6,2,2,0,0,2,2,2,0,2,0,0,0,1,3
8,2026-27,Euroleague,ANTE ZIZIC,Besiktas,BES,"2026-09-25, BES vs PAM",16,4,1,1,0,0,2,3,3,4,7,0,1,0,0,0
8,2026-27,Euroleague,TJ SHORTS,Valencia,PAM,"2026-09-25, BES vs PAM",24,26,9,17,2,3,2,2,1,0,1,2,1,2,0,3
8,2026-27,Euroleague,KAMERON TAYLOR,Valencia,PAM,"2026-09-25, BES vs PAM",24,12,3,5,1,1,3,5,6,1,7,2,0,1,0,3
8,2026-27,Euroleague,JOSEP PUERTO,Valencia,PAM,"2026-09-25, BES vs PAM",11,0,0,0,0,0,0,0,1,0,1,1,0,1,0,0
8,2026-27,Euroleague,NATHAN REUVERS,Valencia,PAM,"2026-09-25, BES vs PAM",21,5,1,3,1,2,0,0,0,3,3,0,1,2,0,2
8,2026-27,Euroleague,MARIO SAINT-SUPERY,Valencia,PAM,"2026-09-25, BES vs PAM",16,7,1,2,1,2,2,2,1,0,1,3,2,3,0,2
8,2026-27,Euroleague,ALVARO CARDENAS,Valencia,PAM,"2026-09-25, BES vs PAM",10,0,0,0,0,1,0,0,0,0,0,3,0,1,0,1
8,2026-27,Euroleague,DYLAN OSETKOWSKI,Valencia,PAM,"2026-09-25, BES vs PAM",18,1,0,1,0,1,1,1,4,1,5,0,1,0,0,3
8,2026-27,Euroleague,OMARI MOORE,Valencia,PAM,"2026-09-25, BES vs PAM",13,2,1,5,0,1,0,0,2,3,5,2,0,0,0,1
8,2026-27,Euroleague,ARMONI BROOKS,Valencia,PAM,"2026-09-25, BES vs PAM",23,10,2,5,2,6,0,0,4,1,5,3,0,2,0,1
8,2026-27,Euroleague,NEAL SAKO,Valencia,PAM,"2026-09-25, BES vs PAM",11,10,4,4,0,0,2,2,2,0,2,2,0,0,0,4
8,2026-27,Euroleague,NIKOLA MIROTIC,Valencia,PAM,"2026-09-25, BES vs PAM",14,13,2,3,1,3,6,6,2,1,3,0,1,0,0,2
8,2026-27,Euroleague,JASIEL RIVERO,Valencia,PAM,"2026-09-25, BES vs PAM",15,10,2,4,1,1,3,3,1,2,3,0,0,1,0,2
9,2026-27,Euroleague,WADE BALDWIN IV,Fenerbahce,ULK,"2026-09-25, ULK vs VIR",23,12,3,4,0,4,6,8,4,0,4,6,0,4,0,2
9,2026-27,Euroleague,NICOLO MELLI,Fenerbahce,ULK,"2026-09-25, ULK vs VIR",25,4,2,4,0,1,0,0,4,1,5,1,2,2,3,3
9,2026-27,Euroleague,SERTAC SANLI,Fenerbahce,ULK,"2026-09-25, ULK vs VIR",10,5,0,0,1,3,2,2,3,0,3,0,0,0,0,3
9,2026-27,Euroleague,TALEN HORTON TUCKER,Fenerbahce,ULK,"2026-09-25, ULK vs VIR",23,13,1,4,2,3,5,5,3,0,3,1,1,2,0,3
9,2026-27,Euroleague,TRENT FORREST,Fenerbahce,ULK,"2026-09-25, ULK vs VIR",25,4,2,4,0,3,0,0,2,3,5,3,1,1,0,1
9,2026-27,Euroleague,BRAXTON KEY,Fenerbahce,ULK,"2026-09-25, ULK vs VIR",25,11,4,5,0,0,3,6,7,3,10,3,1,1,0,1
9,2026-27,Euroleague,WILL CLYBURN,Fenerbahce,ULK,"2026-09-25, ULK vs VIR",19,8,2,5,0,3,4,4,3,0,3,1,2,0,0,0
9,2026-27,Euroleague,CHRIS SILVA,Fenerbahce,ULK,"2026-09-25, ULK vs VIR",6,3,1,1,0,0,1,2,1,1,2,0,0,2,0,3
9,2026-27,Euroleague,SHAVON SHIELDS,Fenerbahce,ULK,"2026-09-25, ULK vs VIR",27,12,4,6,0,2,4,5,2,0,2,3,1,0,0,2
9,2026-27,Euroleague,IGNAS SARGIUNAS,Fenerbahce,ULK,"2026-09-25, ULK vs VIR",16,6,2,2,0,2,2,2,1,0,1,0,0,1,0,1
9,2026-27,Euroleague,RASHEED BELLO,Virtus Bologna,VIR,"2026-09-25, ULK vs VIR",13,6,3,6,0,3,0,0,1,0,1,0,1,3,0,4
9,2026-27,Euroleague,TRENT FRAZIER,Virtus Bologna,VIR,"2026-09-25, ULK vs VIR",17,8,2,5,0,7,4,4,2,0,2,3,0,3,0,1
9,2026-27,Euroleague,MARCUS CARR,Virtus Bologna,VIR,"2026-09-25, ULK vs VIR",20,12,4,9,1,4,1,2,0,0,0,4,0,2,0,3
9,2026-27,Euroleague,WENDELL MOORE,Virtus Bologna,VIR,"2026-09-25, ULK vs VIR",26,9,3,4,1,5,0,0,6,1,7,1,0,0,0,2
9,2026-27,Euroleague,KESSLER EDWARDS,Virtus Bologna,VIR,"2026-09-25, ULK vs VIR",24,2,1,1,0,0,0,0,6,1,7,1,0,0,1,1
9,2026-27,Euroleague,DERRICK ALSTON JR.,Virtus Bologna,VIR,"2026-09-25, ULK vs VIR",26,10,2,5,2,5,0,0,2,0,2,1,0,1,0,3
9,2026-27,Euroleague,DANIEL HACKETT,Virtus Bologna,VIR,"2026-09-25, ULK vs VIR",15,0,0,0,0,1,0,0,3,1,4,1,0,1,0,2
9,2026-27,Euroleague,FRANCESCO FERRARI,Virtus Bologna,VIR,"2026-09-25, ULK vs VIR",4,2,1,1,0,0,0,0,0,1,1,0,0,0,0,0
9,2026-27,Euroleague,ALIOU DIARRA,Virtus Bologna,VIR,"2026-09-25, ULK vs VIR",22,8,3,5,0,0,2,2,1,0,1,1,0,0,1,1
9,2026-27,Euroleague,BO KLINTMAN,Virtus Bologna,VIR,"2026-09-25, ULK vs VIR",21,4,2,2,0,1,0,0,3,1,4,2,0,1,0,5
9,2026-27,Euroleague,MOUHAMET DIOUF,Virtus Bologna,VIR,"2026-09-25, ULK vs VIR",13,7,1,2,0,0,5,6,1,2,3,0,1,1,0,3
10,2026-27,Euroleague,KYLE ALLMAN,Partizan,PAR,"2026-09-25, PAR vs MIL",16,8,4,5,0,1,0,1,2,0,2,1,0,1,0,2
10,2026-27,Euroleague,CARLIK JONES,Partizan,PAR,"2026-09-25, PAR vs MIL",27,20,2,5,4,6,4,4,2,2,4,10,0,0,0,1
10,2026-27,Euroleague,LUCA VILDOZA,Partizan,PAR,"2026-09-25, PAR vs MIL",17,7,0,0,2,5,1,2,1,0,1,3,4,2,0,2
10,2026-27,Euroleague,ETHAN THOMPSON,Partizan,PAR,"2026-09-25, PAR vs MIL",12,5,1,2,1,3,0,0,0,1,1,0,0,1,0,3
10,2026-27,Euroleague,NIKOLA TANASKOVIC,Partizan,PAR,"2026-09-25, PAR vs MIL",23,7,3,6,0,0,1,2,2,4,6,0,1,0,0,1
10,2026-27,Euroleague,LAMAR STEVENS,Partizan,PAR,"2026-09-25, PAR vs MIL",24,11,5,9,0,1,1,1,5,0,5,0,2,0,0,0
10,2026-27,Euroleague,KEVARRIUS HAYES,Partizan,PAR,"2026-09-25, PAR vs MIL",17,10,5,6,0,0,0,0,2,1,3,1,0,0,2,4
10,2026-27,Euroleague,ARIJAN LAKIC,Partizan,PAR,"2026-09-25, PAR vs MIL",21,7,0,0,2,4,1,2,1,0,1,0,0,1,0,3
10,2026-27,Euroleague,TONYE JEKIRI,Partizan,PAR,"2026-09-25, PAR vs MIL",20,7,2,3,0,0,3,4,1,0,1,3,3,2,1,1
10,2026-27,Euroleague,DEREK WILLIS,Partizan,PAR,"2026-09-25, PAR vs MIL",3,3,0,0,1,1,0,0,1,0,1,0,0,0,1,0
10,2026-27,Euroleague,ALESSANDRO PAJOLA,Partizan,PAR,"2026-09-25, PAR vs MIL",21,7,1,2,1,3,2,2,4,0,4,3,2,2,0,1
10,2026-27,Euroleague,JASON BURNELL,Milan,MIL,"2026-09-25, PAR vs MIL",12,3,0,1,1,2,0,0,1,0,1,1,1,0,0,4
10,2026-27,Euroleague,RJ COLE,Milan,MIL,"2026-09-25, PAR vs MIL",8,0,0,0,0,1,0,0,0,0,0,0,0,2,0,3
10,2026-27,Euroleague,MOSES WRIGHT,Milan,MIL,"2026-09-25, PAR vs MIL",27,6,2,4,0,1,2,3,5,2,7,3,0,4,0,3
10,2026-27,Euroleague,LEANDRO BOLMARO,Milan,MIL,"2026-09-25, PAR vs MIL",24,1,0,3,0,0,1,2,2,0,2,2,0,1,1,2
10,2026-27,Euroleague,DARIUS THOMPSON,Milan,MIL,"2026-09-25, PAR vs MIL",21,7,3,4,0,2,1,1,0,0,0,2,1,2,0,3
10,2026-27,Euroleague,GIAMPAOLO RICCI,Milan,MIL,"2026-09-25, PAR vs MIL",6,3,0,0,1,1,0,0,2,0,2,0,0,0,0,0
10,2026-27,Euroleague,DIEGO FLACCADORI,Milan,MIL,"2026-09-25, PAR vs MIL",3,0,0,0,0,0,0,0,0,0,0,0,0,1,0,0
10,2026-27,Euroleague,DEVON HALL,Milan,MIL,"2026-09-25, PAR vs MIL",28,13,2,5,3,6,0,0,4,1,5,3,0,1,0,0
10,2026-27,Euroleague,MARKO GUDURIC,Milan,MIL,"2026-09-25, PAR vs MIL",29,17,4,7,3,6,0,0,3,0,3,5,0,2,0,1
10,2026-27,Euroleague,ALEC PETERS,Milan,MIL,"2026-09-25, PAR vs MIL",30,17,3,5,2,2,5,5,1,1,2,1,0,1,0,2
10,2026-27,Euroleague,DEVIN BOOKER,Milan,MIL,"2026-09-25, PAR vs MIL",10,9,3,5,1,2,0,0,2,1,3,0,0,1,0,2
11,2026-27,Euroleague,JORDAN LOYD,Anadolu Efes,IST,"2026-09-29, IST vs MAD",17,12,2,4,2,3,2,2,3,1,4,1,0,0,0,3
11,2026-27,Euroleague,SANTI YUSTA,Anadolu Efes,IST,"2026-09-29, IST vs MAD",7,3,0,1,1,1,0,0,0,0,0,1,0,0,0,1
11,2026-27,Euroleague,DARIO SARIC,Anadolu Efes,IST,"2026-09-29, IST vs MAD",22,10,2,4,1,3,3,3,2,1,3,4,0,2,0,3
11,2026-27,Euroleague,DARON RUSSELL,Anadolu Efes,IST,"2026-09-29, IST vs MAD",8,5,1,3,1,2,0,0,1,0,1,1,1,1,0,1
11,2026-27,Euroleague,PJ DOZIER,Anadolu Efes,IST,"2026-09-29, IST vs MAD",18,18,4,7,2,3,4,4,0,1,1,3,2,2,0,2
11,2026-27,Euroleague,COLLIN MALCOLM,Anadolu Efes,IST,"2026-09-29, IST vs MAD",16,2,0,0,0,1,2,2,0,0,0,0,1,0,0,1
11,2026-27,Euroleague,BRUNO FERNANDO,Anadolu Efes,IST,"2026-09-29, IST vs MAD",19,8,4,4,0,0,0,0,3,1,4,0,0,1,0,4
11,2026-27,Euroleague,ERCAN OSMANI,Anadolu Efes,IST,"2026-09-29, IST vs MAD",20,5,2,4,0,2,1,1,0,0,0,0,0,0,0,1
11,2026-27,Euroleague,MATTHEW STRAZEL,Anadolu Efes,IST,"2026-09-29, IST vs MAD",24,14,1,5,2,5,6,7,3,0,3,4,1,2,0,3
11,2026-27,Euroleague,MIKE JAMES,Anadolu Efes,IST,"2026-09-29, IST vs MAD",31,12,4,9,1,5,1,2,2,0,2,4,3,1,0,2
11,2026-27,Euroleague,KAI JONES,Anadolu Efes,IST,"2026-09-29, IST vs MAD",18,5,2,3,0,0,1,1,2,1,3,0,3,1,2,0
11,2026-27,Euroleague,NICK SMITH JR,Real Madrid,MAD,"2026-09-29, IST vs MAD",13,10,1,1,1,2,5,6,0,2,2,1,1,2,1,4
11,2026-27,Euroleague,TIMOTHE LUWAWU-CABARROT,Real Madrid,MAD,"2026-09-29, IST vs MAD",11,0,0,3,0,2,0,0,0,0,0,0,0,2,0,3
11,2026-27,Euroleague,JAIME PRADILLA,Real Madrid,MAD,"2026-09-29, IST vs MAD",10,4,1,1,0,1,2,2,1,0,1,2,1,0,0,1
11,2026-27,Euroleague,ALBERTO ABALDE,Real Madrid,MAD,"2026-09-29, IST vs MAD",12,3,0,1,1,1,0,0,2,1,3,3,0,0,0,2
11,2026-27,Euroleague,FACUNDO CAMPAZZO,Real Madrid,MAD,"2026-09-29, IST vs MAD",23,16,4,6,2,4,2,2,1,2,3,3,0,5,0,0
11,2026-27,Euroleague,CHUMA OKEKE,Real Madrid,MAD,"2026-09-29, IST vs MAD",20,11,1,1,3,6,0,0,4,0,4,1,0,1,1,0
11,2026-27,Euroleague,THEO MALEDON,Real Madrid,MAD,"2026-09-29, IST vs MAD",20,9,2,3,0,3,5,6,2,2,4,5,0,4,0,2
11,2026-27,Euroleague,GABRIEL DECK,Real Madrid,MAD,"2026-09-29, IST vs MAD",22,2,1,1,0,0,0,0,3,0,3,1,0,1,0,2
11,2026-27,Euroleague,MIKAEL JANTUNEN,Real Madrid,MAD,"2026-09-29, IST vs MAD",19,7,1,3,1,6,2,2,2,1,3,2,0,0,0,3
11,2026-27,Euroleague,WALTER TAVARES,Real Madrid,MAD,"2026-09-29, IST vs MAD",22,8,4,4,0,0,0,0,5,2,7,0,1,3,2,1
11,2026-27,Euroleague,ANDRES FELIZ,Real Madrid,MAD,"2026-09-29, IST vs MAD",18,10,2,4,1,1,3,4,3,0,3,5,1,2,1,2
11,2026-27,Euroleague,DAMIAN JONES,Real Madrid,MAD,"2026-09-29, IST vs MAD",9,4,2,4,0,0,0,0,0,0,0,0,0,0,0,4
12,2026-27,Euroleague,JOHNATHAN MOTLEY,Crvena Zvezda,RED,"2026-09-29, RED vs HTA",16,2,1,3,0,0,0,0,3,3,6,1,0,4,0,3
12,2026-27,Euroleague,CHRIS JONES,Crvena Zvezda,RED,"2026-09-29, RED vs HTA",18,6,2,3,0,3,2,2,1,0,1,4,0,2,0,2
12,2026-27,Euroleague,STEFAN MILJENOVIC,Crvena Zvezda,RED,"2026-09-29, RED vs HTA",5,3,0,1,1,1,0,0,0,0,0,0,0,1,0,2
12,2026-27,Euroleague,NICK WEILER-BABB,Crvena Zvezda,RED,"2026-09-29, RED vs HTA",17,2,1,2,0,2,0,0,5,1,6,6,0,1,0,3
12,2026-27,Euroleague,JARED BUTLER,Crvena Zvezda,RED,"2026-09-29, RED vs HTA",19,19,3,5,4,7,1,1,1,1,2,2,0,0,1,3
12,2026-27,Euroleague,TYSON CARTER,Crvena Zvezda,RED,"2026-09-29, RED vs HTA",19,12,3,5,2,4,0,0,2,0,2,3,0,0,0,0
12,2026-27,Euroleague,OGNJEN DOBRIC,Crvena Zvezda,RED,"2026-09-29, RED vs HTA",11,5,1,2,1,2,0,0,0,0,0,0,0,1,0,2
12,2026-27,Euroleague,EBUKA IZUNDU,Crvena Zvezda,RED,"2026-09-29, RED vs HTA",17,5,2,7,0,0,1,2,4,5,9,0,0,0,0,3
12,2026-27,Euroleague,JORDAN NWORA,Crvena Zvezda,RED,"2026-09-29, RED vs HTA",24,13,3,7,0,3,7,9,5,0,5,1,1,1,0,2
12,2026-27,Euroleague,SEMI OJELEYE,Crvena Zvezda,RED,"2026-09-29, RED vs HTA",27,4,1,2,0,2,2,2,5,3,8,3,1,1,1,3
12,2026-27,Euroleague,DAVID KRAMER,Crvena Zvezda,RED,"2026-09-29, RED vs HTA",9,0,0,1,0,1,0,0,1,0,1,0,0,1,0,2
12,2026-27,Euroleague,CHIMA MONEKE,Crvena Zvezda,RED,"2026-09-29, RED vs HTA",18,9,3,3,0,3,3,4,5,2,7,1,0,0,0,4
12,2026-27,Euroleague,EUGENE GERMAN,Hapoel TLV,HTA,"2026-09-29, RED vs HTA",3,2,1,1,0,0,0,0,1,0,1,0,0,0,0,0
12,2026-27,Euroleague,ANTONIO BLAKENEY,Hapoel TLV,HTA,"2026-09-29, RED vs HTA",25,12,2,5,1,6,5,6,2,0,2,1,1,0,0,2
12,2026-27,Euroleague,ELIJAH BRYANT,Hapoel TLV,HTA,"2026-09-29, RED vs HTA",37,18,3,8,1,3,9,9,9,1,10,4,4,2,0,3
12,2026-27,Euroleague,KHADEEN CARRINGTON,Hapoel TLV,HTA,"2026-09-29, RED vs HTA",1,0,0,0,0,0,0,0,0,0,0,0,0,0,0,1
12,2026-27,Euroleague,ISH WAINRIGHT,Hapoel TLV,HTA,"2026-09-29, RED vs HTA",17,5,0,1,1,3,2,2,0,2,2,0,1,0,1,2
12,2026-27,Euroleague,TOMAS SATORANSKY,Hapoel TLV,HTA,"2026-09-29, RED vs HTA",22,8,2,4,1,1,1,2,2,1,3,3,0,0,0,4
12,2026-27,Euroleague,ZACH LEDAY,Hapoel TLV,HTA,"2026-09-29, RED vs HTA",22,12,2,4,2,3,2,2,3,1,4,0,0,2,0,3
12,2026-27,Euroleague,TAI ODIASE,Hapoel TLV,HTA,"2026-09-29, RED vs HTA",21,8,3,5,0,0,2,2,0,1,1,0,0,1,1,1
12,2026-27,Euroleague,VASILIJE MICIC,Hapoel TLV,HTA,"2026-09-29, RED vs HTA",32,11,1,3,3,14,0,2,6,0,6,4,0,1,0,3
12,2026-27,Euroleague,DAN OTURU,Hapoel TLV,HTA,"2026-09-29, RED vs HTA",19,5,2,5,0,0,1,5,3,3,6,0,1,0,3,3
13,2026-27,Euroleague,ELIE OKOBO,Dubai,DUB,"2026-09-29, DUB vs BAR",28,9,1,3,0,2,7,8,2,0,2,6,0,1,0,2
13,2026-27,Euroleague,DWAYNE BACON,Dubai,DUB,"2026-09-29, DUB vs BAR",26,14,1,3,1,6,9,9,7,0,7,1,1,3,0,1
13,2026-27,Euroleague,JARON BLOSSOMGAME,Dubai,DUB,"2026-09-29, DUB vs BAR",23,10,5,6,0,1,0,2,1,1,2,0,1,1,1,1
13,2026-27,Euroleague,DAVION MINTZ,Dubai,DUB,"2026-09-29, DUB vs BAR",12,3,1,2,0,1,1,1,0,1,1,2,0,1,0,1
13,2026-27,Euroleague,DAVIS BERTANS,Dubai,DUB,"2026-09-29, DUB vs BAR",14,3,0,0,1,3,0,0,2,0,2,0,0,0,0,1
13,2026-27,Euroleague,MFIONDU KABENGELE,Dubai,DUB,"2026-09-29, DUB vs BAR",25,21,5,8,3,3,2,2,3,3,6,0,0,1,1,1
13,2026-27,Euroleague,MAMADI DIAKITE,Dubai,DUB,"2026-09-29, DUB vs BAR",15,7,1,1,1,2,2,2,0,0,0,2,1,2,2,2
13,2026-27,Euroleague,TORNIKE SHENGELIA,Dubai,DUB,"2026-09-29, DUB vs BAR",11,4,2,3,0,0,0,0,2,0,2,1,0,2,0,2
13,2026-27,Euroleague,MCKINLEY WRIGHT IV,Dubai,DUB,"2026-09-29, DUB vs BAR",27,14,3,3,2,3,2,2,1,1,2,3,0,2,0,2
13,2026-27,Euroleague,FILIP PETRUSEV,Dubai,DUB,"2026-09-29, DUB vs BAR",7,4,1,2,0,0,2,2,2,0,2,0,0,0,0,0
13,2026-27,Euroleague,THOMAS WALKUP,Dubai,DUB,"2026-09-29, DUB vs BAR",13,5,1,1,1,3,0,0,3,0,3,4,0,0,0,1
13,2026-27,Euroleague,KEVIN PUNTER,FC Barcelona,BAR,"2026-09-29, DUB vs BAR",26,25,8,10,3,6,0,0,2,3,5,2,1,0,0,3
13,2026-27,Euroleague,UMOJA GIBSON,FC Barcelona,BAR,"2026-09-29, DUB vs BAR",25,12,3,4,2,6,0,0,1,1,2,2,3,2,0,2
13,2026-27,Euroleague,TYRESE MARTIN,FC Barcelona,BAR,"2026-09-29, DUB vs BAR",25,9,3,5,1,7,0,0,4,1,5,0,0,0,0,1
13,2026-27,Euroleague,STANLEY UMUDE,FC Barcelona,BAR,"2026-09-29, DUB vs BAR",13,8,2,4,1,2,1,2,1,2,3,1,2,0,1,1
13,2026-27,Euroleague,JUSTIN ROBINSON,FC Barcelona,BAR,"2026-09-29, DUB vs BAR",15,7,0,2,2,5,1,2,1,0,1,5,0,0,0,4
13,2026-27,Euroleague,DARIO BRIZUELA,FC Barcelona,BAR,"2026-09-29, DUB vs BAR",18,0,0,1,0,3,0,0,1,0,1,1,0,2,0,4
13,2026-27,Euroleague,OLIVIER NKAMHOUA,FC Barcelona,BAR,"2026-09-29, DUB vs BAR",20,8,4,4,0,3,0,0,0,1,1,1,0,0,0,3
13,2026-27,Euroleague,OLEK BALCEROWSKI,FC Barcelona,BAR,"2026-09-29, DUB vs BAR",20,10,3,5,0,0,4,4,1,2,3,2,1,0,0,1
13,2026-27,Euroleague,JUSTIN MINAYA,FC Barcelona,BAR,"2026-09-29, DUB vs BAR",11,0,0,0,0,0,0,0,0,0,0,0,1,0,0,2
13,2026-27,Euroleague,JOEL PARRA,FC Barcelona,BAR,"2026-09-29, DUB vs BAR",27,8,1,4,2,4,0,0,2,1,3,1,1,0,0,1
14,2026-27,Euroleague,STERLING BROWN,Zalgiris,ZAL,"2026-09-29, ZAL vs OLY",23,20,4,5,4,6,0,0,0,0,0,0,1,3,1,1
14,2026-27,Euroleague,CARSEN EDWARDS,Zalgiris,ZAL,"2026-09-29, ZAL vs OLY",27,16,4,10,2,3,2,2,1,0,1,4,1,2,0,1
14,2026-27,Euroleague,DOVYDAS GIEDRAITIS,Zalgiris,ZAL,"2026-09-29, ZAL vs OLY",18,0,0,0,0,1,0,0,1,0,1,2,0,2,0,2
14,2026-27,Euroleague,AZUOLAS TUBELIS,Zalgiris,ZAL,"2026-09-29, ZAL vs OLY",27,19,9,13,0,1,1,2,4,3,7,3,1,1,0,3
14,2026-27,Euroleague,MAODO LO,Zalgiris,ZAL,"2026-09-29, ZAL vs OLY",14,0,0,1,0,3,0,0,2,1,3,1,0,2,0,2
14,2026-27,Euroleague,DUSTIN SLEVA,Zalgiris,ZAL,"2026-09-29, ZAL vs OLY",6,0,0,0,0,0,0,0,0,1,1,1,0,0,0,1
14,2026-27,Euroleague,JONAS VALANCIUNAS,Zalgiris,ZAL,"2026-09-29, ZAL vs OLY",24,11,3,6,1,1,2,2,4,2,6,7,1,3,1,3
14,2026-27,Euroleague,MAREK BLAZEVIC,Zalgiris,ZAL,"2026-09-29, ZAL vs OLY",16,4,2,5,0,0,0,0,2,3,5,0,1,1,0,2
14,2026-27,Euroleague,MARIUS GRIGONIS,Zalgiris,ZAL,"2026-09-29, ZAL vs OLY",19,9,0,0,3,7,0,0,3,2,5,2,2,0,0,2
14,2026-27,Euroleague,ARNAS BUTKEVICIUS,Zalgiris,ZAL,"2026-09-29, ZAL vs OLY",12,7,2,2,1,2,0,0,1,0,1,1,1,0,0,3
14,2026-27,Euroleague,DEIVIDAS SIRVYDIS,Zalgiris,ZAL,"2026-09-29, ZAL vs OLY",4,5,1,2,1,1,0,0,0,0,0,0,0,2,0,0
14,2026-27,Euroleague,EDGARAS ULANOVAS,Zalgiris,ZAL,"2026-09-29, ZAL vs OLY",10,0,0,0,0,1,0,0,1,0,1,4,1,0,0,2
14,2026-27,Euroleague,CODI MILLER-MCINTYRE,Olympiacos,OLY,"2026-09-29, ZAL vs OLY",13,4,2,2,0,2,0,0,1,0,1,6,0,2,0,2
14,2026-27,Euroleague,TYSON WARD,Olympiacos,OLY,"2026-09-29, ZAL vs OLY",32,10,1,2,2,3,2,2,4,1,5,1,1,1,0,4
14,2026-27,Euroleague,JEAN MONTERO,Olympiacos,OLY,"2026-09-29, ZAL vs OLY",27,15,5,8,0,3,5,5,1,2,3,7,1,2,0,0
14,2026-27,Euroleague,SASHA VEZENKOV,Olympiacos,OLY,"2026-09-29, ZAL vs OLY",25,18,8,10,0,0,2,3,5,3,8,1,1,1,0,0
14,2026-27,Euroleague,KOSTAS PAPANIKOLAOU,Olympiacos,OLY,"2026-09-29, ZAL vs OLY",8,2,1,1,0,0,0,0,1,1,2,2,1,2,0,0
14,2026-27,Euroleague,TYLER DORSEY,Olympiacos,OLY,"2026-09-29, ZAL vs OLY",20,10,3,4,1,7,1,2,1,1,2,1,2,2,0,0
14,2026-27,Euroleague,MBAYE NDIAYE,Olympiacos,OLY,"2026-09-29, ZAL vs OLY",19,9,3,3,0,0,3,4,0,0,0,0,2,1,0,1
14,2026-27,Euroleague,DONTA HALL,Olympiacos,OLY,"2026-09-29, ZAL vs OLY",21,1,0,2,0,0,1,2,1,2,3,3,1,0,2,3
14,2026-27,Euroleague,TYRIQUE JONES,Olympiacos,OLY,"2026-09-29, ZAL vs OLY",16,5,1,3,0,0,3,4,0,0,0,1,0,1,0,3
14,2026-27,Euroleague,EVAN FOURNIER,Olympiacos,OLY,"2026-09-29, ZAL vs OLY",20,19,4,7,2,5,5,6,1,0,1,0,1,2,0,2
15,2026-27,Euroleague,TJ SHORTS,Valencia,PAM,"2026-09-29, PAM vs BAS",19,12,5,8,0,0,2,2,0,0,0,10,1,1,0,2
15,2026-27,Euroleague,KAMERON TAYLOR,Valencia,PAM,"2026-09-29, PAM vs BAS",18,6,3,3,0,0,0,0,4,0,4,3,2,1,1,2
15,2026-27,Euroleague,JOSEP PUERTO,Valencia,PAM,"2026-09-29, PAM vs BAS",17,13,1,2,3,5,2,2,1,1,2,0,0,0,1,2
15,2026-27,Euroleague,NATHAN REUVERS,Valencia,PAM,"2026-09-29, PAM vs BAS",11,7,2,4,0,1,3,3,0,2,2,1,1,1,0,2
15,2026-27,Euroleague,MARIO SAINT-SUPERY,Valencia,PAM,"2026-09-29, PAM vs BAS",16,3,0,3,1,3,0,0,1,1,2,0,0,1,0,2
15,2026-27,Euroleague,DYLAN OSETKOWSKI,Valencia,PAM,"2026-09-29, PAM vs BAS",19,12,2,2,2,3,2,2,6,1,7,1,1,0,0,1
15,2026-27,Euroleague,OMARI MOORE,Valencia,PAM,"2026-09-29, PAM vs BAS",20,10,4,9,0,0,2,3,0,3,3,6,0,2,0,0
15,2026-27,Euroleague,ARMONI BROOKS,Valencia,PAM,"2026-09-29, PAM vs BAS",18,17,2,2,4,7,1,2,1,0,1,2,3,1,0,2
15,2026-27,Euroleague,NEAL SAKO,Valencia,PAM,"2026-09-29, PAM vs BAS",17,4,2,5,0,0,0,2,4,1,5,2,0,3,1,1
15,2026-27,Euroleague,GONZALO CORBALAN,Valencia,PAM,"2026-09-29, PAM vs BAS",12,4,1,3,0,2,2,2,0,1,1,0,0,0,0,1
15,2026-27,Euroleague,NIKOLA MIROTIC,Valencia,PAM,"2026-09-29, PAM vs BAS",16,13,2,2,2,5,3,3,3,1,4,1,1,0,0,0
15,2026-27,Euroleague,JASIEL RIVERO,Valencia,PAM,"2026-09-29, PAM vs BAS",16,10,2,6,1,1,3,3,2,1,3,1,0,1,1,3
15,2026-27,Euroleague,MARKUS HOWARD,Baskonia,BAS,"2026-09-29, PAM vs BAS",10,5,1,4,1,4,0,0,0,0,0,0,0,2,0,2
15,2026-27,Euroleague,A.J. LAWSON,Baskonia,BAS,"2026-09-29, PAM vs BAS",22,13,2,3,2,5,3,4,2,0,2,2,0,0,0,3
15,2026-27,Euroleague,KOBI SIMMONS,Baskonia,BAS,"2026-09-29, PAM vs BAS",11,0,0,1,0,1,0,0,2,0,2,1,0,0,1,1
15,2026-27,Euroleague,DJ STEWART,Baskonia,BAS,"2026-09-29, PAM vs BAS",23,14,6,7,0,1,2,2,0,2,2,4,1,2,0,0
15,2026-27,Euroleague,CHRIS DUARTE,Baskonia,BAS,"2026-09-29, PAM vs BAS",21,9,2,7,1,4,2,2,2,1,3,0,1,2,0,3
15,2026-27,Euroleague,STEFAN JOKSIMOVIC,Baskonia,BAS,"2026-09-29, PAM vs BAS",8,2,1,3,0,0,0,0,2,1,3,4,1,0,1,2
15,2026-27,Euroleague,RODIONS KURUCS,Baskonia,BAS,"2026-09-29, PAM vs BAS",15,0,0,0,0,2,0,0,7,1,8,3,0,3,0,5
15,2026-27,Euroleague,TADAS SEDEKERSKIS,Baskonia,BAS,"2026-09-29, PAM vs BAS",22,16,8,8,0,3,0,0,4,3,7,0,0,0,0,1
15,2026-27,Euroleague,MATTEO SPAGNOLO,Baskonia,BAS,"2026-09-29, PAM vs BAS",21,5,1,2,1,5,0,0,1,0,1,5,1,2,0,1
15,2026-27,Euroleague,DAMION BAUGH,Baskonia,BAS,"2026-09-29, PAM vs BAS",14,4,2,3,0,2,0,1,1,0,1,4,2,3,0,2
15,2026-27,Euroleague,CLEMENT FRISCH,Baskonia,BAS,"2026-09-29, PAM vs BAS",8,5,1,1,0,0,3,4,1,1,2,0,0,0,0,1
15,2026-27,Euroleague,KENNETH FARIED,Baskonia,BAS,"2026-09-29, PAM vs BAS",23,15,6,8,1,1,0,0,2,3,5,0,1,2,3,1
16,2026-27,Euroleague,JASON BURNELL,Milan,MIL,"2026-09-29, MIL vs VIR",17,6,3,8,0,1,0,0,5,5,10,2,1,0,1,2
16,2026-27,Euroleague,RJ COLE,Milan,MIL,"2026-09-29, MIL vs VIR",16,11,3,4,1,5,2,2,2,0,2,3,0,2,0,3
16,2026-27,Euroleague,MOSES WRIGHT,Milan,MIL,"2026-09-29, MIL vs VIR",26,11,4,5,0,0,3,4,3,4,7,0,0,2,0,2
16,2026-27,Euroleague,LEANDRO BOLMARO,Milan,MIL,"2026-09-29, MIL vs VIR",20,5,1,3,1,4,0,2,3,1,4,1,1,2,1,1
16,2026-27,Euroleague,DARIUS THOMPSON,Milan,MIL,"2026-09-29, MIL vs VIR",21,12,3,4,2,4,0,0,0,0,0,2,2,1,0,0
16,2026-27,Euroleague,DEVON HALL,Milan,MIL,"2026-09-29, MIL vs VIR",23,12,2,5,2,2,2,2,1,0,1,1,0,1,0,3
16,2026-27,Euroleague,MARKO GUDURIC,Milan,MIL,"2026-09-29, MIL vs VIR",27,14,4,5,2,7,0,0,1,3,4,2,1,0,0,3
16,2026-27,Euroleague,GARRISON MATHEWS,Milan,MIL,"2026-09-29, MIL vs VIR",13,6,0,0,2,4,0,0,0,0,0,0,0,1,0,2
16,2026-27,Euroleague,ALEC PETERS,Milan,MIL,"2026-09-29, MIL vs VIR",23,7,2,7,0,3,3,3,4,1,5,0,0,1,0,2
16,2026-27,Euroleague,DEVIN BOOKER,Milan,MIL,"2026-09-29, MIL vs VIR",14,3,1,3,0,0,1,2,6,0,6,1,1,1,0,2
16,2026-27,Euroleague,RASHEED BELLO,Virtus Bologna,VIR,"2026-09-29, MIL vs VIR",9,8,0,1,2,4,2,2,1,0,1,0,0,1,0,2
16,2026-27,Euroleague,TRENT FRAZIER,Virtus Bologna,VIR,"2026-09-29, MIL vs VIR",24,7,1,2,1,4,2,2,4,1,5,5,2,0,0,3
16,2026-27,Euroleague,MARCUS CARR,Virtus Bologna,VIR,"2026-09-29, MIL vs VIR",23,10,3,9,1,3,1,2,2,0,2,9,1,1,0,1
16,2026-27,Euroleague,WENDELL MOORE,Virtus Bologna,VIR,"2026-09-29, MIL vs VIR",23,12,4,6,0,1,4,5,2,1,3,0,1,2,0,4
16,2026-27,Euroleague,KESSLER EDWARDS,Virtus Bologna,VIR,"2026-09-29, MIL vs VIR",26,6,0,0,2,3,0,0,6,0,6,1,1,1,0,1
16,2026-27,Euroleague,TOMMASO BALDASSO,Virtus Bologna,VIR,"2026-09-29, MIL vs VIR",13,6,3,3,0,1,0,0,2,0,2,3,0,1,0,1
16,2026-27,Euroleague,DERRICK ALSTON JR.,Virtus Bologna,VIR,"2026-09-29, MIL vs VIR",20,10,2,5,1,6,3,3,0,0,0,0,1,0,0,1
16,2026-27,Euroleague,DANIEL HACKETT,Virtus Bologna,VIR,"2026-09-29, MIL vs VIR",8,0,0,1,0,0,0,0,0,1,1,1,0,1,0,3
16,2026-27,Euroleague,FRANCESCO FERRARI,Virtus Bologna,VIR,"2026-09-29, MIL vs VIR",0,0,0,0,0,0,0,0,0,0,0,0,0,0,0,0
16,2026-27,Euroleague,ALIOU DIARRA,Virtus Bologna,VIR,"2026-09-29, MIL vs VIR",23,15,6,9,0,0,3,4,5,2,7,0,1,1,4,3
16,2026-27,Euroleague,BO KLINTMAN,Virtus Bologna,VIR,"2026-09-29, MIL vs VIR",19,7,2,3,1,2,0,0,2,3,5,1,1,1,0,2
16,2026-27,Euroleague,MOUHAMET DIOUF,Virtus Bologna,VIR,"2026-09-29, MIL vs VIR",11,4,2,3,0,0,0,0,0,0,0,0,0,0,0,2
17,2026-27,Euroleague,MARCUS BINGHAM,Fenerbahce,ULK,"2026-09-29, ULK vs MUN",16,12,3,3,2,4,0,1,3,0,3,0,2,1,1,2
17,2026-27,Euroleague,WADE BALDWIN IV,Fenerbahce,ULK,"2026-09-29, ULK vs MUN",17,13,2,3,3,4,0,0,3,1,4,8,2,2,0,2
17,2026-27,Euroleague,NICOLO MELLI,Fenerbahce,ULK,"2026-09-29, ULK vs MUN",19,11,1,1,3,4,0,0,3,0,3,1,0,0,0,1
17,2026-27,Euroleague,SERTAC SANLI,Fenerbahce,ULK,"2026-09-29, ULK vs MUN",14,10,2,3,2,4,0,0,1,0,1,1,0,0,0,2
17,2026-27,Euroleague,TALEN HORTON TUCKER,Fenerbahce,ULK,"2026-09-29, ULK vs MUN",19,19,5,9,2,5,3,3,3,2,5,4,0,0,1,0
17,2026-27,Euroleague,JOHNNY JUZANG,Fenerbahce,ULK,"2026-09-29, ULK vs MUN",13,8,3,3,0,2,2,2,1,0,1,0,0,1,0,2
17,2026-27,Euroleague,TRENT FORREST,Fenerbahce,ULK,"2026-09-29, ULK vs MUN",19,4,0,1,1,1,1,2,1,1,2,3,0,0,0,0
17,2026-27,Euroleague,BRAXTON KEY,Fenerbahce,ULK,"2026-09-29, ULK vs MUN",21,2,1,3,0,0,0,0,1,4,5,1,0,2,0,3
17,2026-27,Euroleague,WILL CLYBURN,Fenerbahce,ULK,"2026-09-29, ULK vs MUN",18,7,1,2,1,4,2,2,1,0,1,2,1,1,0,2
17,2026-27,Euroleague,CHRIS SILVA,Fenerbahce,ULK,"2026-09-29, ULK vs MUN",9,2,1,3,0,0,0,0,0,0,0,0,0,2,1,3
17,2026-27,Euroleague,SHAVON SHIELDS,Fenerbahce,ULK,"2026-09-29, ULK vs MUN",18,3,1,2,0,1,1,1,3,0,3,0,1,1,0,1
17,2026-27,Euroleague,IGNAS SARGIUNAS,Fenerbahce,ULK,"2026-09-29, ULK vs MUN",17,9,3,4,1,1,0,0,1,1,2,5,1,1,0,1
17,2026-27,Euroleague,MILES NORRIS,Bayern Munich,MUN,"2026-09-29, ULK vs MUN",13,3,0,1,1,3,0,0,1,0,1,1,0,0,0,0
17,2026-27,Euroleague,OSCAR DA SILVA,Bayern Munich,MUN,"2026-09-29, ULK vs MUN",17,4,2,2,0,3,0,0,2,0,2,1,0,0,1,2
17,2026-27,Euroleague,MARJON BEAUCHAMP,Bayern Munich,MUN,"2026-09-29, ULK vs MUN",21,7,3,4,0,3,1,1,2,0,2,3,1,1,0,1
17,2026-27,Euroleague,DUANE WASHINGTON,Bayern Munich,MUN,"2026-09-29, ULK vs MUN",18,20,5,6,3,6,1,2,0,0,0,2,2,2,0,2
17,2026-27,Euroleague,JOHANNES VOIGTMANN,Bayern Munich,MUN,"2026-09-29, ULK vs MUN",15,1,0,0,0,0,1,2,4,1,5,2,0,0,0,0
17,2026-27,Euroleague,JUSTINIAN JESSUP,Bayern Munich,MUN,"2026-09-29, ULK vs MUN",12,4,1,2,0,2,2,2,0,2,2,2,0,3,0,2
17,2026-27,Euroleague,VLADIMIR LUCIC,Bayern Munich,MUN,"2026-09-29, ULK vs MUN",19,2,1,1,0,1,0,0,1,1,2,0,0,1,0,1
17,2026-27,Euroleague,ANDREAS OBST,Bayern Munich,MUN,"2026-09-29, ULK vs MUN",22,8,0,0,2,3,2,2,0,0,0,0,0,1,0,2
17,2026-27,Euroleague,JUSTUS HOLLATZ,Bayern Munich,MUN,"2026-09-29, ULK vs MUN",11,2,1,1,0,0,0,0,1,1,2,0,0,2,0,3
17,2026-27,Euroleague,ROKAS JOKUBAITIS,Bayern Munich,MUN,"2026-09-29, ULK vs MUN",19,12,2,3,1,4,5,7,1,0,1,3,0,0,0,1
17,2026-27,Euroleague,JOHANNES THIEMANN,Bayern Munich,MUN,"2026-09-29, ULK vs MUN",17,5,2,4,0,2,1,1,3,2,5,1,0,0,0,0
17,2026-27,Euroleague,AUSTIN WILEY,Bayern Munich,MUN,"2026-09-29, ULK vs MUN",17,8,4,6,0,0,0,0,5,0,5,0,0,4,2,2
18,2026-27,Euroleague,TJ WARREN,Paris,PRS,"2026-09-29, PRS vs PAR",18,14,4,5,2,4,0,0,3,0,3,0,2,0,1,2
18,2026-27,Euroleague,NADIR HIFI,Paris,PRS,"2026-09-29, PRS vs PAR",27,19,4,10,1,5,8,10,1,1,2,4,1,7,0,3
18,2026-27,Euroleague,TERRY TARPEY,Paris,PRS,"2026-09-29, PRS vs PAR",14,0,0,0,0,0,0,0,2,0,2,3,2,0,0,0
18,2026-27,Euroleague,LEOPOLD CAVALIERE,Paris,PRS,"2026-09-29, PRS vs PAR",14,4,2,2,0,1,0,0,1,2,3,2,0,0,0,3
18,2026-27,Euroleague,FRANK NTILIKINA,Paris,PRS,"2026-09-29, PRS vs PAR",10,3,0,1,1,3,0,0,2,0,2,0,1,1,0,3
18,2026-27,Euroleague,SEBASTIAN HERRERA,Paris,PRS,"2026-09-29, PRS vs PAR",20,9,0,1,3,5,0,0,1,0,1,2,0,0,0,1
18,2026-27,Euroleague,JARED RHODEN,Paris,PRS,"2026-09-29, PRS vs PAR",18,14,5,6,1,5,1,1,5,4,9,1,0,4,0,2
18,2026-27,Euroleague,TYSON ETIENNE,Paris,PRS,"2026-09-29, PRS vs PAR",18,7,2,3,1,2,0,0,2,0,2,2,1,4,0,2
18,2026-27,Euroleague,ALLAN DOKOSSI,Paris,PRS,"2026-09-29, PRS vs PAR",20,0,0,0,0,0,0,0,0,1,1,4,1,3,0,4
18,2026-27,Euroleague,MOUHAMED FAYE,Paris,PRS,"2026-09-29, PRS vs PAR",20,3,1,2,0,0,1,2,2,1,3,1,0,1,3,1
18,2026-27,Euroleague,JEREMY MORGAN,Paris,PRS,"2026-09-29, PRS vs PAR",14,6,0,0,2,4,0,0,1,1,2,2,2,0,0,3
18,2026-27,Euroleague,DAULTON HOMMES,Paris,PRS,"2026-09-29, PRS vs PAR",8,0,0,0,0,1,0,0,0,0,0,1,0,1,0,1
18,2026-27,Euroleague,KYLE ALLMAN,Partizan,PAR,"2026-09-29, PRS vs PAR",25,10,2,4,1,2,3,4,2,0,2,2,0,2,0,2
18,2026-27,Euroleague,CARLIK JONES,Partizan,PAR,"2026-09-29, PRS vs PAR",23,20,6,9,0,2,8,9,0,1,1,5,3,2,0,0
18,2026-27,Euroleague,LUCA VILDOZA,Partizan,PAR,"2026-09-29, PRS vs PAR",20,16,6,7,1,2,1,1,0,0,0,2,6,2,1,2
18,2026-27,Euroleague,ETHAN THOMPSON,Partizan,PAR,"2026-09-29, PRS vs PAR",10,3,0,3,1,2,0,0,1,1,2,1,0,0,0,2
18,2026-27,Euroleague,MARIO NAKIC,Partizan,PAR,"2026-09-29, PRS vs PAR",4,0,0,1,0,1,0,0,1,0,1,0,0,0,0,1
18,2026-27,Euroleague,NIKOLA TANASKOVIC,Partizan,PAR,"2026-09-29, PRS vs PAR",19,9,3,4,0,0,3,4,1,1,2,1,1,0,0,1
18,2026-27,Euroleague,LAMAR STEVENS,Partizan,PAR,"2026-09-29, PRS vs PAR",19,8,1,1,2,3,0,0,3,0,3,2,0,3,1,1
18,2026-27,Euroleague,KEVARRIUS HAYES,Partizan,PAR,"2026-09-29, PRS vs PAR",15,2,0,3,0,0,2,4,2,2,4,1,1,1,0,3
18,2026-27,Euroleague,ARIJAN LAKIC,Partizan,PAR,"2026-09-29, PRS vs PAR",20,3,0,0,1,4,0,0,1,0,1,2,0,1,0,4
18,2026-27,Euroleague,TONYE JEKIRI,Partizan,PAR,"2026-09-29, PRS vs PAR",22,15,7,10,0,0,1,2,5,2,7,1,1,0,0,1
18,2026-27,Euroleague,ALESSANDRO PAJOLA,Partizan,PAR,"2026-09-29, PRS vs PAR",20,6,0,0,2,3,0,0,2,0,2,5,2,2,0,4
18,2026-27,Euroleague,BANDJA SY,Partizan,PAR,"2026-09-29, PRS vs PAR",3,0,0,0,0,0,0,0,0,0,0,0,0,0,0,0
