TEAM,CODE,MATCHUP,PTS,2PM,2PA,3PM,3PA,FTM,FTA,DREB,OREB,REB,AST,STL,TOV,BLK,PF
Crvena Zvezda,RED,"2026-09-24, RED vs ZAL",77,17,44,10,29,13,19,24,15,39,21,7,14,3,27
Zalgiris,ZAL,"2026-09-24, RED vs ZAL",83,20,43,8,20,19,27,33,13,46,18,8,16,6,22
Dubai,DUB,"2026-09-24, DUB vs MAD",78,17,40,10,28,14,18,27,18,45,17,3,15,5,16
Real Madrid,MAD,"2026-09-24, DUB vs MAD",77,25,50,6,18,9,11,21,9,30,13,5,8,5,17
Hapoel TLV,HTA,"2026-09-24, HTA vs MUN",84,25,43,7,26,13,13,24,14,38,13,7,14,4,18
Bayern Munich,MUN,"2026-09-24, HTA vs MUN",86,21,39,9,24,17,19,22,9,31,20,10,12,1,22
FC Barcelona,BAR,"2026-09-24, BAR vs IST",89,21,35,12,29,11,14,22,9,31,14,4,12,3,20
Anadolu Efes,IST,"2026-09-24, BAR vs IST",82,24,41,4,20,22,25,24,9,33,16,5,12,1,19
Baskonia,BAS,"2026-09-24, BAS vs OLY",89,14,36,16,44,13,15,17,17,34,25,9,11,0,23
Olympiacos,OLY,"2026-09-24, BAS vs OLY",106,28,42,8,22,26,28,31,11,42,20,6,15,3,18
LDLC ASVEL,ASV,"2026-09-24, ASV vs TEL",84,11,24,16,34,14,20,23,6,29,20,8,15,3,20
Maccabi,TEL,"2026-09-24, ASV vs TEL",74,21,34,7,29,11,15,28,10,38,19,10,20,0,25
Panathinaikos,PAN,"2026-09-24, PAN vs PRS",91,20,37,10,29,21,22,30,15,45,16,10,17,8,18
Paris,PRS,"2026-09-24, PAN vs PRS",72,12,27,13,39,9,15,20,11,31,19,7,17,2,22
Besiktas,BES,"2026-09-25, BES vs PAM",94,19,31,13,31,17,23,20,9,29,23,5,13,3,26
Valencia,PAM,"2026-09-25, BES vs PAM",96,25,49,9,21,19,21,24,16,40,18,6,13,0,24
Fenerbahce,ULK,"2026-09-25, ULK vs VIR",78,21,35,3,21,27,34,31,10,41,18,8,13,3,19
Virtus Bologna,VIR,"2026-09-25, ULK vs VIR",68,22,40,4,26,12,14,26,10,36,14,2,12,2,25
Partizan,PAR,"2026-09-25, PAR vs MIL",92,23,38,11,24,13,18,22,8,30,21,12,10,4,18
Milan,MIL,"2026-09-25, PAR vs MIL",76,17,34,11,23,9,11,22,6,28,17,2,16,1,20
Anadolu Efes,IST,"2026-09-29, IST vs MAD",94,22,44,10,25,20,22,19,7,26,18,11,10,2,21
Real Madrid,MAD,"2026-09-29, IST vs MAD",84,19,32,9,26,19,22,29,12,41,23,4,21,5,24
Crvena Zvezda,RED,"2026-09-29, RED vs HTA",80,20,41,8,28,16,20,34,17,51,21,2,13,2,29
Hapoel TLV,HTA,"2026-09-29, RED vs HTA",81,16,36,9,30,22,30,27,11,38,12,7,6,5,22
Dubai,DUB,"2026-09-29, DUB vs BAR",94,21,32,9,24,25,28,26,8,34,19,3,15,4,14
FC Barcelona,BAR,"2026-09-29, DUB vs BAR",87,24,39,11,36,6,8,14,13,27,15,9,5,1,22
Zalgiris,ZAL,"2026-09-29, ZAL vs OLY",91,25,44,12,26,5,6,19,14,33,25,9,17,2,22
Olympiacos,OLY,"2026-09-29, ZAL vs OLY",93,28,42,5,20,22,28,19,11,30,22,10,14,2,15
Valencia,PAM,"2026-09-29, PAM vs BAS",111,26,49,13,27,20,24,24,14,38,27,9,11,4,18
Baskonia,BAS,"2026-09-29, PAM vs BAS",88,30,47,6,28,10,13,25,14,39,23,7,17,5,22
Milan,MIL,"2026-09-29, MIL vs VIR",87,23,44,10,30,11,15,27,16,43,12,6,11,2,20
Virtus Bologna,VIR,"2026-09-29, MIL vs VIR",85,23,42,8,24,15,18,25,9,34,20,8,9,4,23
Fenerbahce,ULK,"2026-09-29, ULK vs MUN",100,23,37,15,30,9,11,22,12,34,25,7,11,3,19
Bayern Munich,MUN,"2026-09-29, ULK vs MUN",76,21,30,7,27,13,17,20,7,27,15,3,15,3,16
Paris,PRS,"2026-09-29, PRS vs PAR",79,18,30,11,30,10,13,21,12,33,22,10,21,4,25
Partizan,PAR,"2026-09-29, PRS vs PAR",92,25,42,8,19,18,24,20,9,29,22,14,13,2,21
Maccabi,TEL,"2026-09-30, TEL vs BES",93,27,42,5,18,24,30,17,8,25,20,6,12,3,21
Besiktas,BES,"2026-09-30, TEL vs BES",109,20,32,17,30,18,24,22,7,29,25,1,11,2,25
Panathinaikos,PAN,"2026-09-30, PAN vs ASV",102,24,37,13,26,15,23,24,13,37,25,7,14,4,19
LDLC ASVEL,ASV,"2026-09-30, PAN vs ASV",79,19,37,9,30,14,22,14,15,29,20,11,13,1,23
Crvena Zvezda,RED,"2026-10-01, RED vs IST",77,19,42,8,28,15,23,31,12,43,17,10,13,3,23
Anadolu Efes,IST,"2026-10-01, RED vs IST",72,20,42,6,25,14,18,33,13,46,18,7,18,4,23
Hapoel TLV,HTA,"2026-10-01, HTA vs MAD",102,23,38,12,28,20,26,25,8,33,16,4,9,1,23
Real Madrid,MAD,"2026-10-01, HTA vs MAD",98,23,38,11,30,19,23,24,11,35,22,2,12,2,28
Virtus Bologna,VIR,"2026-10-01, VIR vs OLY",96,24,37,11,40,15,20,21,20,41,24,6,11,1,18
Olympiacos,OLY,"2026-10-01, VIR vs OLY",94,28,43,9,27,11,13,22,12,34,19,3,11,2,20
Paris,PRS,"2026-10-01, PRS vs ZAL",82,25,41,6,28,14,18,27,16,43,17,3,10,4,29
Zalgiris,ZAL,"2026-10-01, PRS vs ZAL",78,21,43,5,22,21,28,25,17,42,17,5,9,3,20
