GAME_ID,SEASON,LEAGUE,PLAYER,TEAM,MATCHUP,MIN,PTS,2PM,2PA,3PM,3PA,FTM,FTA,DREB,OREB,REB,AST,STL,TOV,BLK,PF
105375,2026-27,ACB,MARGIRIS NORMANTAS,SURNE BILBAO,"2026-09-26, SBB vs K&U",21,14,2,6,2,3,4,6,3,1,4,2,0,2,0,1
105375,2026-27,ACB,HARALD FREY,SURNE BILBAO,"2026-09-26, SBB vs K&U",23,14,2,3,3,4,1,2,0,0,0,6,1,0,0,1
105375,2026-27,ACB,MARTIN KRAMPELJ,SURNE BILBAO,"2026-09-26, SBB vs K&U",19,11,2,2,1,1,4,4,1,1,2,0,0,5,1,2
105375,2026-27,ACB,DARRUN HILLIARD,SURNE BILBAO,"2026-09-26, SBB vs K&U",24,19,1,4,4,8,5,7,4,1,5,7,1,1,0,1
105375,2026-27,ACB,BASTIEN  VAUTIER,SURNE BILBAO,"2026-09-26, SBB vs K&U",15,12,5,7,0,0,2,2,1,3,4,0,2,0,0,4
105375,2026-27,ACB,DAN DUSCAK,SURNE BILBAO,"2026-09-26, SBB vs K&U",0,0,0,0,0,0,0,0,0,0,0,0,0,0,0,0
105375,2026-27,ACB,NATE DARLING,SURNE BILBAO,"2026-09-26, SBB vs K&U",21,2,0,4,0,4,2,2,2,0,2,3,1,0,0,0
105375,2026-27,ACB,MANEX ANSORREGI,SURNE BILBAO,"2026-09-26, SBB vs K&U",3,0,0,0,0,0,0,0,0,0,0,0,0,0,0,1
105375,2026-27,ACB,LUKE PETRASEK,SURNE BILBAO,"2026-09-26, SBB vs K&U",19,8,2,2,0,3,4,4,2,0,2,0,0,1,0,2
105375,2026-27,ACB,ALEIX FONT,SURNE BILBAO,"2026-09-26, SBB vs K&U",14,8,0,1,2,2,2,2,1,0,1,0,0,0,0,5
105375,2026-27,ACB,ADAM SOMOGYI,SURNE BILBAO,"2026-09-26, SBB vs K&U",17,7,2,6,1,2,0,0,0,1,1,5,1,1,1,3
105375,2026-27,ACB,TRYGGVI HLINASON,SURNE BILBAO,"2026-09-26, SBB vs K&U",24,12,4,5,0,0,4,6,4,4,8,2,1,1,0,1
105375,2026-27,ACB,HUGO BENITEZ,KIDS&US MANRESA,"2026-09-26, SBB vs K&U",5,2,1,2,0,1,0,0,0,1,1,0,0,0,0,2
105375,2026-27,ACB,PABLO TAMBA,KIDS&US MANRESA,"2026-09-26, SBB vs K&U",14,5,2,2,0,0,1,2,3,0,3,2,2,0,0,4
105375,2026-27,ACB,CHIBUZO AGBO,KIDS&US MANRESA,"2026-09-26, SBB vs K&U",20,7,0,0,2,3,1,3,1,0,1,0,0,0,0,5
105375,2026-27,ACB,JD NOTAE,KIDS&US MANRESA,"2026-09-26, SBB vs K&U",23,14,4,6,2,7,0,0,2,0,2,1,1,2,0,1
105375,2026-27,ACB,NICK ONGENDA,KIDS&US MANRESA,"2026-09-26, SBB vs K&U",23,17,8,11,0,0,1,2,1,1,2,0,2,2,0,3
105375,2026-27,ACB,LUKASZ KOLENDA,KIDS&US MANRESA,"2026-09-26, SBB vs K&U",26,16,3,4,2,5,4,4,1,0,1,3,0,1,0,2
105375,2026-27,ACB,ERIC VILA,KIDS&US MANRESA,"2026-09-26, SBB vs K&U",21,3,1,1,0,4,1,2,4,3,7,1,0,2,0,1
105375,2026-27,ACB,LUCAS BEAUFORT,KIDS&US MANRESA,"2026-09-26, SBB vs K&U",8,4,2,3,0,0,0,0,0,0,0,0,0,1,0,1
105375,2026-27,ACB,FERRAN BASSAS,KIDS&US MANRESA,"2026-09-26, SBB vs K&U",22,5,1,3,1,5,0,0,0,0,0,7,1,1,0,0
105375,2026-27,ACB,MICHAEL ENABULELE,KIDS&US MANRESA,"2026-09-26, SBB vs K&U",0,0,0,0,0,0,0,0,0,0,0,0,0,0,0,0
105375,2026-27,ACB,RAFAEL VILLAR,KIDS&US MANRESA,"2026-09-26, SBB vs K&U",21,9,4,6,0,2,1,2,3,1,4,5,1,2,0,3
105375,2026-27,ACB,YORDAN MINCHEV,KIDS&US MANRESA,"2026-09-26, SBB vs K&U",17,10,2,3,2,4,0,0,3,3,6,1,0,2,0,4
105376,2026-27,ACB,CHUMI ORTEGA,MORABANC ANDORRA,"2026-09-26, MBA vs MOB",9,6,0,2,2,3,0,0,1,1,2,0,0,0,0,1
105376,2026-27,ACB,JAMES AKINJO,MORABANC ANDORRA,"2026-09-26, MBA vs MOB",28,9,2,9,1,3,2,2,5,2,7,12,2,3,0,4
105376,2026-27,ACB,ARTEM PUSTOVYI,MORABANC ANDORRA,"2026-09-26, MBA vs MOB",19,12,3,6,0,0,6,8,3,4,7,0,0,0,1,4
105376,2026-27,ACB,WES IWUNDU,MORABANC ANDORRA,"2026-09-26, MBA vs MOB",24,12,3,3,1,6,3,3,4,1,5,0,0,0,0,2
105376,2026-27,ACB,KASSIUS ROBERTSON,MORABANC ANDORRA,"2026-09-26, MBA vs MOB",31,15,5,9,1,4,2,3,2,1,3,0,2,0,0,2
105376,2026-27,ACB,LAZAR MUTIC,MORABANC ANDORRA,"2026-09-26, MBA vs MOB",16,5,1,3,1,3,0,0,1,1,2,1,0,2,1,2
105376,2026-27,ACB,AARON BEST,MORABANC ANDORRA,"2026-09-26, MBA vs MOB",23,9,0,1,3,7,0,0,2,0,2,1,0,0,0,2
105376,2026-27,ACB,RAFA LUZ,MORABANC ANDORRA,"2026-09-26, MBA vs MOB",11,0,0,0,0,1,0,0,0,0,0,3,0,3,0,0
105376,2026-27,ACB,OWEN  AQUINO,MORABANC ANDORRA,"2026-09-26, MBA vs MOB",2,2,1,1,0,0,0,0,0,0,0,0,0,0,0,1
105376,2026-27,ACB,KYLE KURIC,MORABANC ANDORRA,"2026-09-26, MBA vs MOB",17,5,0,0,1,3,2,2,1,0,1,1,0,1,0,3
105376,2026-27,ACB,LUKA BOTTIROLI,MORABANC ANDORRA,"2026-09-26, MBA vs MOB",0,0,0,0,0,0,0,0,0,0,0,0,0,0,0,0
105376,2026-27,ACB,LEON RADOSEVIC,MORABANC ANDORRA,"2026-09-26, MBA vs MOB",18,10,4,4,0,1,2,2,3,2,5,1,2,0,0,2
105376,2026-27,ACB,BRANDON CHILDRESS,MONBUS OBRADOIRO,"2026-09-26, MBA vs MOB",22,18,3,5,2,4,6,7,1,0,1,4,1,2,0,2
105376,2026-27,ACB,LEO MEINDL,MONBUS OBRADOIRO,"2026-09-26, MBA vs MOB",24,12,2,6,2,5,2,4,2,2,4,0,0,3,0,3
105376,2026-27,ACB,JOEL SORIANO,MONBUS OBRADOIRO,"2026-09-26, MBA vs MOB",27,15,5,8,0,0,5,6,5,1,6,1,1,2,0,3
105376,2026-27,ACB,ALEX BARCELLO,MONBUS OBRADOIRO,"2026-09-26, MBA vs MOB",21,6,2,2,0,1,2,2,0,0,0,4,0,0,0,0
105376,2026-27,ACB,ALEX GALAN,MONBUS OBRADOIRO,"2026-09-26, MBA vs MOB",12,2,0,1,0,4,2,2,2,0,2,0,1,0,0,2
105376,2026-27,ACB,EFE ABOGIDI,MONBUS OBRADOIRO,"2026-09-26, MBA vs MOB",19,5,1,1,1,3,0,0,4,2,6,1,0,1,0,2
105376,2026-27,ACB,CALEB AGADA,MONBUS OBRADOIRO,"2026-09-26, MBA vs MOB",16,7,2,4,1,3,0,0,4,1,5,7,0,1,0,3
105376,2026-27,ACB,FELIPE DOS ANJOS,MONBUS OBRADOIRO,"2026-09-26, MBA vs MOB",13,12,6,7,0,0,0,2,6,3,9,0,0,2,0,1
105376,2026-27,ACB,YUNIO BARRUETA,MONBUS OBRADOIRO,"2026-09-26, MBA vs MOB",24,11,1,1,3,6,0,0,3,0,3,3,0,0,0,2
105376,2026-27,ACB,DIOGO BRITO,MONBUS OBRADOIRO,"2026-09-26, MBA vs MOB",13,0,0,1,0,1,0,0,1,0,1,2,1,0,1,2
105376,2026-27,ACB,SERGI QUINTELA,MONBUS OBRADOIRO,"2026-09-26, MBA vs MOB",10,2,1,4,0,0,0,0,1,0,1,1,1,1,0,4
105376,2026-27,ACB,ALONSO FAURE,MONBUS OBRADOIRO,"2026-09-26, MBA vs MOB",0,0,0,0,0,0,0,0,0,0,0,0,0,0,0,0
105377,2026-27,ACB,KEVIN PUNTER,BARCA,"2026-09-26, BAR vs COR",19,10,1,3,2,6,2,2,2,0,2,3,1,0,0,1
105377,2026-27,ACB,JUSTIN ROBINSON,BARCA,"2026-09-26, BAR vs COR",13,10,2,2,2,3,0,0,0,0,0,2,0,3,0,4
105377,2026-27,ACB,OLEK BALCEROWSKI,BARCA,"2026-09-26, BAR vs COR",21,21,9,9,0,0,3,3,4,2,6,1,1,0,2,3
105377,2026-27,ACB,JUSTIN MINAYA,BARCA,"2026-09-26, BAR vs COR",14,2,1,1,0,1,0,0,1,2,3,1,1,0,0,3
105377,2026-27,ACB,JOEL PARRA,BARCA,"2026-09-26, BAR vs COR",21,12,3,7,1,1,3,3,1,1,2,3,1,0,0,1
105377,2026-27,ACB,UMOJA GIBSON,BARCA,"2026-09-26, BAR vs COR",13,8,1,3,2,3,0,0,2,0,2,1,1,3,0,3
105377,2026-27,ACB,TYRESE MARTIN,BARCA,"2026-09-26, BAR vs COR",22,16,2,4,4,7,0,0,1,3,4,2,2,1,0,1
105377,2026-27,ACB,STANLEY UMUDE,BARCA,"2026-09-26, BAR vs COR",19,8,4,6,0,1,0,1,3,1,4,2,1,1,0,2
105377,2026-27,ACB,DARIO BRIZUELA,BARCA,"2026-09-26, BAR vs COR",18,15,4,4,1,3,4,5,1,0,1,1,0,0,0,2
105377,2026-27,ACB,AGUSTIN UBAL,BARCA,"2026-09-26, BAR vs COR",8,4,1,1,0,0,2,2,1,0,1,0,0,2,0,0
105377,2026-27,ACB,OLIVIER NKAMHOUA,BARCA,"2026-09-26, BAR vs COR",19,10,5,5,0,0,0,0,0,2,2,2,0,2,0,2
105377,2026-27,ACB,JUAN NUNEZ,BARCA,"2026-09-26, BAR vs COR",14,3,1,1,0,1,1,2,0,0,0,6,2,0,0,0
105377,2026-27,ACB,ALONZO VERGE JR.,LEYMA CORUNA,"2026-09-26, BAR vs COR",23,16,6,10,0,1,4,5,2,0,2,9,0,4,0,4
105377,2026-27,ACB,PAUL JORGENSEN,LEYMA CORUNA,"2026-09-26, BAR vs COR",18,13,2,4,3,5,0,0,0,0,0,0,0,2,0,0
105377,2026-27,ACB,LUKAS ULECKAS,LEYMA CORUNA,"2026-09-26, BAR vs COR",23,6,0,0,2,3,0,0,1,0,1,1,1,1,0,3
105377,2026-27,ACB,GEORGE CONDITT,LEYMA CORUNA,"2026-09-26, BAR vs COR",22,17,7,9,0,0,3,3,4,4,8,0,1,4,2,2
105377,2026-27,ACB,KARLIS SILINS,LEYMA CORUNA,"2026-09-26, BAR vs COR",18,3,1,1,0,3,1,1,0,0,0,0,0,0,0,3
105377,2026-27,ACB,DIDAC CUEVAS,LEYMA CORUNA,"2026-09-26, BAR vs COR",16,10,3,4,0,4,4,5,0,3,3,4,1,1,0,1
105377,2026-27,ACB,GUILLEM JOU,LEYMA CORUNA,"2026-09-26, BAR vs COR",14,10,0,0,3,3,1,2,1,0,1,0,0,1,0,1
105377,2026-27,ACB,DINO RADONCIC,LEYMA CORUNA,"2026-09-26, BAR vs COR",21,4,2,4,0,2,0,0,2,0,2,4,1,1,0,2
105377,2026-27,ACB,CAIO PACHECO,LEYMA CORUNA,"2026-09-26, BAR vs COR",22,11,1,1,2,3,3,3,0,1,1,5,1,1,0,2
105377,2026-27,ACB,TOMAS DIMSA,LEYMA CORUNA,"2026-09-26, BAR vs COR",0,0,0,0,0,0,0,0,0,0,0,0,0,0,0,0
105377,2026-27,ACB,DMYTRO SKAPINTSEV,LEYMA CORUNA,"2026-09-26, BAR vs COR",18,8,1,4,0,0,6,9,4,3,7,0,1,0,0,3
105377,2026-27,ACB,JACOBO DIAZ,LEYMA CORUNA,"2026-09-26, BAR vs COR",4,3,0,0,1,2,0,0,1,0,1,0,0,0,0,0
105378,2026-27,ACB,TEVIN BROWN,RIO BREOGAN,"2026-09-27, BRE vs JOV",26,14,2,4,3,10,1,2,7,0,7,5,0,1,0,3
105378,2026-27,ACB,JOSEP PERIS,RIO BREOGAN,"2026-09-27, BRE vs JOV",12,2,1,4,0,1,0,0,1,0,1,0,1,1,0,2
105378,2026-27,ACB,DANKO BRANKOVIC,RIO BREOGAN,"2026-09-27, BRE vs JOV",22,14,4,5,0,0,6,6,7,2,9,2,1,0,1,1
105378,2026-27,ACB,MIHAJLO ANDRIC,RIO BREOGAN,"2026-09-27, BRE vs JOV",20,8,1,1,2,3,0,0,0,0,0,0,0,0,0,3
105378,2026-27,ACB,RASIER BOLTON,RIO BREOGAN,"2026-09-27, BRE vs JOV",22,17,4,8,0,0,9,10,0,0,0,7,0,2,0,2
105378,2026-27,ACB,ALEKSA  ILIC,RIO BREOGAN,"2026-09-27, BRE vs JOV",18,11,5,7,0,0,1,1,1,2,3,0,2,2,0,2
105378,2026-27,ACB,FRANCIS ALONSO,RIO BREOGAN,"2026-09-27, BRE vs JOV",27,14,2,5,2,3,4,4,2,1,3,5,1,0,0,0
105378,2026-27,ACB,ANDERSSON GARCIA,RIO BREOGAN,"2026-09-27, BRE vs JOV",20,10,3,3,1,2,1,2,3,3,6,1,0,1,0,3
105378,2026-27,ACB,ALEKSANDAR ARANITOVIC,RIO BREOGAN,"2026-09-27, BRE vs JOV",14,4,0,1,1,6,1,2,4,0,4,0,2,0,0,0
105378,2026-27,ACB,DOMINIK MAVRA,RIO BREOGAN,"2026-09-27, BRE vs JOV",18,16,2,4,3,3,3,6,1,0,1,2,0,2,0,2
105378,2026-27,ACB,ERIK QUINTELA,RIO BREOGAN,"2026-09-27, BRE vs JOV",2,0,0,0,0,0,0,0,0,0,0,1,0,0,0,0
105378,2026-27,ACB,JONATHAN KASIBABU,RIO BREOGAN,"2026-09-27, BRE vs JOV",0,0,0,0,0,0,0,0,0,0,0,0,0,0,0,0
105378,2026-27,ACB,BOOGIE ELLIS,ASISA JOVENTUT,"2026-09-27, BRE vs JOV",20,11,2,4,1,5,4,4,3,0,3,0,0,1,0,3
105378,2026-27,ACB,RICKY RUBIO,ASISA JOVENTUT,"2026-09-27, BRE vs JOV",27,18,6,10,1,3,3,3,2,0,2,10,1,1,1,3
105378,2026-27,ACB,ALEX REYES,ASISA JOVENTUT,"2026-09-27, BRE vs JOV",23,13,0,1,3,8,4,4,2,0,2,2,0,0,0,4
105378,2026-27,ACB,SIMON BIRGANDER,ASISA JOVENTUT,"2026-09-27, BRE vs JOV",21,8,3,4,0,0,2,2,2,1,3,1,0,1,0,5
105378,2026-27,ACB,KWAN CHEATHAM,ASISA JOVENTUT,"2026-09-27, BRE vs JOV",27,9,1,3,2,4,1,2,4,3,7,1,0,1,0,1
105378,2026-27,ACB,ELI NDIAYE,ASISA JOVENTUT,"2026-09-27, BRE vs JOV",22,10,4,5,0,2,2,2,4,1,5,1,1,1,2,4
105378,2026-27,ACB,NICO LAPROVITTOLA,ASISA JOVENTUT,"2026-09-27, BRE vs JOV",24,22,7,9,2,9,2,2,3,3,6,4,0,3,0,2
105378,2026-27,ACB,LUDDE HAKANSON,ASISA JOVENTUT,"2026-09-27, BRE vs JOV",15,9,0,1,3,5,0,0,3,0,3,1,0,1,0,1
105378,2026-27,ACB,ADRIAN TORRES,ASISA JOVENTUT,"2026-09-27, BRE vs JOV",12,4,2,2,0,0,0,0,0,0,0,0,0,0,0,1
105378,2026-27,ACB,ISAAC NOGUES,ASISA JOVENTUT,"2026-09-27, BRE vs JOV",9,0,0,0,0,0,0,0,2,0,2,0,2,0,0,1
105378,2026-27,ACB,DANI OSAYI,ASISA JOVENTUT,"2026-09-27, BRE vs JOV",0,0,0,0,0,0,0,0,0,0,0,0,0,0,0,0
105379,2026-27,ACB,DJ STEWARD,RECOLETAS SALUD SAN PABLO BURGOS,"2026-09-27, BUR vs BKN",23,15,6,11,1,6,0,0,0,1,1,1,1,3,1,1
105379,2026-27,ACB,BALSA  KOPRIVICA,RECOLETAS SALUD SAN PABLO BURGOS,"2026-09-27, BUR vs BKN",13,10,4,5,0,0,2,3,2,3,5,1,0,1,1,4
105379,2026-27,ACB,DUSAN  RADOSAVLJEVIC,RECOLETAS SALUD SAN PABLO BURGOS,"2026-09-27, BUR vs BKN",20,2,0,2,0,1,2,2,2,1,3,1,1,2,0,4
105379,2026-27,ACB,SEKOU DOUMBOUYA,RECOLETAS SALUD SAN PABLO BURGOS,"2026-09-27, BUR vs BKN",16,10,4,7,0,3,2,4,2,0,2,1,1,2,0,5
105379,2026-27,ACB,RAUL LOBACO,RECOLETAS SALUD SAN PABLO BURGOS,"2026-09-27, BUR vs BKN",25,6,1,2,0,2,4,4,0,5,5,1,0,0,0,0
105379,2026-27,ACB,CHASE AUDIGE,RECOLETAS SALUD SAN PABLO BURGOS,"2026-09-27, BUR vs BKN",17,12,1,4,3,6,1,3,0,1,1,2,0,1,0,2
105379,2026-27,ACB,ZIGA SAMAR,RECOLETAS SALUD SAN PABLO BURGOS,"2026-09-27, BUR vs BKN",22,17,7,10,0,1,3,3,3,3,6,3,2,4,0,4
105379,2026-27,ACB,PABLO ALMAZAN,RECOLETAS SALUD SAN PABLO BURGOS,"2026-09-27, BUR vs BKN",1,0,0,0,0,0,0,0,0,0,0,0,0,0,0,0
105379,2026-27,ACB,DANI DIEZ,RECOLETAS SALUD SAN PABLO BURGOS,"2026-09-27, BUR vs BKN",19,4,1,3,0,0,2,2,9,0,9,2,0,0,0,0
105379,2026-27,ACB,RUBEN GUERRERO,RECOLETAS SALUD SAN PABLO BURGOS,"2026-09-27, BUR vs BKN",7,4,2,3,0,0,0,0,1,1,2,0,0,0,0,0
105379,2026-27,ACB,CHRISTIAN  SENGFELDER,RECOLETAS SALUD SAN PABLO BURGOS,"2026-09-27, BUR vs BKN",24,13,5,6,0,1,3,5,4,1,5,1,0,0,0,1
105379,2026-27,ACB,JOAQUIN TABOADA,RECOLETAS SALUD SAN PABLO BURGOS,"2026-09-27, BUR vs BKN",12,4,2,4,0,1,0,0,0,3,3,2,1,0,0,1
105379,2026-27,ACB,DJ STEWART JR,KOSNER BASKONIA,"2026-09-27, BUR vs BKN",20,7,2,2,1,3,0,0,4,0,4,3,0,0,0,3
105379,2026-27,ACB,CHRIS DUARTE,KOSNER BASKONIA,"2026-09-27, BUR vs BKN",24,13,1,2,2,5,5,5,1,0,1,2,0,0,1,2
105379,2026-27,ACB,TADAS SEDEKERSKIS,KOSNER BASKONIA,"2026-09-27, BUR vs BKN",17,8,1,1,1,1,3,3,3,0,3,2,0,0,0,0
105379,2026-27,ACB,DAMION BAUGH,KOSNER BASKONIA,"2026-09-27, BUR vs BKN",20,9,4,4,0,4,1,1,3,0,3,7,6,3,0,2
105379,2026-27,ACB,KENNETH FARIED,KOSNER BASKONIA,"2026-09-27, BUR vs BKN",22,13,5,7,0,0,3,4,5,0,5,0,0,0,1,3
105379,2026-27,ACB,MARKUS HOWARD,KOSNER BASKONIA,"2026-09-27, BUR vs BKN",13,8,1,1,1,3,3,3,1,0,1,0,0,1,0,1
105379,2026-27,ACB,AJ LAWSON,KOSNER BASKONIA,"2026-09-27, BUR vs BKN",23,13,2,4,2,7,3,4,1,0,1,2,1,1,1,1
105379,2026-27,ACB,KOBI SIMMONS,KOSNER BASKONIA,"2026-09-27, BUR vs BKN",17,10,3,6,0,1,4,5,1,1,2,2,1,2,0,2
105379,2026-27,ACB,STEFAN JOKSIMOVIC,KOSNER BASKONIA,"2026-09-27, BUR vs BKN",2,0,0,0,0,1,0,0,0,0,0,0,0,0,0,1
105379,2026-27,ACB,RODIONS KURUCS,KOSNER BASKONIA,"2026-09-27, BUR vs BKN",20,4,2,5,0,0,0,0,1,1,2,2,1,2,0,5
105379,2026-27,ACB,MATTEO SPAGNOLO,KOSNER BASKONIA,"2026-09-27, BUR vs BKN",7,2,1,1,0,0,0,0,0,0,0,1,0,2,0,0
105379,2026-27,ACB,CLEMENT FRISCH,KOSNER BASKONIA,"2026-09-27, BUR vs BKN",14,11,2,2,2,2,1,1,2,0,2,1,0,0,0,1
105380,2026-27,ACB,KYLE GUY,LA LAGUNA TENERIFE,"2026-09-27, LLT vs CAZ",24,11,1,4,3,6,0,0,2,0,2,3,1,0,0,1
105380,2026-27,ACB,BRUNO FITIPALDO,LA LAGUNA TENERIFE,"2026-09-27, LLT vs CAZ",21,8,0,0,2,7,2,2,0,0,0,2,1,0,0,2
105380,2026-27,ACB,XABI LOPEZ-AROSTEGUI,LA LAGUNA TENERIFE,"2026-09-27, LLT vs CAZ",25,10,2,5,1,2,3,4,4,1,5,0,2,0,0,1
105380,2026-27,ACB,ETHAN HAPP,LA LAGUNA TENERIFE,"2026-09-27, LLT vs CAZ",21,13,5,10,0,0,3,4,2,3,5,2,2,0,0,3
105380,2026-27,ACB,AARON DOORNEKAMP,LA LAGUNA TENERIFE,"2026-09-27, LLT vs CAZ",19,0,0,0,0,2,0,0,1,0,1,3,2,0,0,2
105380,2026-27,ACB,TJ BAMBA,LA LAGUNA TENERIFE,"2026-09-27, LLT vs CAZ",12,4,0,0,1,3,1,2,1,0,1,0,0,1,1,2
105380,2026-27,ACB,JAIME FERNANDEZ,LA LAGUNA TENERIFE,"2026-09-27, LLT vs CAZ",17,10,0,3,2,3,4,4,2,0,2,2,0,2,0,2
105380,2026-27,ACB,MARCELINHO HUERTAS,LA LAGUNA TENERIFE,"2026-09-27, LLT vs CAZ",18,12,4,11,0,2,4,4,1,1,2,3,1,1,0,0
105380,2026-27,ACB,GIORGI SHERMADINI,LA LAGUNA TENERIFE,"2026-09-27, LLT vs CAZ",19,5,2,5,0,0,1,1,3,1,4,0,0,1,0,2
105380,2026-27,ACB,TIM ABROMAITIS,LA LAGUNA TENERIFE,"2026-09-27, LLT vs CAZ",21,7,2,3,1,4,0,0,7,3,10,0,1,0,0,2
105380,2026-27,ACB,HECTOR ALDERETE,LA LAGUNA TENERIFE,"2026-09-27, LLT vs CAZ",0,0,0,0,0,0,0,0,0,0,0,0,0,0,0,0
105380,2026-27,ACB,ARTURS KURUCS,LA LAGUNA TENERIFE,"2026-09-27, LLT vs CAZ",1,0,0,0,0,0,0,0,0,0,0,0,0,0,0,0
105380,2026-27,ACB,GABRIEL OLASENI,CASADEMONT ZARAGOZA,"2026-09-27, LLT vs CAZ",15,2,1,2,0,0,0,0,7,0,7,1,0,3,1,3
105380,2026-27,ACB,TRAE BELL-HAYNES,CASADEMONT ZARAGOZA,"2026-09-27, LLT vs CAZ",24,19,1,4,5,8,2,4,4,2,6,4,1,3,0,2
105380,2026-27,ACB,ROBERTS  BLUMBERGS,CASADEMONT ZARAGOZA,"2026-09-27, LLT vs CAZ",25,16,3,4,2,6,4,4,7,3,10,1,0,3,2,2
105380,2026-27,ACB,MIGUEL GONZALEZ,CASADEMONT ZARAGOZA,"2026-09-27, LLT vs CAZ",15,0,0,0,0,2,0,0,4,1,5,3,0,0,0,2
105380,2026-27,ACB,JUSTIN JAWORSKI,CASADEMONT ZARAGOZA,"2026-09-27, LLT vs CAZ",27,15,3,4,3,5,0,0,0,0,0,1,0,0,0,1
105380,2026-27,ACB,CALEB HOMESLEY,CASADEMONT ZARAGOZA,"2026-09-27, LLT vs CAZ",24,13,1,5,3,8,2,2,2,0,2,1,1,3,0,1
105380,2026-27,ACB,MATIJA LUKIC,CASADEMONT ZARAGOZA,"2026-09-27, LLT vs CAZ",0,0,0,0,0,0,0,0,0,0,0,0,0,0,0,0
105380,2026-27,ACB,NICO BRUSSINO,CASADEMONT ZARAGOZA,"2026-09-27, LLT vs CAZ",19,2,1,1,0,1,0,0,2,0,2,0,1,1,0,5
105380,2026-27,ACB,JAIME FERNANDEZ,CASADEMONT ZARAGOZA,"2026-09-27, LLT vs CAZ",5,0,0,0,0,0,0,0,0,1,1,0,0,0,1,0
105380,2026-27,ACB,LAURYNAS BIRUTIS,CASADEMONT ZARAGOZA,"2026-09-27, LLT vs CAZ",25,6,3,4,0,0,0,5,2,0,2,5,0,2,0,3
105380,2026-27,ACB,GUILLEM VIVES,CASADEMONT ZARAGOZA,"2026-09-27, LLT vs CAZ",17,8,1,1,2,4,0,0,2,0,2,3,0,3,0,4
105380,2026-27,ACB,SERGI GARCIA,CASADEMONT ZARAGOZA,"2026-09-27, LLT vs CAZ",4,0,0,0,0,0,0,0,0,0,0,0,0,0,0,0
105381,2026-27,ACB,MAC MCCLUNG,FIATC GIRONA,"2026-09-27, GIR vs UCM",18,11,2,10,1,3,4,4,1,2,3,1,0,1,0,4
105381,2026-27,ACB,PEP BUSQUETS,FIATC GIRONA,"2026-09-27, GIR vs UCM",24,5,2,4,0,3,1,2,2,1,3,0,0,0,0,3
105381,2026-27,ACB,MARTINAS GEBEN,FIATC GIRONA,"2026-09-27, GIR vs UCM",24,11,3,6,1,1,2,2,8,1,9,1,0,0,1,3
105381,2026-27,ACB,ANDRZEJ PLUTA,FIATC GIRONA,"2026-09-27, GIR vs UCM",16,2,1,1,0,2,0,0,2,0,2,1,1,3,0,0
105381,2026-27,ACB,SERGI MARTINEZ,FIATC GIRONA,"2026-09-27, GIR vs UCM",23,3,0,0,1,1,0,0,0,1,1,0,2,0,0,1
105381,2026-27,ACB,DAVID N'GUESSAN,FIATC GIRONA,"2026-09-27, GIR vs UCM",26,9,3,4,0,2,3,4,5,0,5,0,0,0,0,2
105381,2026-27,ACB,DOMINYKAS  STENIONIS,FIATC GIRONA,"2026-09-27, GIR vs UCM",5,0,0,0,0,0,0,2,0,0,0,0,0,1,0,1
105381,2026-27,ACB,STANLEY WHITTAKER,FIATC GIRONA,"2026-09-27, GIR vs UCM",26,19,4,6,2,5,5,8,3,0,3,4,1,2,0,3
105381,2026-27,ACB,ENRIC SANMARTIN,FIATC GIRONA,"2026-09-27, GIR vs UCM",0,0,0,0,0,0,0,0,0,0,0,0,0,0,0,0
105381,2026-27,ACB,KHORY BRUNOT,FIATC GIRONA,"2026-09-27, GIR vs UCM",0,0,0,0,0,0,0,0,0,0,0,0,0,0,0,0
105381,2026-27,ACB,JASSEL PEREZ,FIATC GIRONA,"2026-09-27, GIR vs UCM",22,20,5,6,1,2,7,10,7,1,8,1,3,3,0,3
105381,2026-27,ACB,NIKOLA MARIC,FIATC GIRONA,"2026-09-27, GIR vs UCM",16,4,2,8,0,2,0,2,2,2,4,2,1,1,0,1
105381,2026-27,ACB,SOULEY BOUM,UCAM MURCIA,"2026-09-27, GIR vs UCM",23,18,2,4,3,11,5,5,2,0,2,2,0,1,0,5
105381,2026-27,ACB,SANDER RAIESTE,UCAM MURCIA,"2026-09-27, GIR vs UCM",16,0,0,2,0,3,0,0,3,1,4,1,0,1,1,2
105381,2026-27,ACB,JUANI MARCOS,UCAM MURCIA,"2026-09-27, GIR vs UCM",22,4,1,2,0,4,2,2,4,0,4,4,1,3,1,2
105381,2026-27,ACB,JEAN-MARC PANSA,UCAM MURCIA,"2026-09-27, GIR vs UCM",17,6,2,4,0,1,2,3,5,3,8,0,0,1,2,4
105381,2026-27,ACB,MARCIS STEINBERGS,UCAM MURCIA,"2026-09-27, GIR vs UCM",20,3,0,1,1,4,0,0,3,1,4,0,1,1,0,4
105381,2026-27,ACB,MICHAEL FORREST,UCAM MURCIA,"2026-09-27, GIR vs UCM",17,15,2,3,3,9,2,2,1,1,2,3,0,4,0,4
105381,2026-27,ACB,JONAH RADEBAUGH,UCAM MURCIA,"2026-09-27, GIR vs UCM",21,6,0,0,2,7,0,0,4,0,4,1,1,1,0,2
105381,2026-27,ACB,WILHELM FALK,UCAM MURCIA,"2026-09-27, GIR vs UCM",7,0,0,0,0,0,0,0,1,0,1,0,0,0,0,2
105381,2026-27,ACB,EMANUEL CATE,UCAM MURCIA,"2026-09-27, GIR vs UCM",20,10,3,5,0,0,4,4,3,3,6,0,0,0,3,3
105381,2026-27,ACB,MOUSSA DIAGNE,UCAM MURCIA,"2026-09-27, GIR vs UCM",0,0,0,0,0,0,0,0,0,0,0,0,0,0,0,0
105381,2026-27,ACB,DYLAN ENNIS,UCAM MURCIA,"2026-09-27, GIR vs UCM",16,7,2,5,1,4,0,0,2,0,2,0,2,1,0,1
105381,2026-27,ACB,TONI NAKIC,UCAM MURCIA,"2026-09-27, GIR vs UCM",21,8,1,3,2,2,0,0,2,1,3,2,4,0,0,0
105382,2026-27,ACB,TJ SHORTS,VALENCIA BASKET,"2026-09-27, VBC vs ILE",22,13,5,12,0,1,3,4,4,0,4,6,0,0,0,4
105382,2026-27,ACB,KAMERON TAYLOR,VALENCIA BASKET,"2026-09-27, VBC vs ILE",26,13,3,6,2,4,1,3,4,1,5,6,1,1,0,2
105382,2026-27,ACB,NATE REUVERS,VALENCIA BASKET,"2026-09-27, VBC vs ILE",21,8,1,1,1,5,3,4,3,0,3,0,0,2,1,4
105382,2026-27,ACB,MARIO SAINT-SUPERY,VALENCIA BASKET,"2026-09-27, VBC vs ILE",19,5,1,2,0,6,3,4,3,2,5,2,0,3,0,2
105382,2026-27,ACB,JASIEL RIVERO,VALENCIA BASKET,"2026-09-27, VBC vs ILE",17,6,3,7,0,1,0,0,1,5,6,0,0,1,0,2
105382,2026-27,ACB,JOSEP PUERTO,VALENCIA BASKET,"2026-09-27, VBC vs ILE",12,9,1,1,2,4,1,3,1,0,1,0,1,0,0,3
105382,2026-27,ACB,ALVARO CARDENAS,VALENCIA BASKET,"2026-09-27, VBC vs ILE",16,7,3,4,0,2,1,2,0,0,0,5,0,3,0,2
105382,2026-27,ACB,ARMONI BROOKS,VALENCIA BASKET,"2026-09-27, VBC vs ILE",17,11,1,5,3,9,0,0,2,0,2,0,1,0,0,2
105382,2026-27,ACB,NEAL SAKO,VALENCIA BASKET,"2026-09-27, VBC vs ILE",16,7,3,3,0,0,1,2,3,2,5,1,1,0,0,1
105382,2026-27,ACB,MO GUEYE,VALENCIA BASKET,"2026-09-27, VBC vs ILE",6,0,0,0,0,0,0,0,0,1,1,1,0,1,0,1
105382,2026-27,ACB,GONZALO CORBALAN,VALENCIA BASKET,"2026-09-27, VBC vs ILE",16,7,2,2,1,1,0,0,3,1,4,0,1,0,0,3
105382,2026-27,ACB,NIKOLA MIROTIC,VALENCIA BASKET,"2026-09-27, VBC vs ILE",14,14,3,7,1,3,5,5,3,2,5,0,0,0,1,3
105382,2026-27,ACB,DARIUS MCGHEE,ILERNA LLEIDA,"2026-09-27, VBC vs ILE",24,21,2,3,4,9,5,6,4,2,6,4,3,2,0,1
105382,2026-27,ACB,MELVIN EJIM,ILERNA LLEIDA,"2026-09-27, VBC vs ILE",19,9,3,3,0,4,3,4,2,1,3,2,0,3,0,4
105382,2026-27,ACB,ORIOL PAULI,ILERNA LLEIDA,"2026-09-27, VBC vs ILE",23,10,3,4,1,2,1,2,7,0,7,3,2,3,0,1
105382,2026-27,ACB,MARK HUGHES,ILERNA LLEIDA,"2026-09-27, VBC vs ILE",22,8,1,2,2,6,0,0,1,1,2,0,0,1,0,1
105382,2026-27,ACB,ZACH PERRIN,ILERNA LLEIDA,"2026-09-27, VBC vs ILE",27,11,5,8,0,0,1,2,6,1,7,0,1,1,0,2
105382,2026-27,ACB,JAMES BATEMON,ILERNA LLEIDA,"2026-09-27, VBC vs ILE",22,23,2,4,1,6,16,17,2,1,3,5,1,1,0,3
105382,2026-27,ACB,DANI GARCIA,ILERNA LLEIDA,"2026-09-27, VBC vs ILE",17,4,2,2,0,1,0,0,3,0,3,3,0,1,0,2
105382,2026-27,ACB,ADRIA RODRIGUEZ,ILERNA LLEIDA,"2026-09-27, VBC vs ILE",2,0,0,0,0,0,0,0,0,0,0,0,1,0,0,1
105382,2026-27,ACB,MIKEL SANZ,ILERNA LLEIDA,"2026-09-27, VBC vs ILE",11,9,3,3,1,2,0,0,0,0,0,1,0,1,0,4
105382,2026-27,ACB,JOHN SHURNA,ILERNA LLEIDA,"2026-09-27, VBC vs ILE",21,3,0,0,1,3,0,0,8,2,10,1,1,0,0,4
105382,2026-27,ACB,KUR KUATH,ILERNA LLEIDA,"2026-09-27, VBC vs ILE",13,7,3,6,0,0,1,2,5,1,6,0,0,1,2,2
105382,2026-27,ACB,PAU TORRENS,ILERNA LLEIDA,"2026-09-27, VBC vs ILE",0,0,0,0,0,0,0,0,0,0,0,0,0,0,0,0
105383,2026-27,ACB,TIMOTHE LUWAWU-CABARROT,REAL MADRID,"2026-09-27, RMB vs UNI",24,14,4,7,2,6,0,0,4,1,5,1,1,2,0,0
105383,2026-27,ACB,JAIME PRADILLA,REAL MADRID,"2026-09-27, RMB vs UNI",20,7,3,4,0,4,1,2,2,1,3,1,0,1,0,2
105383,2026-27,ACB,ALBERTO ABALDE,REAL MADRID,"2026-09-27, RMB vs UNI",15,9,2,2,1,3,2,2,0,1,1,0,1,1,0,1
105383,2026-27,ACB,FACU CAMPAZZO,REAL MADRID,"2026-09-27, RMB vs UNI",21,15,2,5,2,5,5,6,2,0,2,5,0,1,0,3
105383,2026-27,ACB,EDY TAVARES,REAL MADRID,"2026-09-27, RMB vs UNI",20,4,2,5,0,0,0,0,8,3,11,0,0,1,2,4
105383,2026-27,ACB,MAX SHULGA,REAL MADRID,"2026-09-27, RMB vs UNI",14,4,2,2,0,2,0,0,1,1,2,3,1,2,0,2
105383,2026-27,ACB,CHUMA OKEKE,REAL MADRID,"2026-09-27, RMB vs UNI",13,2,1,2,0,1,0,0,0,1,1,1,0,0,2,0
105383,2026-27,ACB,THEO MALEDON,REAL MADRID,"2026-09-27, RMB vs UNI",24,17,4,9,1,2,6,6,1,1,2,7,0,1,0,3
105383,2026-27,ACB,GABRIEL DECK,REAL MADRID,"2026-09-27, RMB vs UNI",24,9,4,6,0,3,1,2,6,2,8,0,0,0,0,3
105383,2026-27,ACB,SERGIO LLULL,REAL MADRID,"2026-09-27, RMB vs UNI",5,0,0,0,0,0,0,0,0,0,0,1,0,0,0,1
105383,2026-27,ACB,DAMIAN JONES,REAL MADRID,"2026-09-27, RMB vs UNI",16,8,3,3,0,0,2,4,2,0,2,1,0,1,1,2
105383,2026-27,ACB,OLIVIER SARR,REAL MADRID,"2026-09-27, RMB vs UNI",4,0,0,1,0,0,0,0,1,0,1,0,0,0,0,3
105383,2026-27,ACB,IGNAS  BRAZDEIKIS,UNICAJA,"2026-09-27, RMB vs UNI",30,14,4,9,2,5,0,0,4,0,4,2,2,0,0,5
105383,2026-27,ACB,AMINE NOUA,UNICAJA,"2026-09-27, RMB vs UNI",27,18,6,6,2,5,0,0,6,2,8,1,1,2,1,2
105383,2026-27,ACB,CAMERON HUNT,UNICAJA,"2026-09-27, RMB vs UNI",19,7,0,2,1,2,4,4,1,0,1,0,0,0,0,4
105383,2026-27,ACB,DAVID KRAVISH,UNICAJA,"2026-09-27, RMB vs UNI",16,3,1,2,0,1,1,2,2,0,2,2,0,1,0,4
105383,2026-27,ACB,KENDRICK PERRY,UNICAJA,"2026-09-27, RMB vs UNI",26,9,2,5,0,5,5,6,2,0,2,5,1,1,0,4
105383,2026-27,ACB,JONATHAN BARREIRO,UNICAJA,"2026-09-27, RMB vs UNI",11,0,0,0,0,1,0,0,0,0,0,2,0,0,0,0
105383,2026-27,ACB,ALBERTO DIAZ,UNICAJA,"2026-09-27, RMB vs UNI",12,0,0,1,0,0,0,0,0,0,0,2,0,0,0,1
105383,2026-27,ACB,SIMONAS LUKOSIUS,UNICAJA,"2026-09-27, RMB vs UNI",13,9,3,4,1,1,0,0,1,0,1,0,0,0,0,0
105383,2026-27,ACB,NIHAD DJEDOVIC,UNICAJA,"2026-09-27, RMB vs UNI",0,0,0,0,0,0,0,0,0,0,0,0,0,0,0,0
105383,2026-27,ACB,MELWIN PANTZAR,UNICAJA,"2026-09-27, RMB vs UNI",22,7,2,7,0,3,3,4,4,2,6,3,0,0,0,1
105383,2026-27,ACB,WILLY HERNANGOMEZ,UNICAJA,"2026-09-27, RMB vs UNI",23,20,7,10,0,0,6,10,4,2,6,0,1,2,4,3
