"GAME_ID","SEASON","LEAGUE","PLAYER","TEAM","MATCHUP","MIN","PTS","2PM","2PA","3PM","3PA","FTM","FTA","OREB","DREB","REB","AST","STL","TOV","BLK","PF"
"A35F72D9","2026-27","GBL","MCINTYRE CODI MILLER","ΟΛΥΜΠΙΑΚΟΣ","2026-09-26, ΟΛΥΜ vs ΑΕΚ",21,6,3,4,0,4,0,0,1,1,2,8,1,1,0,0
"A35F72D9","2026-27","GBL","WARD ΤYSON","ΟΛΥΜΠΙΑΚΟΣ","2026-09-26, ΟΛΥΜ vs ΑΕΚ",9,7,2,3,1,1,0,0,1,5,6,0,0,0,0,4
"A35F72D9","2026-27","GBL","MONTERO JEAN CLAUDIO","ΟΛΥΜΠΙΑΚΟΣ","2026-09-26, ΟΛΥΜ vs ΑΕΚ",20,19,2,3,3,7,6,9,0,3,3,5,2,1,0,0
"A35F72D9","2026-27","GBL","PLOTAS NIKOS","ΟΛΥΜΠΙΑΚΟΣ","2026-09-26, ΟΛΥΜ vs ΑΕΚ",1,0,0,0,0,0,0,0,0,0,0,0,0,0,0,0
"A35F72D9","2026-27","GBL","VEZENKOV SASHA","ΟΛΥΜΠΙΑΚΟΣ","2026-09-26, ΟΛΥΜ vs ΑΕΚ",26,14,4,4,1,3,3,3,0,6,6,4,1,2,0,0
"A35F72D9","2026-27","GBL","PAPANIKOLAOU KOSTAS","ΟΛΥΜΠΙΑΚΟΣ","2026-09-26, ΟΛΥΜ vs ΑΕΚ",20,0,0,0,0,4,0,0,0,1,1,3,0,0,0,2
"A35F72D9","2026-27","GBL","NETZIPOGLOU OMIROS","ΟΛΥΜΠΙΑΚΟΣ","2026-09-26, ΟΛΥΜ vs ΑΕΚ",10,2,1,1,0,1,0,0,0,0,0,0,1,0,0,1
"A35F72D9","2026-27","GBL","DORSEY TYLER","ΟΛΥΜΠΙΑΚΟΣ","2026-09-26, ΟΛΥΜ vs ΑΕΚ",19,14,1,1,4,8,0,0,0,0,0,2,0,3,0,5
"A35F72D9","2026-27","GBL","NDIAYE MBAYE","ΟΛΥΜΠΙΑΚΟΣ","2026-09-26, ΟΛΥΜ vs ΑΕΚ",20,5,1,2,1,1,0,0,2,3,5,0,0,1,1,1
"A35F72D9","2026-27","GBL","KARAGIANNIDIS ANTONIS","ΟΛΥΜΠΙΑΚΟΣ","2026-09-26, ΟΛΥΜ vs ΑΕΚ",6,2,1,1,0,0,0,0,0,1,1,0,0,1,0,3
"A35F72D9","2026-27","GBL","HALL DONTA","ΟΛΥΜΠΙΑΚΟΣ","2026-09-26, ΟΛΥΜ vs ΑΕΚ",28,19,8,9,0,0,3,4,3,4,7,1,1,2,2,1
"A35F72D9","2026-27","GBL","FOURNIER EVAN","ΟΛΥΜΠΙΑΚΟΣ","2026-09-26, ΟΛΥΜ vs ΑΕΚ",20,5,1,2,1,3,0,2,0,1,1,1,0,6,0,2
"A35F72D9","2026-27","GBL","PINCKNEY DEANDRE","ΑΕΚ","2026-09-26, ΟΛΥΜ vs ΑΕΚ",20,4,0,2,1,2,1,2,1,2,3,0,1,1,0,3
"A35F72D9","2026-27","GBL","SKORDILIS GAIOS","ΑΕΚ","2026-09-26, ΟΛΥΜ vs ΑΕΚ",0,0,0,0,0,0,0,0,0,0,0,0,0,0,0,0
"A35F72D9","2026-27","GBL","NOLLEY II LANDERS","ΑΕΚ","2026-09-26, ΟΛΥΜ vs ΑΕΚ",28,12,2,3,2,4,2,4,0,0,0,6,1,3,0,4
"A35F72D9","2026-27","GBL","KATSIVELIS DIMITRIS","ΑΕΚ","2026-09-26, ΟΛΥΜ vs ΑΕΚ",19,10,3,4,1,3,1,2,0,2,2,2,2,1,0,2
"A35F72D9","2026-27","GBL","LARENTZAKIS GIANNOULIS","ΑΕΚ","2026-09-26, ΟΛΥΜ vs ΑΕΚ",19,6,0,1,1,4,3,5,0,2,2,5,2,3,0,2
"A35F72D9","2026-27","GBL","FLIONIS DIMITRIS","ΑΕΚ","2026-09-26, ΟΛΥΜ vs ΑΕΚ",10,0,0,0,0,0,0,0,0,1,1,1,0,1,0,1
"A35F72D9","2026-27","GBL","LEKAVICIUS LUKAS","ΑΕΚ","2026-09-26, ΟΛΥΜ vs ΑΕΚ",14,3,0,0,1,4,0,0,0,2,2,2,0,1,0,1
"A35F72D9","2026-27","GBL","CHARTONAS VASILIS","ΑΕΚ","2026-09-26, ΟΛΥΜ vs ΑΕΚ",0,0,0,0,0,0,0,0,0,0,0,0,0,0,0,0
"A35F72D9","2026-27","GBL","JOSEPH NELLY","ΑΕΚ","2026-09-26, ΟΛΥΜ vs ΑΕΚ",29,16,5,10,0,0,6,9,1,4,5,0,3,2,0,3
"A35F72D9","2026-27","GBL","BARTLEY FRANK","ΑΕΚ","2026-09-26, ΟΛΥΜ vs ΑΕΚ",23,6,0,3,2,5,0,0,0,1,1,6,0,1,0,1
"A35F72D9","2026-27","GBL","TSALMPOURIS GIORGOS","ΑΕΚ","2026-09-26, ΟΛΥΜ vs ΑΕΚ",22,18,6,6,2,3,0,0,0,4,4,0,3,0,0,3
"A35F72D9","2026-27","GBL","HEURTEL THOMAS","ΑΕΚ","2026-09-26, ΟΛΥΜ vs ΑΕΚ",15,5,1,2,1,3,0,0,0,0,0,3,1,0,0,0
"43A0A50E","2026-27","GBL","KALAITZAKIS PANAGIOTIS","ΠΑΝΑΘΗΝΑΪΚΟΣ AKTOR","2026-09-26, ΠΑΝΑ vs ΠΑΟΚ",4,2,1,1,0,0,0,0,0,0,0,0,1,1,0,0
"43A0A50E","2026-27","GBL","FRANCISCO SYLVAIN","ΠΑΝΑΘΗΝΑΪΚΟΣ AKTOR","2026-09-26, ΠΑΝΑ vs ΠΑΟΚ",26,20,4,4,2,5,6,9,0,3,3,7,1,5,1,4
"43A0A50E","2026-27","GBL","MORAITIS DIMITRIS","ΠΑΝΑΘΗΝΑΪΚΟΣ AKTOR","2026-09-26, ΠΑΝΑ vs ΠΑΟΚ",7,2,0,1,0,0,2,4,0,0,0,2,0,1,0,0
"43A0A50E","2026-27","GBL","BADIO BRANCOU","ΠΑΝΑΘΗΝΑΪΚΟΣ AKTOR","2026-09-26, ΠΑΝΑ vs ΠΑΟΚ",26,17,3,3,2,5,5,6,0,1,1,2,0,2,2,1
"43A0A50E","2026-27","GBL","VARVARITIS IASONAS","ΠΑΝΑΘΗΝΑΪΚΟΣ AKTOR","2026-09-26, ΠΑΝΑ vs ΠΑΟΚ",0,0,0,0,0,0,0,0,0,0,0,0,0,0,0,0
"43A0A50E","2026-27","GBL","ROGKAVOPOULOS NIKOS","ΠΑΝΑΘΗΝΑΪΚΟΣ AKTOR","2026-09-26, ΠΑΝΑ vs ΠΑΟΚ",18,8,1,3,1,2,3,6,1,8,9,1,1,0,0,3
"43A0A50E","2026-27","GBL","LESSORT MATHIAS","ΠΑΝΑΘΗΝΑΪΚΟΣ AKTOR","2026-09-26, ΠΑΝΑ vs ΠΑΟΚ",23,13,5,6,0,0,3,7,1,1,2,1,0,2,0,4
"43A0A50E","2026-27","GBL","YABUSELE GUERSCHON","ΠΑΝΑΘΗΝΑΪΚΟΣ AKTOR","2026-09-26, ΠΑΝΑ vs ΠΑΟΚ",31,4,2,2,0,2,0,0,0,2,2,0,0,1,0,3
"43A0A50E","2026-27","GBL","BONGA ISAAC","ΠΑΝΑΘΗΝΑΪΚΟΣ AKTOR","2026-09-26, ΠΑΝΑ vs ΠΑΟΚ",19,5,2,5,0,0,1,2,0,3,3,0,2,0,0,4
"43A0A50E","2026-27","GBL","HERNANGOMEZ JUANCHO","ΠΑΝΑΘΗΝΑΪΚΟΣ AKTOR","2026-09-26, ΠΑΝΑ vs ΠΑΟΚ",25,10,2,4,2,4,0,0,2,4,6,2,0,1,1,1
"43A0A50E","2026-27","GBL","MITOGLOU KOSTAS","ΠΑΝΑΘΗΝΑΪΚΟΣ AKTOR","2026-09-26, ΠΑΝΑ vs ΠΑΟΚ",3,1,0,0,0,0,1,2,0,0,0,0,0,0,0,0
"43A0A50E","2026-27","GBL","MANTZOUKAS LEFTERIS","ΠΑΝΑΘΗΝΑΪΚΟΣ AKTOR","2026-09-26, ΠΑΝΑ vs ΠΑΟΚ",18,0,0,1,0,0,0,0,0,1,1,0,0,0,0,1
"43A0A50E","2026-27","GBL","MITROU-LONG NAZ","ΠΑΟΚ","2026-09-26, ΠΑΝΑ vs ΠΑΟΚ",16,3,1,4,0,4,1,1,2,2,4,1,0,0,0,5
"43A0A50E","2026-27","GBL","TYREE BREEIN","ΠΑΟΚ","2026-09-26, ΠΑΝΑ vs ΠΑΟΚ",10,10,2,2,2,3,0,0,0,0,0,0,1,1,0,5
"43A0A50E","2026-27","GBL","OSMAN CEDI","ΠΑΟΚ","2026-09-26, ΠΑΝΑ vs ΠΑΟΚ",31,18,5,9,1,4,5,7,2,4,6,1,0,1,0,2
"43A0A50E","2026-27","GBL","ALEXANDER KYLE","ΠΑΟΚ","2026-09-26, ΠΑΝΑ vs ΠΑΟΚ",18,15,7,10,0,0,1,1,0,0,0,1,1,0,1,3
"43A0A50E","2026-27","GBL","CHOUGKAZ NIKOS","ΠΑΟΚ","2026-09-26, ΠΑΝΑ vs ΠΑΟΚ",18,5,1,2,1,5,0,0,1,0,1,1,1,0,0,1
"43A0A50E","2026-27","GBL","HUDGINS TREVOR","ΠΑΟΚ","2026-09-26, ΠΑΝΑ vs ΠΑΟΚ",16,3,0,1,1,3,0,0,1,0,1,3,1,3,0,3
"43A0A50E","2026-27","GBL","KAKLAMANAKIS DIMITRIS","ΠΑΟΚ","2026-09-26, ΠΑΝΑ vs ΠΑΟΚ",0,0,0,0,0,0,0,0,0,0,0,0,0,0,0,0
"43A0A50E","2026-27","GBL","FOSTER MARCUS","ΠΑΟΚ","2026-09-26, ΠΑΝΑ vs ΠΑΟΚ",26,12,1,1,3,8,1,2,1,2,3,6,1,3,0,2
"43A0A50E","2026-27","GBL","PERSIDIS NIKOS","ΠΑΟΚ","2026-09-26, ΠΑΝΑ vs ΠΑΟΚ",14,0,0,0,0,2,0,0,1,0,1,0,0,0,0,2
"43A0A50E","2026-27","GBL","FILLIOS GIORGOS","ΠΑΟΚ","2026-09-26, ΠΑΝΑ vs ΠΑΟΚ",0,0,0,0,0,0,0,0,0,0,0,0,0,0,0,0
"43A0A50E","2026-27","GBL","MOORE BEN","ΠΑΟΚ","2026-09-26, ΠΑΝΑ vs ΠΑΟΚ",23,11,5,7,0,0,1,3,4,5,9,1,2,2,0,3
"43A0A50E","2026-27","GBL","CALATHES NICK","ΠΑΟΚ","2026-09-26, ΠΑΝΑ vs ΠΑΟΚ",28,7,3,3,0,4,1,2,0,4,4,6,2,0,0,3
"04920552","2026-27","GBL","MCINTYRE CODI MILLER","ΟΛΥΜΠΙΑΚΟΣ","2026-09-27, ΟΛΥΜ vs ΠΑΟΚ",15,0,0,3,0,2,0,0,0,1,1,6,1,1,0,2
"04920552","2026-27","GBL","WARD ΤYSON","ΟΛΥΜΠΙΑΚΟΣ","2026-09-27, ΟΛΥΜ vs ΠΑΟΚ",20,2,1,2,0,1,0,0,0,4,4,1,1,0,0,2
"04920552","2026-27","GBL","MONTERO JEAN CLAUDIO","ΟΛΥΜΠΙΑΚΟΣ","2026-09-27, ΟΛΥΜ vs ΠΑΟΚ",25,20,1,3,3,6,9,11,0,2,2,5,1,3,0,3
"04920552","2026-27","GBL","PLOTAS NIKOS","ΟΛΥΜΠΙΑΚΟΣ","2026-09-27, ΟΛΥΜ vs ΠΑΟΚ",0,0,0,0,0,0,0,0,0,0,0,0,0,0,0,0
"04920552","2026-27","GBL","VEZENKOV SASHA","ΟΛΥΜΠΙΑΚΟΣ","2026-09-27, ΟΛΥΜ vs ΠΑΟΚ",34,25,6,11,2,3,7,8,5,5,10,2,1,0,0,2
"04920552","2026-27","GBL","PAPANIKOLAOU KOSTAS","ΟΛΥΜΠΙΑΚΟΣ","2026-09-27, ΟΛΥΜ vs ΠΑΟΚ",25,6,0,0,2,3,0,2,0,1,1,3,0,0,0,2
"04920552","2026-27","GBL","NETZIPOGLOU OMIROS","ΟΛΥΜΠΙΑΚΟΣ","2026-09-27, ΟΛΥΜ vs ΠΑΟΚ",0,0,0,0,0,0,0,0,0,0,0,0,0,0,0,0
"04920552","2026-27","GBL","DORSEY TYLER","ΟΛΥΜΠΙΑΚΟΣ","2026-09-27, ΟΛΥΜ vs ΠΑΟΚ",19,8,1,4,2,6,0,0,0,0,0,0,0,1,0,1
"04920552","2026-27","GBL","NDIAYE MBAYE","ΟΛΥΜΠΙΑΚΟΣ","2026-09-27, ΟΛΥΜ vs ΠΑΟΚ",20,9,4,6,0,0,1,1,2,4,6,0,1,1,1,4
"04920552","2026-27","GBL","KARAGIANNIDIS ANTONIS","ΟΛΥΜΠΙΑΚΟΣ","2026-09-27, ΟΛΥΜ vs ΠΑΟΚ",0,0,0,0,0,0,0,0,0,0,0,0,0,0,0,0
"04920552","2026-27","GBL","HALL DONTA","ΟΛΥΜΠΙΑΚΟΣ","2026-09-27, ΟΛΥΜ vs ΠΑΟΚ",20,12,5,6,0,0,2,3,4,4,8,0,2,0,0,2
"04920552","2026-27","GBL","FOURNIER EVAN","ΟΛΥΜΠΙΑΚΟΣ","2026-09-27, ΟΛΥΜ vs ΠΑΟΚ",21,19,7,9,0,3,5,6,0,2,2,2,2,2,0,3
"04920552","2026-27","GBL","MITROU-LONG NAZ","ΠΑΟΚ","2026-09-27, ΟΛΥΜ vs ΠΑΟΚ",19,11,1,2,3,5,0,0,1,0,1,0,0,0,0,1
"04920552","2026-27","GBL","TYREE BREEIN","ΠΑΟΚ","2026-09-27, ΟΛΥΜ vs ΠΑΟΚ",8,2,1,1,0,1,0,0,0,0,0,1,0,4,0,3
"04920552","2026-27","GBL","OSMAN CEDI","ΠΑΟΚ","2026-09-27, ΟΛΥΜ vs ΠΑΟΚ",33,15,0,2,4,11,3,6,0,7,7,3,1,2,0,3
"04920552","2026-27","GBL","ALEXANDER KYLE","ΠΑΟΚ","2026-09-27, ΟΛΥΜ vs ΠΑΟΚ",27,15,4,5,0,1,7,8,5,3,8,1,0,0,1,2
"04920552","2026-27","GBL","HUDGINS TREVOR","ΠΑΟΚ","2026-09-27, ΟΛΥΜ vs ΠΑΟΚ",19,11,1,1,3,8,0,0,2,1,3,3,0,2,0,1
"04920552","2026-27","GBL","KAKLAMANAKIS DIMITRIS","ΠΑΟΚ","2026-09-27, ΟΛΥΜ vs ΠΑΟΚ",0,0,0,0,0,0,0,0,0,0,0,0,0,0,0,0
"04920552","2026-27","GBL","FOSTER MARCUS","ΠΑΟΚ","2026-09-27, ΟΛΥΜ vs ΠΑΟΚ",26,18,3,5,4,6,0,0,0,1,1,5,0,1,1,4
"04920552","2026-27","GBL","PERSIDIS NIKOS","ΠΑΟΚ","2026-09-27, ΟΛΥΜ vs ΠΑΟΚ",22,10,2,2,2,5,0,0,0,7,7,1,1,0,0,4
"04920552","2026-27","GBL","FILLIOS GIORGOS","ΠΑΟΚ","2026-09-27, ΟΛΥΜ vs ΠΑΟΚ",0,0,0,0,0,0,0,0,0,0,0,0,0,0,0,0
"04920552","2026-27","GBL","MOORE BEN","ΠΑΟΚ","2026-09-27, ΟΛΥΜ vs ΠΑΟΚ",17,3,1,2,0,0,1,3,2,0,2,2,2,0,0,2
"04920552","2026-27","GBL","CALATHES NICK","ΠΑΟΚ","2026-09-27, ΟΛΥΜ vs ΠΑΟΚ",30,11,1,1,3,9,0,0,0,0,0,6,0,2,0,4
"04920552","2026-27","GBL","BAZINAS THANASIS","ΠΑΟΚ","2026-09-27, ΟΛΥΜ vs ΠΑΟΚ",0,0,0,0,0,0,0,0,0,0,0,0,0,0,0,0
"1F83E401","2026-27","GBL","PINCKNEY DEANDRE","ΑΕΚ","2026-10-03, ΑΕΚ vs ΜΑΡΟ",33,11,3,3,1,4,2,2,2,6,8,1,0,1,1,0
"1F83E401","2026-27","GBL","SKORDILIS GAIOS","ΑΕΚ","2026-10-03, ΑΕΚ vs ΜΑΡΟ",2,0,0,0,0,0,0,0,0,0,0,0,0,0,0,0
"1F83E401","2026-27","GBL","NOLLEY II LANDERS","ΑΕΚ","2026-10-03, ΑΕΚ vs ΜΑΡΟ",25,14,3,5,1,1,5,6,0,3,3,2,1,1,0,2
"1F83E401","2026-27","GBL","LARENTZAKIS GIANNOULIS","ΑΕΚ","2026-10-03, ΑΕΚ vs ΜΑΡΟ",20,8,1,1,1,7,3,4,1,2,3,1,1,2,0,3
"1F83E401","2026-27","GBL","FLIONIS DIMITRIS","ΑΕΚ","2026-10-03, ΑΕΚ vs ΜΑΡΟ",13,6,3,5,0,0,0,0,2,0,2,4,1,2,0,2
"1F83E401","2026-27","GBL","LEKAVICIUS LUKAS","ΑΕΚ","2026-10-03, ΑΕΚ vs ΜΑΡΟ",17,5,1,3,1,1,0,0,0,1,1,3,0,1,0,1
"1F83E401","2026-27","GBL","GYMNOPOULOS STAVROS","ΑΕΚ","2026-10-03, ΑΕΚ vs ΜΑΡΟ",1,0,0,1,0,0,0,0,0,0,0,0,0,1,0,1
"1F83E401","2026-27","GBL","CHARTONAS VASILIS","ΑΕΚ","2026-10-03, ΑΕΚ vs ΜΑΡΟ",2,3,0,0,1,1,0,0,0,0,0,0,0,0,0,1
"1F83E401","2026-27","GBL","JOSEPH NELLY","ΑΕΚ","2026-10-03, ΑΕΚ vs ΜΑΡΟ",25,18,8,11,0,0,2,2,3,3,6,0,0,2,2,1
"1F83E401","2026-27","GBL","BARTLEY FRANK","ΑΕΚ","2026-10-03, ΑΕΚ vs ΜΑΡΟ",20,8,3,4,0,2,2,2,0,2,2,1,1,0,0,3
"1F83E401","2026-27","GBL","TSALMPOURIS GIORGOS","ΑΕΚ","2026-10-03, ΑΕΚ vs ΜΑΡΟ",21,11,1,3,3,4,0,0,0,2,2,2,1,0,0,2
"1F83E401","2026-27","GBL","HEURTEL THOMAS","ΑΕΚ","2026-10-03, ΑΕΚ vs ΜΑΡΟ",22,7,2,3,1,5,0,0,0,2,2,6,1,0,0,2
"1F83E401","2026-27","GBL","WALKER JORDAN","ΜΑΡΟΥΣΙ","2026-10-03, ΑΕΚ vs ΜΑΡΟ",0,0,0,0,0,0,0,0,0,0,0,0,0,0,0,0
"1F83E401","2026-27","GBL","JACKSON ZEB","ΜΑΡΟΥΣΙ","2026-10-03, ΑΕΚ vs ΜΑΡΟ",30,17,3,6,2,4,5,7,1,5,6,3,1,4,0,3
"1F83E401","2026-27","GBL","VENETIDIS CHRISTOS","ΜΑΡΟΥΣΙ","2026-10-03, ΑΕΚ vs ΜΑΡΟ",9,0,0,2,0,1,0,0,0,0,0,1,1,0,0,0
"1F83E401","2026-27","GBL","KONIARIS ANTONIS","ΜΑΡΟΥΣΙ","2026-10-03, ΑΕΚ vs ΜΑΡΟ",34,5,2,3,0,4,1,2,0,3,3,8,1,4,0,4
"1F83E401","2026-27","GBL","SALASH MAKSIM","ΜΑΡΟΥΣΙ","2026-10-03, ΑΕΚ vs ΜΑΡΟ",29,8,3,7,0,2,2,2,2,2,4,2,0,1,0,2
"1F83E401","2026-27","GBL","TOULIATOS NIKOS","ΜΑΡΟΥΣΙ","2026-10-03, ΑΕΚ vs ΜΑΡΟ",28,12,3,5,2,5,0,0,2,3,5,1,0,2,1,3
"1F83E401","2026-27","GBL","KALAVROS ANTONIS","ΜΑΡΟΥΣΙ","2026-10-03, ΑΕΚ vs ΜΑΡΟ",1,0,0,0,0,0,0,0,0,0,0,0,0,0,0,0
"1F83E401","2026-27","GBL","WARE LANCE","ΜΑΡΟΥΣΙ","2026-10-03, ΑΕΚ vs ΜΑΡΟ",8,0,0,2,0,0,0,0,1,1,2,0,0,0,0,0
"1F83E401","2026-27","GBL","KUANY KUANY","ΜΑΡΟΥΣΙ","2026-10-03, ΑΕΚ vs ΜΑΡΟ",11,0,0,0,0,1,0,0,0,2,2,0,1,1,1,0
"1F83E401","2026-27","GBL","KASELAKIS LEONIDAS","ΜΑΡΟΥΣΙ","2026-10-03, ΑΕΚ vs ΜΑΡΟ",21,12,2,6,2,3,2,2,0,0,0,3,0,1,0,1
"1F83E401","2026-27","GBL","IORDANOU CHRISTOS","ΜΑΡΟΥΣΙ","2026-10-03, ΑΕΚ vs ΜΑΡΟ",10,2,1,2,0,1,0,0,3,0,3,1,1,0,1,1
"1F83E401","2026-27","GBL","DE SOUSA SILVIO","ΜΑΡΟΥΣΙ","2026-10-03, ΑΕΚ vs ΜΑΡΟ",19,14,6,10,0,0,2,4,5,2,7,0,1,1,0,4
"A7698911","2026-27","GBL","MPATATEGAS THANASIS","ΚΑΡΔΙΤΣΑ ΙΑΠΩΝΙΚΗ","2026-10-03, ΚΑΡΔ vs ΑΡΗΣ",0,0,0,0,0,0,0,0,0,0,0,0,0,0,0,0
"A7698911","2026-27","GBL","OKORO FRANCIS","ΚΑΡΔΙΤΣΑ ΙΑΠΩΝΙΚΗ","2026-10-03, ΚΑΡΔ vs ΑΡΗΣ",14,3,1,4,0,0,1,2,0,2,2,0,0,2,0,5
"A7698911","2026-27","GBL","JACKSON K.J.","ΚΑΡΔΙΤΣΑ ΙΑΠΩΝΙΚΗ","2026-10-03, ΚΑΡΔ vs ΑΡΗΣ",30,6,1,5,1,5,1,2,1,1,2,3,4,0,0,2
"A7698911","2026-27","GBL","TURNER JUSTIN","ΚΑΡΔΙΤΣΑ ΙΑΠΩΝΙΚΗ","2026-10-03, ΚΑΡΔ vs ΑΡΗΣ",24,11,1,5,2,3,3,4,0,0,0,4,0,3,0,3
"A7698911","2026-27","GBL","SMITH CHRIS","ΚΑΡΔΙΤΣΑ ΙΑΠΩΝΙΚΗ","2026-10-03, ΚΑΡΔ vs ΑΡΗΣ",22,8,3,6,0,2,2,2,3,5,8,2,1,2,0,4
"A7698911","2026-27","GBL","MCRAE JORDAN","ΚΑΡΔΙΤΣΑ ΙΑΠΩΝΙΚΗ","2026-10-03, ΚΑΡΔ vs ΑΡΗΣ",28,17,6,16,1,3,2,3,0,3,3,1,0,1,0,3
"A7698911","2026-27","GBL","GKIKAS NIKOS","ΚΑΡΔΙΤΣΑ ΙΑΠΩΝΙΚΗ","2026-10-03, ΚΑΡΔ vs ΑΡΗΣ",23,0,0,0,0,3,0,0,0,4,4,9,4,1,0,3
"A7698911","2026-27","GBL","PETROPOULOS ANDREAS","ΚΑΡΔΙΤΣΑ ΙΑΠΩΝΙΚΗ","2026-10-03, ΚΑΡΔ vs ΑΡΗΣ",16,7,0,0,2,3,1,2,0,1,1,0,0,0,0,3
"A7698911","2026-27","GBL","FRANCIS JA’VIER","ΚΑΡΔΙΤΣΑ ΙΑΠΩΝΙΚΗ","2026-10-03, ΚΑΡΔ vs ΑΡΗΣ",25,19,7,8,0,0,5,6,3,6,9,0,3,4,4,2
"A7698911","2026-27","GBL","BILALIS KOSTAS","ΚΑΡΔΙΤΣΑ ΙΑΠΩΝΙΚΗ","2026-10-03, ΚΑΡΔ vs ΑΡΗΣ",0,0,0,0,0,0,0,0,0,0,0,0,0,0,0,0
"A7698911","2026-27","GBL","KAMPOURIDIS KOSTAS","ΚΑΡΔΙΤΣΑ ΙΑΠΩΝΙΚΗ","2026-10-03, ΚΑΡΔ vs ΑΡΗΣ",0,0,0,0,0,0,0,0,0,0,0,0,0,0,0,0
"A7698911","2026-27","GBL","ROUMOGLOU APOSTOLOS","ΚΑΡΔΙΤΣΑ ΙΑΠΩΝΙΚΗ","2026-10-03, ΚΑΡΔ vs ΑΡΗΣ",17,3,0,0,1,2,0,0,0,1,1,1,1,1,1,3
"A7698911","2026-27","GBL","LONG ELIJAH","ΑΡΗΣ","2026-10-03, ΚΑΡΔ vs ΑΡΗΣ",11,0,0,0,0,1,0,0,1,0,1,0,0,2,0,2
"A7698911","2026-27","GBL","ROBINSON-EARL JEREMIAH","ΑΡΗΣ","2026-10-03, ΚΑΡΔ vs ΑΡΗΣ",29,25,6,10,1,5,10,11,4,4,8,2,2,2,0,1
"A7698911","2026-27","GBL","TOLIOPOULOS VASILIS","ΑΡΗΣ","2026-10-03, ΚΑΡΔ vs ΑΡΗΣ",20,5,0,1,1,4,2,3,1,0,1,2,1,4,0,0
"A7698911","2026-27","GBL","DIMITRIJEVIC NENAD","ΑΡΗΣ","2026-10-03, ΚΑΡΔ vs ΑΡΗΣ",27,3,0,4,1,2,0,0,0,5,5,7,0,2,0,0
"A7698911","2026-27","GBL","BOCHORIDIS ELEFTHERIOS","ΑΡΗΣ","2026-10-03, ΚΑΡΔ vs ΑΡΗΣ",0,0,0,0,0,0,0,0,0,0,0,0,0,0,0,0
"A7698911","2026-27","GBL","MORGAN MATT","ΑΡΗΣ","2026-10-03, ΚΑΡΔ vs ΑΡΗΣ",23,7,2,4,1,4,0,0,0,0,0,2,1,3,0,1
"A7698911","2026-27","GBL","LIDDELL E.J.","ΑΡΗΣ","2026-10-03, ΚΑΡΔ vs ΑΡΗΣ",20,14,5,8,0,3,4,4,0,3,3,1,0,0,1,5
"A7698911","2026-27","GBL","CHARALAMPOPOULOS VASILIS","ΑΡΗΣ","2026-10-03, ΚΑΡΔ vs ΑΡΗΣ",15,0,0,0,0,1,0,2,0,2,2,1,0,2,0,4
"A7698911","2026-27","GBL","ANTETOKOUNMPO KOSTAS","ΑΡΗΣ","2026-10-03, ΚΑΡΔ vs ΑΡΗΣ",13,2,1,1,0,0,0,0,0,2,2,1,0,1,1,3
"A7698911","2026-27","GBL","ANTETOKOUNMPO THANASIS","ΑΡΗΣ","2026-10-03, ΚΑΡΔ vs ΑΡΗΣ",3,0,0,0,0,0,0,0,0,0,0,0,0,1,1,1
"A7698911","2026-27","GBL","BIRCH KHEM","ΑΡΗΣ","2026-10-03, ΚΑΡΔ vs ΑΡΗΣ",15,6,2,5,0,0,2,2,2,5,7,2,0,1,1,1
"A7698911","2026-27","GBL","MOKOKA ADAM","ΑΡΗΣ","2026-10-03, ΚΑΡΔ vs ΑΡΗΣ",23,6,0,3,1,2,3,6,0,3,3,1,2,3,1,2
"0AA956E9","2026-27","GBL","WILLIS PAYTON","ΚΟΛΟΣΣΟΣ H HOTELS COLLECTION","2026-10-03, ΚΟΛΟ vs ΔΟΞΑ",24,21,2,3,5,8,2,3,0,1,1,5,1,2,0,1
"0AA956E9","2026-27","GBL","KARAMPELAS ZOIS","ΚΟΛΟΣΣΟΣ H HOTELS COLLECTION","2026-10-03, ΚΟΛΟ vs ΔΟΞΑ",9,2,1,2,0,1,0,0,0,0,0,3,2,1,0,3
"0AA956E9","2026-27","GBL","MANJON EZRA","ΚΟΛΟΣΣΟΣ H HOTELS COLLECTION","2026-10-03, ΚΟΛΟ vs ΔΟΞΑ",31,13,6,10,0,0,1,1,0,2,2,5,3,1,0,2
"0AA956E9","2026-27","GBL","TSIAKMAS NIKOS","ΚΟΛΟΣΣΟΣ H HOTELS COLLECTION","2026-10-03, ΚΟΛΟ vs ΔΟΞΑ",18,3,0,2,1,2,0,0,0,0,0,1,0,0,0,1
"0AA956E9","2026-27","GBL","UPSON DEVONTE","ΚΟΛΟΣΣΟΣ H HOTELS COLLECTION","2026-10-03, ΚΟΛΟ vs ΔΟΞΑ",28,12,4,5,0,0,4,6,3,4,7,0,0,2,2,4
"0AA956E9","2026-27","GBL","EUSTATHIADIS GIANNIS","ΚΟΛΟΣΣΟΣ H HOTELS COLLECTION","2026-10-03, ΚΟΛΟ vs ΔΟΞΑ",1,0,0,0,0,0,0,0,0,0,0,0,0,0,0,0
"0AA956E9","2026-27","GBL","KALAITZAKIS ALEXANDROS","ΚΟΛΟΣΣΟΣ H HOTELS COLLECTION","2026-10-03, ΚΟΛΟ vs ΔΟΞΑ",0,0,0,0,0,0,0,0,0,0,0,0,0,0,0,0
"0AA956E9","2026-27","GBL","CHRISTIDIS VASILIS","ΚΟΛΟΣΣΟΣ H HOTELS COLLECTION","2026-10-03, ΚΟΛΟ vs ΔΟΞΑ",3,2,1,2,0,0,0,0,0,0,0,0,0,0,0,0
"0AA956E9","2026-27","GBL","KAMPERIDIS GIORGOS","ΚΟΛΟΣΣΟΣ H HOTELS COLLECTION","2026-10-03, ΚΟΛΟ vs ΔΟΞΑ",20,12,0,0,4,7,0,0,0,3,3,0,0,0,0,2
"0AA956E9","2026-27","GBL","HARRIS CJ","ΚΟΛΟΣΣΟΣ H HOTELS COLLECTION","2026-10-03, ΚΟΛΟ vs ΔΟΞΑ",17,7,0,1,1,1,4,4,0,2,2,4,0,1,0,1
"0AA956E9","2026-27","GBL","BARNETT JORDAN","ΚΟΛΟΣΣΟΣ H HOTELS COLLECTION","2026-10-03, ΚΟΛΟ vs ΔΟΞΑ",28,15,3,3,2,6,3,3,1,7,8,1,1,3,0,4
"0AA956E9","2026-27","GBL","KREUSER JACKSON","ΚΟΛΟΣΣΟΣ H HOTELS COLLECTION","2026-10-03, ΚΟΛΟ vs ΔΟΞΑ",21,4,0,3,0,1,4,4,0,2,2,0,0,1,0,3
"0AA956E9","2026-27","GBL","JONES DENVER","ΔΟΞΑ ΛΕΥΚΑΔΑΣ","2026-10-03, ΚΟΛΟ vs ΔΟΞΑ",25,6,0,2,2,6,0,0,0,1,1,1,1,4,0,4
"0AA956E9","2026-27","GBL","ROBINSON TREY","ΔΟΞΑ ΛΕΥΚΑΔΑΣ","2026-10-03, ΚΟΛΟ vs ΔΟΞΑ",27,6,2,7,0,2,2,3,2,2,4,1,0,2,0,3
"0AA956E9","2026-27","GBL","HARMON DE’VION","ΔΟΞΑ ΛΕΥΚΑΔΑΣ","2026-10-03, ΚΟΛΟ vs ΔΟΞΑ",37,21,9,13,1,4,0,0,1,2,3,6,2,2,0,2
"0AA956E9","2026-27","GBL","PARRISH MICAH","ΔΟΞΑ ΛΕΥΚΑΔΑΣ","2026-10-03, ΚΟΛΟ vs ΔΟΞΑ",15,3,0,3,1,2,0,0,0,1,1,1,0,0,0,2
"0AA956E9","2026-27","GBL","TSAIRELIS MICHALIS","ΔΟΞΑ ΛΕΥΚΑΔΑΣ","2026-10-03, ΚΟΛΟ vs ΔΟΞΑ",14,7,3,4,0,0,1,2,0,0,0,0,0,0,0,3
"0AA956E9","2026-27","GBL","ARSENOPOULOS NIKOS","ΔΟΞΑ ΛΕΥΚΑΔΑΣ","2026-10-03, ΚΟΛΟ vs ΔΟΞΑ",0,0,0,0,0,0,0,0,0,0,0,0,0,0,0,0
"0AA956E9","2026-27","GBL","POULIANITIS MARIOS","ΔΟΞΑ ΛΕΥΚΑΔΑΣ","2026-10-03, ΚΟΛΟ vs ΔΟΞΑ",4,0,0,0,0,0,0,0,0,0,0,0,0,0,0,0
"0AA956E9","2026-27","GBL","SACHPATZIDIS GIANNIS","ΔΟΞΑ ΛΕΥΚΑΔΑΣ","2026-10-03, ΚΟΛΟ vs ΔΟΞΑ",0,0,0,0,0,0,0,0,0,0,0,0,0,0,0,0
"0AA956E9","2026-27","GBL","CHATZINIKOLAS GIANNIS","ΔΟΞΑ ΛΕΥΚΑΔΑΣ","2026-10-03, ΚΟΛΟ vs ΔΟΞΑ",25,8,2,3,1,4,1,2,0,6,6,2,2,1,0,1
"0AA956E9","2026-27","GBL","VISSARIOU TILEMACHOS","ΔΟΞΑ ΛΕΥΚΑΔΑΣ","2026-10-03, ΚΟΛΟ vs ΔΟΞΑ",0,0,0,0,0,0,0,0,0,0,0,0,0,0,0,0
"0AA956E9","2026-27","GBL","SHARMA JOSH","ΔΟΞΑ ΛΕΥΚΑΔΑΣ","2026-10-03, ΚΟΛΟ vs ΔΟΞΑ",26,10,3,7,0,0,4,8,4,6,10,0,0,2,2,3
"0AA956E9","2026-27","GBL","GANT JAKEENAN","ΔΟΞΑ ΛΕΥΚΑΔΑΣ","2026-10-03, ΚΟΛΟ vs ΔΟΞΑ",27,14,2,5,3,3,1,1,1,4,5,0,1,1,0,1
"47FBE805","2026-27","GBL","FUNDERBURK D.J.","ΜΥΚΟΝΟΣ BETSSON BC","2026-10-03, ΜΥΚΟ vs ΠΑΟΚ",28,15,5,8,0,1,5,6,1,4,5,3,0,1,0,2
"47FBE805","2026-27","GBL","APPLEBY TYREE","ΜΥΚΟΝΟΣ BETSSON BC","2026-10-03, ΜΥΚΟ vs ΠΑΟΚ",24,7,0,1,2,4,1,2,0,4,4,4,1,2,0,2
"47FBE805","2026-27","GBL","CHILDS ELIJAH","ΜΥΚΟΝΟΣ BETSSON BC","2026-10-03, ΜΥΚΟ vs ΠΑΟΚ",17,6,2,3,0,1,2,2,2,3,5,2,0,0,2,2
"47FBE805","2026-27","GBL","KAVVADAS VASILIS","ΜΥΚΟΝΟΣ BETSSON BC","2026-10-03, ΜΥΚΟ vs ΠΑΟΚ",5,2,0,0,0,0,2,4,1,0,1,1,0,1,0,1
"47FBE805","2026-27","GBL","LAGIOS AGGELOS","ΜΥΚΟΝΟΣ BETSSON BC","2026-10-03, ΜΥΚΟ vs ΠΑΟΚ",0,0,0,0,0,0,0,0,0,0,0,0,0,0,0,0
"47FBE805","2026-27","GBL","SKOULIDAS DIONYSIS","ΜΥΚΟΝΟΣ BETSSON BC","2026-10-03, ΜΥΚΟ vs ΠΑΟΚ",10,3,0,1,1,1,0,0,0,0,0,1,1,0,0,0
"47FBE805","2026-27","GBL","TIGKAS FILIPPOS","ΜΥΚΟΝΟΣ BETSSON BC","2026-10-03, ΜΥΚΟ vs ΠΑΟΚ",16,7,2,2,1,1,0,0,0,2,2,5,2,2,0,5
"47FBE805","2026-27","GBL","SIDIROILIAS GIANNIS","ΜΥΚΟΝΟΣ BETSSON BC","2026-10-03, ΜΥΚΟ vs ΠΑΟΚ",12,4,1,1,0,0,2,2,1,1,2,0,0,0,0,1
"47FBE805","2026-27","GBL","TOLIAS VASILIS","ΜΥΚΟΝΟΣ BETSSON BC","2026-10-03, ΜΥΚΟ vs ΠΑΟΚ",0,0,0,0,0,0,0,0,0,0,0,0,0,0,0,0
"47FBE805","2026-27","GBL","LOVE JERMAINE","ΜΥΚΟΝΟΣ BETSSON BC","2026-10-03, ΜΥΚΟ vs ΠΑΟΚ",35,25,6,10,3,6,4,4,2,1,3,0,1,4,0,4
"47FBE805","2026-27","GBL","HARRELL RONNIE","ΜΥΚΟΝΟΣ BETSSON BC","2026-10-03, ΜΥΚΟ vs ΠΑΟΚ",24,4,0,2,1,3,1,2,0,4,4,0,1,0,0,2
"47FBE805","2026-27","GBL","CANNADY DEVIN","ΜΥΚΟΝΟΣ BETSSON BC","2026-10-03, ΜΥΚΟ vs ΠΑΟΚ",28,12,2,5,2,4,2,2,0,1,1,1,1,2,0,4
"47FBE805","2026-27","GBL","GRAY RAIQUAN","ΠΑΟΚ","2026-10-03, ΜΥΚΟ vs ΠΑΟΚ",8,2,1,3,0,0,0,2,0,1,1,0,1,0,0,2
"47FBE805","2026-27","GBL","MITROU-LONG NAZ","ΠΑΟΚ","2026-10-03, ΜΥΚΟ vs ΠΑΟΚ",26,14,2,4,2,6,4,4,0,4,4,4,0,1,0,1
"47FBE805","2026-27","GBL","OSMAN CEDI","ΠΑΟΚ","2026-10-03, ΜΥΚΟ vs ΠΑΟΚ",29,18,3,4,3,8,3,6,1,2,3,2,0,0,0,2
"47FBE805","2026-27","GBL","ALEXANDER KYLE","ΠΑΟΚ","2026-10-03, ΜΥΚΟ vs ΠΑΟΚ",19,11,4,6,0,0,3,4,3,3,6,0,0,1,2,2
"47FBE805","2026-27","GBL","HUDGINS TREVOR","ΠΑΟΚ","2026-10-03, ΜΥΚΟ vs ΠΑΟΚ",21,12,0,1,2,5,6,6,0,3,3,5,0,1,0,2
"47FBE805","2026-27","GBL","KAKLAMANAKIS DIMITRIS","ΠΑΟΚ","2026-10-03, ΜΥΚΟ vs ΠΑΟΚ",4,0,0,0,0,0,0,0,0,0,0,0,0,0,0,2
"47FBE805","2026-27","GBL","FOSTER MARCUS","ΠΑΟΚ","2026-10-03, ΜΥΚΟ vs ΠΑΟΚ",23,11,1,6,2,5,3,5,1,0,1,2,0,1,0,3
"47FBE805","2026-27","GBL","PERSIDIS NIKOS","ΠΑΟΚ","2026-10-03, ΜΥΚΟ vs ΠΑΟΚ",15,2,1,1,0,0,0,0,1,1,2,1,1,1,0,3
"47FBE805","2026-27","GBL","FILLIOS GIORGOS","ΠΑΟΚ","2026-10-03, ΜΥΚΟ vs ΠΑΟΚ",2,0,0,0,0,0,0,0,0,0,0,0,0,0,0,0
"47FBE805","2026-27","GBL","MOORE BEN","ΠΑΟΚ","2026-10-03, ΜΥΚΟ vs ΠΑΟΚ",16,6,1,1,0,0,4,4,4,2,6,0,0,1,0,3
"47FBE805","2026-27","GBL","CALATHES NICK","ΠΑΟΚ","2026-10-03, ΜΥΚΟ vs ΠΑΟΚ",24,12,3,3,2,6,0,2,1,2,3,7,1,1,0,1
"47FBE805","2026-27","GBL","BAZINAS THANASIS","ΠΑΟΚ","2026-10-03, ΜΥΚΟ vs ΠΑΟΚ",12,0,0,0,0,2,0,0,0,0,0,0,2,1,0,2
"DAA7CA1B","2026-27","GBL","NIKOLAIDIS APOSTOLOS","ΠΡΟΜΗΘΕΑΣ ΠΑΤΡΑΣ ΒΙΚΟΣ COLA","2026-10-03, ΠΡΟΜ vs ΠΕΡΙ",1,0,0,0,0,0,0,0,0,0,0,0,0,0,0,0
"DAA7CA1B","2026-27","GBL","COLEMAN KENDAL","ΠΡΟΜΗΘΕΑΣ ΠΑΤΡΑΣ ΒΙΚΟΣ COLA","2026-10-03, ΠΡΟΜ vs ΠΕΡΙ",20,10,3,4,0,0,4,7,0,3,3,1,0,0,1,2
"DAA7CA1B","2026-27","GBL","KAPETAKIS EVDOXIOS","ΠΡΟΜΗΘΕΑΣ ΠΑΤΡΑΣ ΒΙΚΟΣ COLA","2026-10-03, ΠΡΟΜ vs ΠΕΡΙ",4,2,0,0,0,0,2,2,0,0,0,0,1,1,0,2
"DAA7CA1B","2026-27","GBL","FORRESTER JAKOB","ΠΡΟΜΗΘΕΑΣ ΠΑΤΡΑΣ ΒΙΚΟΣ COLA","2026-10-03, ΠΡΟΜ vs ΠΕΡΙ",24,4,1,6,0,0,2,2,2,4,6,1,0,0,1,1
"DAA7CA1B","2026-27","GBL","EVANS SHANNON","ΠΡΟΜΗΘΕΑΣ ΠΑΤΡΑΣ ΒΙΚΟΣ COLA","2026-10-03, ΠΡΟΜ vs ΠΕΡΙ",32,17,1,2,1,5,12,13,0,3,3,1,1,6,0,1
"DAA7CA1B","2026-27","GBL","DIPLAROS NIKOS","ΠΡΟΜΗΘΕΑΣ ΠΑΤΡΑΣ ΒΙΚΟΣ COLA","2026-10-03, ΠΡΟΜ vs ΠΕΡΙ",22,10,1,2,2,3,2,2,0,1,1,7,0,3,0,5
"DAA7CA1B","2026-27","GBL","KALAITZAKIS GIORGOS","ΠΡΟΜΗΘΕΑΣ ΠΑΤΡΑΣ ΒΙΚΟΣ COLA","2026-10-03, ΠΡΟΜ vs ΠΕΡΙ",30,8,2,3,0,0,4,10,0,2,2,3,3,2,0,4
"DAA7CA1B","2026-27","GBL","KOUROUPAKIS PERIKLIS","ΠΡΟΜΗΘΕΑΣ ΠΑΤΡΑΣ ΒΙΚΟΣ COLA","2026-10-03, ΠΡΟΜ vs ΠΕΡΙ",0,0,0,0,0,0,0,0,0,0,0,0,0,0,0,0
"DAA7CA1B","2026-27","GBL","ARMS ADONIS","ΠΡΟΜΗΘΕΑΣ ΠΑΤΡΑΣ ΒΙΚΟΣ COLA","2026-10-03, ΠΡΟΜ vs ΠΕΡΙ",14,11,1,2,1,1,6,8,0,3,3,0,1,0,0,2
"DAA7CA1B","2026-27","GBL","WILLIAMS NEW","ΠΡΟΜΗΘΕΑΣ ΠΑΤΡΑΣ ΒΙΚΟΣ COLA","2026-10-03, ΠΡΟΜ vs ΠΕΡΙ",22,8,1,2,2,4,0,0,1,0,1,2,0,1,0,4
"DAA7CA1B","2026-27","GBL","ANTETOKOUNMPO ALEX","ΠΡΟΜΗΘΕΑΣ ΠΑΤΡΑΣ ΒΙΚΟΣ COLA","2026-10-03, ΠΡΟΜ vs ΠΕΡΙ",3,0,0,0,0,0,0,0,0,0,0,0,0,0,0,0
"DAA7CA1B","2026-27","GBL","KULBOKA ARNOLDAS","ΠΡΟΜΗΘΕΑΣ ΠΑΤΡΑΣ ΒΙΚΟΣ COLA","2026-10-03, ΠΡΟΜ vs ΠΕΡΙ",29,18,3,5,3,5,3,4,1,6,7,1,0,1,0,1
"DAA7CA1B","2026-27","GBL","NICHOLS TY","ΠΕΡΙΣΤΕΡΙ BETSSON","2026-10-03, ΠΡΟΜ vs ΠΕΡΙ",30,21,5,7,3,7,2,2,1,3,4,6,1,0,0,2
"DAA7CA1B","2026-27","GBL","FINCH JALEN","ΠΕΡΙΣΤΕΡΙ BETSSON","2026-10-03, ΠΡΟΜ vs ΠΕΡΙ",24,11,2,5,1,7,4,6,0,1,1,4,0,1,0,2
"DAA7CA1B","2026-27","GBL","PAYNE OMAR","ΠΕΡΙΣΤΕΡΙ BETSSON","2026-10-03, ΠΡΟΜ vs ΠΕΡΙ",20,9,4,5,0,0,1,4,2,4,6,1,2,1,1,5
"DAA7CA1B","2026-27","GBL","ITTOUNAS JOHN","ΠΕΡΙΣΤΕΡΙ BETSSON","2026-10-03, ΠΡΟΜ vs ΠΕΡΙ",4,0,0,0,0,1,0,0,0,0,0,0,0,0,0,0
"DAA7CA1B","2026-27","GBL","GKIOUZELIS GIORGOS","ΠΕΡΙΣΤΕΡΙ BETSSON","2026-10-03, ΠΡΟΜ vs ΠΕΡΙ",18,7,2,3,1,5,0,0,3,2,5,0,1,2,0,3
"DAA7CA1B","2026-27","GBL","FREIDEL NOAH","ΠΕΡΙΣΤΕΡΙ BETSSON","2026-10-03, ΠΡΟΜ vs ΠΕΡΙ",21,7,1,1,1,4,2,2,0,1,1,3,3,0,0,3
"DAA7CA1B","2026-27","GBL","CHATZIDAKIS MANOLIS","ΠΕΡΙΣΤΕΡΙ BETSSON","2026-10-03, ΠΡΟΜ vs ΠΕΡΙ",20,6,3,6,0,1,0,0,1,2,3,3,2,2,0,4
"DAA7CA1B","2026-27","GBL","KAMATEROS TASOS","ΠΕΡΙΣΤΕΡΙ BETSSON","2026-10-03, ΠΡΟΜ vs ΠΕΡΙ",4,0,0,0,0,1,0,0,0,0,0,0,0,0,0,1
"DAA7CA1B","2026-27","GBL","PAPADAKIS KOSTAS","ΠΕΡΙΣΤΕΡΙ BETSSON","2026-10-03, ΠΡΟΜ vs ΠΕΡΙ",10,5,0,0,1,5,2,2,0,3,3,2,0,1,0,2
"DAA7CA1B","2026-27","GBL","CARIUS WILL","ΠΕΡΙΣΤΕΡΙ BETSSON","2026-10-03, ΠΡΟΜ vs ΠΕΡΙ",13,7,2,2,1,4,0,0,2,0,2,1,1,1,0,5
"DAA7CA1B","2026-27","GBL","ANDERSON TYTAN","ΠΕΡΙΣΤΕΡΙ BETSSON","2026-10-03, ΠΡΟΜ vs ΠΕΡΙ",19,8,1,1,2,2,0,0,0,2,2,0,1,0,0,5
"DAA7CA1B","2026-27","GBL","NIKOLAIDIS ALEXANDROS","ΠΕΡΙΣΤΕΡΙ BETSSON","2026-10-03, ΠΡΟΜ vs ΠΕΡΙ",16,13,2,3,2,5,3,5,1,3,4,2,0,1,0,3
"4A03748D","2026-27","GBL","STAVRAKOPOULOS SOTIRIS","ΗΡΑΚΛΗΣ","2026-10-04, ΗΡΑΚ vs ΟΛΥΜ",0,0,0,0,0,0,0,0,0,0,0,0,0,0,0,0
"4A03748D","2026-27","GBL","MASTROGIANNOPOULOS SARANTIS","ΗΡΑΚΛΗΣ","2026-10-04, ΗΡΑΚ vs ΟΛΥΜ",15,4,2,2,0,2,0,0,0,1,1,1,1,1,0,2
"4A03748D","2026-27","GBL","LECQUE JALEN","ΗΡΑΚΛΗΣ","2026-10-04, ΗΡΑΚ vs ΟΛΥΜ",29,19,7,10,1,8,2,3,1,3,4,2,2,0,0,0
"4A03748D","2026-27","GBL","MOURATOS VASILIS","ΗΡΑΚΛΗΣ","2026-10-04, ΗΡΑΚ vs ΟΛΥΜ",0,0,0,0,0,0,0,0,0,0,0,0,0,0,0,0
"4A03748D","2026-27","GBL","DIARRA HASSAN","ΗΡΑΚΛΗΣ","2026-10-04, ΗΡΑΚ vs ΟΛΥΜ",30,16,2,7,3,4,3,4,0,2,2,2,2,1,0,4
"4A03748D","2026-27","GBL","SLAFTSAKIS DIAMANTIS","ΗΡΑΚΛΗΣ","2026-10-04, ΗΡΑΚ vs ΟΛΥΜ",9,0,0,0,0,0,0,0,0,2,2,0,0,0,0,0
"4A03748D","2026-27","GBL","HORCHLER NOAH","ΗΡΑΚΛΗΣ","2026-10-04, ΗΡΑΚ vs ΟΛΥΜ",0,0,0,0,0,0,0,0,0,0,0,0,0,0,0,0
"4A03748D","2026-27","GBL","MELVIN CLEVELAND","ΗΡΑΚΛΗΣ","2026-10-04, ΗΡΑΚ vs ΟΛΥΜ",30,11,3,5,1,5,2,6,1,7,8,3,1,2,0,0
"4A03748D","2026-27","GBL","STYLES DONTREZ","ΗΡΑΚΛΗΣ","2026-10-04, ΗΡΑΚ vs ΟΛΥΜ",23,9,0,1,3,5,0,0,1,2,3,0,0,1,1,2
"4A03748D","2026-27","GBL","ARNOKOUROS GIORGOS","ΗΡΑΚΛΗΣ","2026-10-04, ΗΡΑΚ vs ΟΛΥΜ",16,4,2,4,0,0,0,0,3,2,5,0,0,1,0,5
"4A03748D","2026-27","GBL","HUTSON JACOB","ΗΡΑΚΛΗΣ","2026-10-04, ΗΡΑΚ vs ΟΛΥΜ",19,0,0,4,0,1,0,0,0,2,2,1,0,1,0,2
"4A03748D","2026-27","GBL","SYLLAS COLE","ΗΡΑΚΛΗΣ","2026-10-04, ΗΡΑΚ vs ΟΛΥΜ",29,5,1,4,1,4,0,0,1,3,4,2,2,0,1,4
"4A03748D","2026-27","GBL","MCINTYRE CODI MILLER","ΟΛΥΜΠΙΑΚΟΣ","2026-10-04, ΗΡΑΚ vs ΟΛΥΜ",30,12,2,5,2,6,2,2,1,8,9,6,1,4,0,2
"4A03748D","2026-27","GBL","WARD ΤYSON","ΟΛΥΜΠΙΑΚΟΣ","2026-10-04, ΗΡΑΚ vs ΟΛΥΜ",20,4,0,3,1,2,1,2,1,1,2,1,1,0,0,2
"4A03748D","2026-27","GBL","PLOTAS NIKOS","ΟΛΥΜΠΙΑΚΟΣ","2026-10-04, ΗΡΑΚ vs ΟΛΥΜ",10,7,1,2,1,2,2,2,0,1,1,2,0,0,1,2
"4A03748D","2026-27","GBL","VEZENKOV SASHA","ΟΛΥΜΠΙΑΚΟΣ","2026-10-04, ΗΡΑΚ vs ΟΛΥΜ",23,14,4,7,2,5,0,0,1,2,3,0,0,1,0,3
"4A03748D","2026-27","GBL","PAPANIKOLAOU KOSTAS","ΟΛΥΜΠΙΑΚΟΣ","2026-10-04, ΗΡΑΚ vs ΟΛΥΜ",20,0,0,0,0,1,0,0,0,4,4,2,0,2,1,0
"4A03748D","2026-27","GBL","NETZIPOGLOU OMIROS","ΟΛΥΜΠΙΑΚΟΣ","2026-10-04, ΗΡΑΚ vs ΟΛΥΜ",0,0,0,0,0,0,0,0,0,0,0,0,0,0,0,0
"4A03748D","2026-27","GBL","DORSEY TYLER","ΟΛΥΜΠΙΑΚΟΣ","2026-10-04, ΗΡΑΚ vs ΟΛΥΜ",21,11,2,3,2,6,1,1,0,2,2,1,0,2,0,1
"4A03748D","2026-27","GBL","NDIAYE MBAYE","ΟΛΥΜΠΙΑΚΟΣ","2026-10-04, ΗΡΑΚ vs ΟΛΥΜ",20,8,4,7,0,3,0,0,1,6,7,2,0,0,0,1
"4A03748D","2026-27","GBL","KARAGIANNIDIS ANTONIS","ΟΛΥΜΠΙΑΚΟΣ","2026-10-04, ΗΡΑΚ vs ΟΛΥΜ",0,0,0,0,0,0,0,0,0,0,0,0,0,0,0,0
"4A03748D","2026-27","GBL","MILUTINOV NIKOLA","ΟΛΥΜΠΙΑΚΟΣ","2026-10-04, ΗΡΑΚ vs ΟΛΥΜ",21,10,4,4,0,0,2,3,3,2,5,1,1,2,2,1
"4A03748D","2026-27","GBL","HALL DONTA","ΟΛΥΜΠΙΑΚΟΣ","2026-10-04, ΗΡΑΚ vs ΟΛΥΜ",16,8,4,5,0,0,0,2,1,3,4,1,0,0,2,3
"4A03748D","2026-27","GBL","FOURNIER EVAN","ΟΛΥΜΠΙΑΚΟΣ","2026-10-04, ΗΡΑΚ vs ΟΛΥΜ",20,4,0,0,1,5,1,1,1,1,2,3,0,1,0,2
"FDBBC910","2026-27","GBL","KALAITZAKIS PANAGIOTIS","ΠΑΝΑΘΗΝΑΪΚΟΣ AKTOR","2026-10-04, ΠΑΝΑ vs VIKO",28,9,2,3,1,1,2,2,0,3,3,1,0,0,0,3
"FDBBC910","2026-27","GBL","FRANCISCO SYLVAIN","ΠΑΝΑΘΗΝΑΪΚΟΣ AKTOR","2026-10-04, ΠΑΝΑ vs VIKO",17,12,1,3,2,6,4,4,0,0,0,5,0,3,0,0
"FDBBC910","2026-27","GBL","MORAITIS DIMITRIS","ΠΑΝΑΘΗΝΑΪΚΟΣ AKTOR","2026-10-04, ΠΑΝΑ vs VIKO",24,8,1,1,2,4,0,0,0,0,0,10,1,2,0,2
"FDBBC910","2026-27","GBL","BADIO BRANCOU","ΠΑΝΑΘΗΝΑΪΚΟΣ AKTOR","2026-10-04, ΠΑΝΑ vs VIKO",0,0,0,0,0,0,0,0,0,0,0,0,0,0,0,0
"FDBBC910","2026-27","GBL","HAYES-DAVIS NIGEL","ΠΑΝΑΘΗΝΑΪΚΟΣ AKTOR","2026-10-04, ΠΑΝΑ vs VIKO",24,15,3,5,1,3,6,8,1,2,3,3,1,1,0,2
"FDBBC910","2026-27","GBL","LESSORT MATHIAS","ΠΑΝΑΘΗΝΑΪΚΟΣ AKTOR","2026-10-04, ΠΑΝΑ vs VIKO",21,19,5,10,0,0,9,11,1,2,3,1,2,1,0,4
"FDBBC910","2026-27","GBL","YABUSELE GUERSCHON","ΠΑΝΑΘΗΝΑΪΚΟΣ AKTOR","2026-10-04, ΠΑΝΑ vs VIKO",22,14,1,3,3,4,3,4,1,6,7,2,0,0,0,1
"FDBBC910","2026-27","GBL","BONGA ISAAC","ΠΑΝΑΘΗΝΑΪΚΟΣ AKTOR","2026-10-04, ΠΑΝΑ vs VIKO",19,2,1,1,0,2,0,0,0,9,9,0,0,1,0,2
"FDBBC910","2026-27","GBL","MITOGLOU KOSTAS","ΠΑΝΑΘΗΝΑΪΚΟΣ AKTOR","2026-10-04, ΠΑΝΑ vs VIKO",19,14,3,4,1,2,5,5,2,2,4,0,1,0,1,0
"FDBBC910","2026-27","GBL","MANTZOUKAS LEFTERIS","ΠΑΝΑΘΗΝΑΪΚΟΣ AKTOR","2026-10-04, ΠΑΝΑ vs VIKO",25,10,2,4,2,3,0,0,0,2,2,0,1,1,0,3
"FDBBC910","2026-27","GBL","BOGUES SHANNON","VIKOS FALCONS","2026-10-04, ΠΑΝΑ vs VIKO",23,4,1,4,0,1,2,2,1,3,4,3,1,0,0,1
"FDBBC910","2026-27","GBL","KARAKOSTAS GIANNIS","VIKOS FALCONS","2026-10-04, ΠΑΝΑ vs VIKO",22,10,2,2,2,4,0,0,0,2,2,2,1,3,0,1
"FDBBC910","2026-27","GBL","ALMONOR ANSLEY","VIKOS FALCONS","2026-10-04, ΠΑΝΑ vs VIKO",15,3,0,1,1,1,0,0,0,0,0,0,0,0,0,4
"FDBBC910","2026-27","GBL","AGRAVANIS GIANNIS","VIKOS FALCONS","2026-10-04, ΠΑΝΑ vs VIKO",24,12,3,4,1,2,3,4,0,3,3,1,1,3,0,2
"FDBBC910","2026-27","GBL","SOTIRIOU ARIS","VIKOS FALCONS","2026-10-04, ΠΑΝΑ vs VIKO",9,1,0,3,0,0,1,2,1,1,2,0,0,0,0,3
"FDBBC910","2026-27","GBL","FLOYD JORDAN","VIKOS FALCONS","2026-10-04, ΠΑΝΑ vs VIKO",25,14,4,8,1,6,3,4,0,2,2,6,0,3,0,1
"FDBBC910","2026-27","GBL","MCNAIR WILL","VIKOS FALCONS","2026-10-04, ΠΑΝΑ vs VIKO",13,6,2,4,0,0,2,2,0,0,0,0,0,1,0,4
"FDBBC910","2026-27","GBL","JUSTICE KESHAWN","VIKOS FALCONS","2026-10-04, ΠΑΝΑ vs VIKO",24,14,4,5,2,4,0,0,1,4,5,0,1,1,0,3
"FDBBC910","2026-27","GBL","GONTIKAS KOSTAS","VIKOS FALCONS","2026-10-04, ΠΑΝΑ vs VIKO",16,8,3,5,0,0,2,4,1,2,3,0,0,2,0,3
"FDBBC910","2026-27","GBL","PATRIKIS ANDREAS","VIKOS FALCONS","2026-10-04, ΠΑΝΑ vs VIKO",10,2,1,1,0,1,0,0,0,2,2,0,0,0,0,2
"FDBBC910","2026-27","GBL","FREEMAN ALLERIK","VIKOS FALCONS","2026-10-04, ΠΑΝΑ vs VIKO",11,0,0,1,0,3,0,0,0,0,0,3,0,0,0,1
"FDBBC910","2026-27","GBL","POZOGLOU NIC","VIKOS FALCONS","2026-10-04, ΠΑΝΑ vs VIKO",10,0,0,1,0,0,0,0,0,3,3,0,1,0,0,1
