"TEAM","CODE","MATCHUP","PTS","2PM","2PA","3PM","3PA","FTM","FTA","OREB","DREB","REB","AST","STL","TOV","BLK","PF"
"ΜΥΚΟΝΟΣ BETSSON BC","ΜΥΚΟ","2026-09-17, ΜΥΚΟ vs ΠΡΟΜ",NA,NA,NA,NA,NA,NA,NA,0,0,0,NA,NA,0,NA,0
"ΠΡΟΜΗΘΕΑΣ ΠΑΤΡΑΣ ΒΙΚΟΣ COLA","ΠΡΟΜ","2026-09-17, ΜΥΚΟ vs ΠΡΟΜ",NA,NA,NA,NA,NA,NA,NA,0,0,0,NA,NA,0,NA,0
"ΟΛΥΜΠΙΑΚΟΣ","ΟΛΥΜ","2026-09-26, ΟΛΥΜ vs ΑΕΚ",93,24,30,11,32,12,18,9,26,35,24,6,18,3,19
"ΑΕΚ","ΑΕΚ","2026-09-26, ΟΛΥΜ vs ΑΕΚ",80,17,31,11,28,13,22,5,20,25,25,13,15,0,20
"ΠΑΝΑΘΗΝΑΪΚΟΣ AKTOR","ΠΑΝΑ","2026-09-26, ΠΑΝΑ vs ΠΑΟΚ",82,20,30,7,18,21,36,5,24,29,15,5,13,4,21
"ΠΑΟΚ","ΠΑΟΚ","2026-09-26, ΠΑΝΑ vs ΠΑΟΚ",84,25,39,8,33,10,16,17,21,38,20,9,11,1,29
"ΟΛΥΜΠΙΑΚΟΣ","ΟΛΥΜ","2026-09-27, ΟΛΥΜ vs ΠΑΟΚ",101,25,44,9,24,24,31,14,23,37,19,9,8,1,21
"ΠΑΟΚ","ΠΑΟΚ","2026-09-27, ΟΛΥΜ vs ΠΑΟΚ",96,14,21,19,46,11,17,13,22,35,22,4,12,2,24
"ΑΕΚ","ΑΕΚ","2026-10-03, ΑΕΚ vs ΜΑΡΟ",91,25,39,9,25,14,16,11,22,33,20,6,10,3,18
"ΜΑΡΟΥΣΙ","ΜΑΡΟ","2026-10-03, ΑΕΚ vs ΜΑΡΟ",70,20,43,6,21,12,17,17,19,36,19,6,15,3,18
"ΚΑΡΔΙΤΣΑ ΙΑΠΩΝΙΚΗ","ΚΑΡΔ","2026-10-03, ΚΑΡΔ vs ΑΡΗΣ",74,19,44,7,21,15,21,11,27,38,20,13,18,5,28
"ΑΡΗΣ","ΑΡΗΣ","2026-10-03, ΚΑΡΔ vs ΑΡΗΣ",68,16,36,5,22,21,28,12,27,39,19,6,21,5,20
"ΚΟΛΟΣΣΟΣ H HOTELS COLLECTION","ΚΟΛΟ","2026-10-03, ΚΟΛΟ vs ΔΟΞΑ",91,17,31,13,26,18,21,4,29,33,19,7,12,2,21
"ΔΟΞΑ ΛΕΥΚΑΔΑΣ ELABET","ΔΟΞΑ","2026-10-03, ΚΟΛΟ vs ΔΟΞΑ",75,21,44,8,21,9,16,10,24,34,11,6,12,2,19
"ΜΥΚΟΝΟΣ BETSSON BC","ΜΥΚΟ","2026-10-03, ΜΥΚΟ vs ΠΑΟΚ",85,18,33,10,21,19,24,7,25,32,17,7,12,2,23
"ΠΑΟΚ","ΠΑΟΚ","2026-10-03, ΜΥΚΟ vs ΠΑΟΚ",88,16,29,11,32,23,33,13,20,33,21,5,8,2,23
"ΠΡΟΜΗΘΕΑΣ ΠΑΤΡΑΣ ΒΙΚΟΣ COLA","ΠΡΟΜ","2026-10-03, ΠΡΟΜ vs ΠΕΡΙ",88,13,26,9,18,35,48,5,24,29,16,6,15,2,22
"ΠΕΡΙΣΤΕΡΙ BETSSON","ΠΕΡΙ","2026-10-03, ΠΡΟΜ vs ΠΕΡΙ",94,22,33,12,42,14,21,14,23,37,22,11,10,1,35
"ΗΡΑΚΛΗΣ","ΗΡΑΚ","2026-10-04, ΗΡΑΚ vs ΟΛΥΜ",68,17,37,9,29,7,13,8,29,37,11,8,10,2,19
"ΟΛΥΜΠΙΑΚΟΣ","ΟΛΥΜ","2026-10-04, ΗΡΑΚ vs ΟΛΥΜ",78,21,36,9,30,9,13,9,32,41,19,3,14,6,17
"ΠΑΝΑΘΗΝΑΪΚΟΣ AKTOR","ΠΑΝΑ","2026-10-04, ΠΑΝΑ vs VIKO",103,19,34,12,25,29,34,7,28,35,22,6,9,1,17
"VIKOS ΦALCONS","VIKO","2026-10-04, ΠΑΝΑ vs VIKO",74,20,39,7,22,13,18,5,23,28,15,5,13,0,26
"ΑΡΗΣ","ΑΡΗΣ","2026-10-10, ΑΡΗΣ vs ΑΕΚ",NA,NA,NA,NA,NA,NA,NA,0,0,0,NA,NA,0,NA,0
"ΑΕΚ","ΑΕΚ","2026-10-10, ΑΡΗΣ vs ΑΕΚ",NA,NA,NA,NA,NA,NA,NA,0,0,0,NA,NA,0,NA,0
"ΚΑΡΔΙΤΣΑ ΙΑΠΩΝΙΚΗ","ΚΑΡΔ","2026-10-10, ΚΑΡΔ vs VIKO",NA,NA,NA,NA,NA,NA,NA,0,0,0,NA,NA,0,NA,0
"VIKOS ΦALCONS","VIKO","2026-10-10, ΚΑΡΔ vs VIKO",NA,NA,NA,NA,NA,NA,NA,0,0,0,NA,NA,0,NA,0
"ΜΑΡΟΥΣΙ","ΜΑΡΟ","2026-10-10, ΜΑΡΟ vs ΜΥΚΟ",NA,NA,NA,NA,NA,NA,NA,0,0,0,NA,NA,0,NA,0
"ΜΥΚΟΝΟΣ BETSSON BC","ΜΥΚΟ","2026-10-10, ΜΑΡΟ vs ΜΥΚΟ",NA,NA,NA,NA,NA,NA,NA,0,0,0,NA,NA,0,NA,0
"ΠΑΟΚ","ΠΑΟΚ","2026-10-10, ΠΑΟΚ vs ΔΟΞΑ",NA,NA,NA,NA,NA,NA,NA,0,0,0,NA,NA,0,NA,0
"ΔΟΞΑ ΛΕΥΚΑΔΑΣ ELABET","ΔΟΞΑ","2026-10-10, ΠΑΟΚ vs ΔΟΞΑ",NA,NA,NA,NA,NA,NA,NA,0,0,0,NA,NA,0,NA,0
"ΠΕΡΙΣΤΕΡΙ BETSSON","ΠΕΡΙ","2026-10-10, ΠΕΡΙ vs ΗΡΑΚ",91,26,46,6,28,21,34,15,20,35,12,13,13,7,22
"ΗΡΑΚΛΗΣ","ΗΡΑΚ","2026-10-10, ΠΕΡΙ vs ΗΡΑΚ",89,26,47,7,24,16,22,17,36,53,18,6,20,4,27
"ΠΡΟΜΗΘΕΑΣ ΠΑΤΡΑΣ ΒΙΚΟΣ COLA","ΠΡΟΜ","2026-10-10, ΠΡΟΜ vs ΠΑΝΑ",NA,NA,NA,NA,NA,NA,NA,0,0,0,NA,NA,0,NA,0
"ΠΑΝΑΘΗΝΑΪΚΟΣ AKTOR","ΠΑΝΑ","2026-10-10, ΠΡΟΜ vs ΠΑΝΑ",NA,NA,NA,NA,NA,NA,NA,0,0,0,NA,NA,0,NA,0
"VIKOS ΦALCONS","VIKO","NA, VIKO vs ΑΡΗΣ",NA,NA,NA,NA,NA,NA,NA,0,0,0,NA,NA,0,NA,0
"ΑΡΗΣ","ΑΡΗΣ","NA, VIKO vs ΑΡΗΣ",NA,NA,NA,NA,NA,NA,NA,0,0,0,NA,NA,0,NA,0
"VIKOS ΦALCONS","VIKO","NA, VIKO vs ΗΡΑΚ",NA,NA,NA,NA,NA,NA,NA,0,0,0,NA,NA,0,NA,0
"ΗΡΑΚΛΗΣ","ΗΡΑΚ","NA, VIKO vs ΗΡΑΚ",NA,NA,NA,NA,NA,NA,NA,0,0,0,NA,NA,0,NA,0
"VIKOS ΦALCONS","VIKO","NA, VIKO vs ΚΑΡΔ",NA,NA,NA,NA,NA,NA,NA,0,0,0,NA,NA,0,NA,0
"ΚΑΡΔΙΤΣΑ ΙΑΠΩΝΙΚΗ","ΚΑΡΔ","NA, VIKO vs ΚΑΡΔ",NA,NA,NA,NA,NA,NA,NA,0,0,0,NA,NA,0,NA,0
"VIKOS ΦALCONS","VIKO","NA, VIKO vs ΚΟΛΟ",NA,NA,NA,NA,NA,NA,NA,0,0,0,NA,NA,0,NA,0
"ΚΟΛΟΣΣΟΣ H HOTELS COLLECTION","ΚΟΛΟ","NA, VIKO vs ΚΟΛΟ",NA,NA,NA,NA,NA,NA,NA,0,0,0,NA,NA,0,NA,0
"VIKOS ΦALCONS","VIKO","NA, VIKO vs ΜΥΚΟ",NA,NA,NA,NA,NA,NA,NA,0,0,0,NA,NA,0,NA,0
"ΜΥΚΟΝΟΣ BETSSON BC","ΜΥΚΟ","NA, VIKO vs ΜΥΚΟ",NA,NA,NA,NA,NA,NA,NA,0,0,0,NA,NA,0,NA,0
"VIKOS ΦALCONS","VIKO","NA, VIKO vs ΠΑΝΑ",NA,NA,NA,NA,NA,NA,NA,0,0,0,NA,NA,0,NA,0
"ΠΑΝΑΘΗΝΑΪΚΟΣ AKTOR","ΠΑΝΑ","NA, VIKO vs ΠΑΝΑ",NA,NA,NA,NA,NA,NA,NA,0,0,0,NA,NA,0,NA,0
"VIKOS ΦALCONS","VIKO","NA, VIKO vs ΠΑΟΚ",NA,NA,NA,NA,NA,NA,NA,0,0,0,NA,NA,0,NA,0
"ΠΑΟΚ","ΠΑΟΚ","NA, VIKO vs ΠΑΟΚ",NA,NA,NA,NA,NA,NA,NA,0,0,0,NA,NA,0,NA,0
"ΑΕΚ","ΑΕΚ","NA, ΑΕΚ vs VIKO",NA,NA,NA,NA,NA,NA,NA,0,0,0,NA,NA,0,NA,0
"VIKOS ΦALCONS","VIKO","NA, ΑΕΚ vs VIKO",NA,NA,NA,NA,NA,NA,NA,0,0,0,NA,NA,0,NA,0
"ΑΕΚ","ΑΕΚ","NA, ΑΕΚ vs ΑΡΗΣ",NA,NA,NA,NA,NA,NA,NA,0,0,0,NA,NA,0,NA,0
"ΑΡΗΣ","ΑΡΗΣ","NA, ΑΕΚ vs ΑΡΗΣ",NA,NA,NA,NA,NA,NA,NA,0,0,0,NA,NA,0,NA,0
"ΑΕΚ","ΑΕΚ","NA, ΑΕΚ vs ΗΡΑΚ",NA,NA,NA,NA,NA,NA,NA,0,0,0,NA,NA,0,NA,0
"ΗΡΑΚΛΗΣ","ΗΡΑΚ","NA, ΑΕΚ vs ΗΡΑΚ",NA,NA,NA,NA,NA,NA,NA,0,0,0,NA,NA,0,NA,0
"ΑΕΚ","ΑΕΚ","NA, ΑΕΚ vs ΠΑΟΚ",NA,NA,NA,NA,NA,NA,NA,0,0,0,NA,NA,0,NA,0
"ΠΑΟΚ","ΠΑΟΚ","NA, ΑΕΚ vs ΠΑΟΚ",NA,NA,NA,NA,NA,NA,NA,0,0,0,NA,NA,0,NA,0
"ΑΕΚ","ΑΕΚ","NA, ΑΕΚ vs ΠΕΡΙ",NA,NA,NA,NA,NA,NA,NA,0,0,0,NA,NA,0,NA,0
"ΠΕΡΙΣΤΕΡΙ BETSSON","ΠΕΡΙ","NA, ΑΕΚ vs ΠΕΡΙ",NA,NA,NA,NA,NA,NA,NA,0,0,0,NA,NA,0,NA,0
"ΑΕΚ","ΑΕΚ","NA, ΑΕΚ vs ΠΡΟΜ",NA,NA,NA,NA,NA,NA,NA,0,0,0,NA,NA,0,NA,0
"ΠΡΟΜΗΘΕΑΣ ΠΑΤΡΑΣ ΒΙΚΟΣ COLA","ΠΡΟΜ","NA, ΑΕΚ vs ΠΡΟΜ",NA,NA,NA,NA,NA,NA,NA,0,0,0,NA,NA,0,NA,0
"ΑΡΗΣ","ΑΡΗΣ","NA, ΑΡΗΣ vs ΔΟΞΑ",NA,NA,NA,NA,NA,NA,NA,0,0,0,NA,NA,0,NA,0
"ΔΟΞΑ ΛΕΥΚΑΔΑΣ ELABET","ΔΟΞΑ","NA, ΑΡΗΣ vs ΔΟΞΑ",NA,NA,NA,NA,NA,NA,NA,0,0,0,NA,NA,0,NA,0
"ΑΡΗΣ","ΑΡΗΣ","NA, ΑΡΗΣ vs ΚΑΡΔ",NA,NA,NA,NA,NA,NA,NA,0,0,0,NA,NA,0,NA,0
"ΚΑΡΔΙΤΣΑ ΙΑΠΩΝΙΚΗ","ΚΑΡΔ","NA, ΑΡΗΣ vs ΚΑΡΔ",NA,NA,NA,NA,NA,NA,NA,0,0,0,NA,NA,0,NA,0
"ΑΡΗΣ","ΑΡΗΣ","NA, ΑΡΗΣ vs ΚΟΛΟ",NA,NA,NA,NA,NA,NA,NA,0,0,0,NA,NA,0,NA,0
"ΚΟΛΟΣΣΟΣ H HOTELS COLLECTION","ΚΟΛΟ","NA, ΑΡΗΣ vs ΚΟΛΟ",NA,NA,NA,NA,NA,NA,NA,0,0,0,NA,NA,0,NA,0
"ΑΡΗΣ","ΑΡΗΣ","NA, ΑΡΗΣ vs ΜΥΚΟ",NA,NA,NA,NA,NA,NA,NA,0,0,0,NA,NA,0,NA,0
"ΜΥΚΟΝΟΣ BETSSON BC","ΜΥΚΟ","NA, ΑΡΗΣ vs ΜΥΚΟ",NA,NA,NA,NA,NA,NA,NA,0,0,0,NA,NA,0,NA,0
"ΑΡΗΣ","ΑΡΗΣ","NA, ΑΡΗΣ vs ΠΑΟΚ",NA,NA,NA,NA,NA,NA,NA,0,0,0,NA,NA,0,NA,0
"ΠΑΟΚ","ΠΑΟΚ","NA, ΑΡΗΣ vs ΠΑΟΚ",NA,NA,NA,NA,NA,NA,NA,0,0,0,NA,NA,0,NA,0
"ΑΡΗΣ","ΑΡΗΣ","NA, ΑΡΗΣ vs ΠΕΡΙ",NA,NA,NA,NA,NA,NA,NA,0,0,0,NA,NA,0,NA,0
"ΠΕΡΙΣΤΕΡΙ BETSSON","ΠΕΡΙ","NA, ΑΡΗΣ vs ΠΕΡΙ",NA,NA,NA,NA,NA,NA,NA,0,0,0,NA,NA,0,NA,0
"ΔΟΞΑ ΛΕΥΚΑΔΑΣ ELABET","ΔΟΞΑ","NA, ΔΟΞΑ vs VIKO",NA,NA,NA,NA,NA,NA,NA,0,0,0,NA,NA,0,NA,0
"VIKOS ΦALCONS","VIKO","NA, ΔΟΞΑ vs VIKO",NA,NA,NA,NA,NA,NA,NA,0,0,0,NA,NA,0,NA,0
"ΔΟΞΑ ΛΕΥΚΑΔΑΣ ELABET","ΔΟΞΑ","NA, ΔΟΞΑ vs ΑΕΚ",NA,NA,NA,NA,NA,NA,NA,0,0,0,NA,NA,0,NA,0
"ΑΕΚ","ΑΕΚ","NA, ΔΟΞΑ vs ΑΕΚ",NA,NA,NA,NA,NA,NA,NA,0,0,0,NA,NA,0,NA,0
"ΔΟΞΑ ΛΕΥΚΑΔΑΣ ELABET","ΔΟΞΑ","NA, ΔΟΞΑ vs ΚΑΡΔ",NA,NA,NA,NA,NA,NA,NA,0,0,0,NA,NA,0,NA,0
"ΚΑΡΔΙΤΣΑ ΙΑΠΩΝΙΚΗ","ΚΑΡΔ","NA, ΔΟΞΑ vs ΚΑΡΔ",NA,NA,NA,NA,NA,NA,NA,0,0,0,NA,NA,0,NA,0
"ΔΟΞΑ ΛΕΥΚΑΔΑΣ ELABET","ΔΟΞΑ","NA, ΔΟΞΑ vs ΚΟΛΟ",NA,NA,NA,NA,NA,NA,NA,0,0,0,NA,NA,0,NA,0
"ΚΟΛΟΣΣΟΣ H HOTELS COLLECTION","ΚΟΛΟ","NA, ΔΟΞΑ vs ΚΟΛΟ",NA,NA,NA,NA,NA,NA,NA,0,0,0,NA,NA,0,NA,0
"ΔΟΞΑ ΛΕΥΚΑΔΑΣ ELABET","ΔΟΞΑ","NA, ΔΟΞΑ vs ΜΥΚΟ",NA,NA,NA,NA,NA,NA,NA,0,0,0,NA,NA,0,NA,0
"ΜΥΚΟΝΟΣ BETSSON BC","ΜΥΚΟ","NA, ΔΟΞΑ vs ΜΥΚΟ",NA,NA,NA,NA,NA,NA,NA,0,0,0,NA,NA,0,NA,0
"ΔΟΞΑ ΛΕΥΚΑΔΑΣ ELABET","ΔΟΞΑ","NA, ΔΟΞΑ vs ΠΑΟΚ",NA,NA,NA,NA,NA,NA,NA,0,0,0,NA,NA,0,NA,0
"ΠΑΟΚ","ΠΑΟΚ","NA, ΔΟΞΑ vs ΠΑΟΚ",NA,NA,NA,NA,NA,NA,NA,0,0,0,NA,NA,0,NA,0
"ΗΡΑΚΛΗΣ","ΗΡΑΚ","NA, ΗΡΑΚ vs ΑΡΗΣ",NA,NA,NA,NA,NA,NA,NA,0,0,0,NA,NA,0,NA,0
"ΑΡΗΣ","ΑΡΗΣ","NA, ΗΡΑΚ vs ΑΡΗΣ",NA,NA,NA,NA,NA,NA,NA,0,0,0,NA,NA,0,NA,0
"ΗΡΑΚΛΗΣ","ΗΡΑΚ","NA, ΗΡΑΚ vs ΔΟΞΑ",NA,NA,NA,NA,NA,NA,NA,0,0,0,NA,NA,0,NA,0
"ΔΟΞΑ ΛΕΥΚΑΔΑΣ ELABET","ΔΟΞΑ","NA, ΗΡΑΚ vs ΔΟΞΑ",NA,NA,NA,NA,NA,NA,NA,0,0,0,NA,NA,0,NA,0
"ΗΡΑΚΛΗΣ","ΗΡΑΚ","NA, ΗΡΑΚ vs ΜΑΡΟ",NA,NA,NA,NA,NA,NA,NA,0,0,0,NA,NA,0,NA,0
"ΜΑΡΟΥΣΙ","ΜΑΡΟ","NA, ΗΡΑΚ vs ΜΑΡΟ",NA,NA,NA,NA,NA,NA,NA,0,0,0,NA,NA,0,NA,0
"ΗΡΑΚΛΗΣ","ΗΡΑΚ","NA, ΗΡΑΚ vs ΠΑΝΑ",NA,NA,NA,NA,NA,NA,NA,0,0,0,NA,NA,0,NA,0
"ΠΑΝΑΘΗΝΑΪΚΟΣ AKTOR","ΠΑΝΑ","NA, ΗΡΑΚ vs ΠΑΝΑ",NA,NA,NA,NA,NA,NA,NA,0,0,0,NA,NA,0,NA,0
"ΗΡΑΚΛΗΣ","ΗΡΑΚ","NA, ΗΡΑΚ vs ΠΕΡΙ",NA,NA,NA,NA,NA,NA,NA,0,0,0,NA,NA,0,NA,0
"ΠΕΡΙΣΤΕΡΙ BETSSON","ΠΕΡΙ","NA, ΗΡΑΚ vs ΠΕΡΙ",NA,NA,NA,NA,NA,NA,NA,0,0,0,NA,NA,0,NA,0
"ΗΡΑΚΛΗΣ","ΗΡΑΚ","NA, ΗΡΑΚ vs ΠΡΟΜ",NA,NA,NA,NA,NA,NA,NA,0,0,0,NA,NA,0,NA,0
"ΠΡΟΜΗΘΕΑΣ ΠΑΤΡΑΣ ΒΙΚΟΣ COLA","ΠΡΟΜ","NA, ΗΡΑΚ vs ΠΡΟΜ",NA,NA,NA,NA,NA,NA,NA,0,0,0,NA,NA,0,NA,0
"ΚΑΡΔΙΤΣΑ ΙΑΠΩΝΙΚΗ","ΚΑΡΔ","NA, ΚΑΡΔ vs ΑΕΚ",NA,NA,NA,NA,NA,NA,NA,0,0,0,NA,NA,0,NA,0
"ΑΕΚ","ΑΕΚ","NA, ΚΑΡΔ vs ΑΕΚ",NA,NA,NA,NA,NA,NA,NA,0,0,0,NA,NA,0,NA,0
"ΚΑΡΔΙΤΣΑ ΙΑΠΩΝΙΚΗ","ΚΑΡΔ","NA, ΚΑΡΔ vs ΗΡΑΚ",NA,NA,NA,NA,NA,NA,NA,0,0,0,NA,NA,0,NA,0
"ΗΡΑΚΛΗΣ","ΗΡΑΚ","NA, ΚΑΡΔ vs ΗΡΑΚ",NA,NA,NA,NA,NA,NA,NA,0,0,0,NA,NA,0,NA,0
"ΚΑΡΔΙΤΣΑ ΙΑΠΩΝΙΚΗ","ΚΑΡΔ","NA, ΚΑΡΔ vs ΜΥΚΟ",NA,NA,NA,NA,NA,NA,NA,0,0,0,NA,NA,0,NA,0
"ΜΥΚΟΝΟΣ BETSSON BC","ΜΥΚΟ","NA, ΚΑΡΔ vs ΜΥΚΟ",NA,NA,NA,NA,NA,NA,NA,0,0,0,NA,NA,0,NA,0
"ΚΑΡΔΙΤΣΑ ΙΑΠΩΝΙΚΗ","ΚΑΡΔ","NA, ΚΑΡΔ vs ΟΛΥΜ",NA,NA,NA,NA,NA,NA,NA,0,0,0,NA,NA,0,NA,0
"ΟΛΥΜΠΙΑΚΟΣ","ΟΛΥΜ","NA, ΚΑΡΔ vs ΟΛΥΜ",NA,NA,NA,NA,NA,NA,NA,0,0,0,NA,NA,0,NA,0
"ΚΑΡΔΙΤΣΑ ΙΑΠΩΝΙΚΗ","ΚΑΡΔ","NA, ΚΑΡΔ vs ΠΑΝΑ",NA,NA,NA,NA,NA,NA,NA,0,0,0,NA,NA,0,NA,0
"ΠΑΝΑΘΗΝΑΪΚΟΣ AKTOR","ΠΑΝΑ","NA, ΚΑΡΔ vs ΠΑΝΑ",NA,NA,NA,NA,NA,NA,NA,0,0,0,NA,NA,0,NA,0
"ΚΑΡΔΙΤΣΑ ΙΑΠΩΝΙΚΗ","ΚΑΡΔ","NA, ΚΑΡΔ vs ΠΕΡΙ",NA,NA,NA,NA,NA,NA,NA,0,0,0,NA,NA,0,NA,0
"ΠΕΡΙΣΤΕΡΙ BETSSON","ΠΕΡΙ","NA, ΚΑΡΔ vs ΠΕΡΙ",NA,NA,NA,NA,NA,NA,NA,0,0,0,NA,NA,0,NA,0
"ΚΑΡΔΙΤΣΑ ΙΑΠΩΝΙΚΗ","ΚΑΡΔ","NA, ΚΑΡΔ vs ΠΡΟΜ",NA,NA,NA,NA,NA,NA,NA,0,0,0,NA,NA,0,NA,0
"ΠΡΟΜΗΘΕΑΣ ΠΑΤΡΑΣ ΒΙΚΟΣ COLA","ΠΡΟΜ","NA, ΚΑΡΔ vs ΠΡΟΜ",NA,NA,NA,NA,NA,NA,NA,0,0,0,NA,NA,0,NA,0
"ΚΟΛΟΣΣΟΣ H HOTELS COLLECTION","ΚΟΛΟ","NA, ΚΟΛΟ vs ΑΕΚ",NA,NA,NA,NA,NA,NA,NA,0,0,0,NA,NA,0,NA,0
"ΑΕΚ","ΑΕΚ","NA, ΚΟΛΟ vs ΑΕΚ",NA,NA,NA,NA,NA,NA,NA,0,0,0,NA,NA,0,NA,0
"ΚΟΛΟΣΣΟΣ H HOTELS COLLECTION","ΚΟΛΟ","NA, ΚΟΛΟ vs ΗΡΑΚ",NA,NA,NA,NA,NA,NA,NA,0,0,0,NA,NA,0,NA,0
"ΗΡΑΚΛΗΣ","ΗΡΑΚ","NA, ΚΟΛΟ vs ΗΡΑΚ",NA,NA,NA,NA,NA,NA,NA,0,0,0,NA,NA,0,NA,0
"ΚΟΛΟΣΣΟΣ H HOTELS COLLECTION","ΚΟΛΟ","NA, ΚΟΛΟ vs ΚΑΡΔ",NA,NA,NA,NA,NA,NA,NA,0,0,0,NA,NA,0,NA,0
"ΚΑΡΔΙΤΣΑ ΙΑΠΩΝΙΚΗ","ΚΑΡΔ","NA, ΚΟΛΟ vs ΚΑΡΔ",NA,NA,NA,NA,NA,NA,NA,0,0,0,NA,NA,0,NA,0
"ΚΟΛΟΣΣΟΣ H HOTELS COLLECTION","ΚΟΛΟ","NA, ΚΟΛΟ vs ΜΑΡΟ",NA,NA,NA,NA,NA,NA,NA,0,0,0,NA,NA,0,NA,0
"ΜΑΡΟΥΣΙ","ΜΑΡΟ","NA, ΚΟΛΟ vs ΜΑΡΟ",NA,NA,NA,NA,NA,NA,NA,0,0,0,NA,NA,0,NA,0
"ΚΟΛΟΣΣΟΣ H HOTELS COLLECTION","ΚΟΛΟ","NA, ΚΟΛΟ vs ΟΛΥΜ",NA,NA,NA,NA,NA,NA,NA,0,0,0,NA,NA,0,NA,0
"ΟΛΥΜΠΙΑΚΟΣ","ΟΛΥΜ","NA, ΚΟΛΟ vs ΟΛΥΜ",NA,NA,NA,NA,NA,NA,NA,0,0,0,NA,NA,0,NA,0
"ΚΟΛΟΣΣΟΣ H HOTELS COLLECTION","ΚΟΛΟ","NA, ΚΟΛΟ vs ΠΑΝΑ",NA,NA,NA,NA,NA,NA,NA,0,0,0,NA,NA,0,NA,0
"ΠΑΝΑΘΗΝΑΪΚΟΣ AKTOR","ΠΑΝΑ","NA, ΚΟΛΟ vs ΠΑΝΑ",NA,NA,NA,NA,NA,NA,NA,0,0,0,NA,NA,0,NA,0
"ΜΑΡΟΥΣΙ","ΜΑΡΟ","NA, ΜΑΡΟ vs VIKO",NA,NA,NA,NA,NA,NA,NA,0,0,0,NA,NA,0,NA,0
"VIKOS ΦALCONS","VIKO","NA, ΜΑΡΟ vs VIKO",NA,NA,NA,NA,NA,NA,NA,0,0,0,NA,NA,0,NA,0
"ΜΑΡΟΥΣΙ","ΜΑΡΟ","NA, ΜΑΡΟ vs ΑΕΚ",NA,NA,NA,NA,NA,NA,NA,0,0,0,NA,NA,0,NA,0
"ΑΕΚ","ΑΕΚ","NA, ΜΑΡΟ vs ΑΕΚ",NA,NA,NA,NA,NA,NA,NA,0,0,0,NA,NA,0,NA,0
"ΜΑΡΟΥΣΙ","ΜΑΡΟ","NA, ΜΑΡΟ vs ΑΡΗΣ",NA,NA,NA,NA,NA,NA,NA,0,0,0,NA,NA,0,NA,0
"ΑΡΗΣ","ΑΡΗΣ","NA, ΜΑΡΟ vs ΑΡΗΣ",NA,NA,NA,NA,NA,NA,NA,0,0,0,NA,NA,0,NA,0
"ΜΑΡΟΥΣΙ","ΜΑΡΟ","NA, ΜΑΡΟ vs ΔΟΞΑ",NA,NA,NA,NA,NA,NA,NA,0,0,0,NA,NA,0,NA,0
"ΔΟΞΑ ΛΕΥΚΑΔΑΣ ELABET","ΔΟΞΑ","NA, ΜΑΡΟ vs ΔΟΞΑ",NA,NA,NA,NA,NA,NA,NA,0,0,0,NA,NA,0,NA,0
"ΜΑΡΟΥΣΙ","ΜΑΡΟ","NA, ΜΑΡΟ vs ΚΑΡΔ",NA,NA,NA,NA,NA,NA,NA,0,0,0,NA,NA,0,NA,0
"ΚΑΡΔΙΤΣΑ ΙΑΠΩΝΙΚΗ","ΚΑΡΔ","NA, ΜΑΡΟ vs ΚΑΡΔ",NA,NA,NA,NA,NA,NA,NA,0,0,0,NA,NA,0,NA,0
"ΜΑΡΟΥΣΙ","ΜΑΡΟ","NA, ΜΑΡΟ vs ΠΑΝΑ",NA,NA,NA,NA,NA,NA,NA,0,0,0,NA,NA,0,NA,0
"ΠΑΝΑΘΗΝΑΪΚΟΣ AKTOR","ΠΑΝΑ","NA, ΜΑΡΟ vs ΠΑΝΑ",NA,NA,NA,NA,NA,NA,NA,0,0,0,NA,NA,0,NA,0
"ΜΑΡΟΥΣΙ","ΜΑΡΟ","NA, ΜΑΡΟ vs ΠΕΡΙ",NA,NA,NA,NA,NA,NA,NA,0,0,0,NA,NA,0,NA,0
"ΠΕΡΙΣΤΕΡΙ BETSSON","ΠΕΡΙ","NA, ΜΑΡΟ vs ΠΕΡΙ",NA,NA,NA,NA,NA,NA,NA,0,0,0,NA,NA,0,NA,0
"ΜΥΚΟΝΟΣ BETSSON BC","ΜΥΚΟ","NA, ΜΥΚΟ vs ΑΕΚ",NA,NA,NA,NA,NA,NA,NA,0,0,0,NA,NA,0,NA,0
"ΑΕΚ","ΑΕΚ","NA, ΜΥΚΟ vs ΑΕΚ",NA,NA,NA,NA,NA,NA,NA,0,0,0,NA,NA,0,NA,0
"ΜΥΚΟΝΟΣ BETSSON BC","ΜΥΚΟ","NA, ΜΥΚΟ vs ΗΡΑΚ",NA,NA,NA,NA,NA,NA,NA,0,0,0,NA,NA,0,NA,0
"ΗΡΑΚΛΗΣ","ΗΡΑΚ","NA, ΜΥΚΟ vs ΗΡΑΚ",NA,NA,NA,NA,NA,NA,NA,0,0,0,NA,NA,0,NA,0
"ΜΥΚΟΝΟΣ BETSSON BC","ΜΥΚΟ","NA, ΜΥΚΟ vs ΚΟΛΟ",NA,NA,NA,NA,NA,NA,NA,0,0,0,NA,NA,0,NA,0
"ΚΟΛΟΣΣΟΣ H HOTELS COLLECTION","ΚΟΛΟ","NA, ΜΥΚΟ vs ΚΟΛΟ",NA,NA,NA,NA,NA,NA,NA,0,0,0,NA,NA,0,NA,0
"ΜΥΚΟΝΟΣ BETSSON BC","ΜΥΚΟ","NA, ΜΥΚΟ vs ΜΑΡΟ",NA,NA,NA,NA,NA,NA,NA,0,0,0,NA,NA,0,NA,0
"ΜΑΡΟΥΣΙ","ΜΑΡΟ","NA, ΜΥΚΟ vs ΜΑΡΟ",NA,NA,NA,NA,NA,NA,NA,0,0,0,NA,NA,0,NA,0
"ΜΥΚΟΝΟΣ BETSSON BC","ΜΥΚΟ","NA, ΜΥΚΟ vs ΟΛΥΜ",NA,NA,NA,NA,NA,NA,NA,0,0,0,NA,NA,0,NA,0
"ΟΛΥΜΠΙΑΚΟΣ","ΟΛΥΜ","NA, ΜΥΚΟ vs ΟΛΥΜ",NA,NA,NA,NA,NA,NA,NA,0,0,0,NA,NA,0,NA,0
"ΜΥΚΟΝΟΣ BETSSON BC","ΜΥΚΟ","NA, ΜΥΚΟ vs ΠΕΡΙ",NA,NA,NA,NA,NA,NA,NA,0,0,0,NA,NA,0,NA,0
"ΠΕΡΙΣΤΕΡΙ BETSSON","ΠΕΡΙ","NA, ΜΥΚΟ vs ΠΕΡΙ",NA,NA,NA,NA,NA,NA,NA,0,0,0,NA,NA,0,NA,0
"ΟΛΥΜΠΙΑΚΟΣ","ΟΛΥΜ","NA, ΟΛΥΜ vs VIKO",NA,NA,NA,NA,NA,NA,NA,0,0,0,NA,NA,0,NA,0
"VIKOS ΦALCONS","VIKO","NA, ΟΛΥΜ vs VIKO",NA,NA,NA,NA,NA,NA,NA,0,0,0,NA,NA,0,NA,0
"ΟΛΥΜΠΙΑΚΟΣ","ΟΛΥΜ","NA, ΟΛΥΜ vs ΑΕΚ",NA,NA,NA,NA,NA,NA,NA,0,0,0,NA,NA,0,NA,0
"ΑΕΚ","ΑΕΚ","NA, ΟΛΥΜ vs ΑΕΚ",NA,NA,NA,NA,NA,NA,NA,0,0,0,NA,NA,0,NA,0
"ΟΛΥΜΠΙΑΚΟΣ","ΟΛΥΜ","NA, ΟΛΥΜ vs ΑΕΚ",NA,NA,NA,NA,NA,NA,NA,0,0,0,NA,NA,0,NA,0
"ΑΕΚ","ΑΕΚ","NA, ΟΛΥΜ vs ΑΕΚ",NA,NA,NA,NA,NA,NA,NA,0,0,0,NA,NA,0,NA,0
"ΟΛΥΜΠΙΑΚΟΣ","ΟΛΥΜ","NA, ΟΛΥΜ vs ΑΡΗΣ",NA,NA,NA,NA,NA,NA,NA,0,0,0,NA,NA,0,NA,0
"ΑΡΗΣ","ΑΡΗΣ","NA, ΟΛΥΜ vs ΑΡΗΣ",NA,NA,NA,NA,NA,NA,NA,0,0,0,NA,NA,0,NA,0
"ΟΛΥΜΠΙΑΚΟΣ","ΟΛΥΜ","NA, ΟΛΥΜ vs ΔΟΞΑ",NA,NA,NA,NA,NA,NA,NA,0,0,0,NA,NA,0,NA,0
"ΔΟΞΑ ΛΕΥΚΑΔΑΣ ELABET","ΔΟΞΑ","NA, ΟΛΥΜ vs ΔΟΞΑ",NA,NA,NA,NA,NA,NA,NA,0,0,0,NA,NA,0,NA,0
"ΟΛΥΜΠΙΑΚΟΣ","ΟΛΥΜ","NA, ΟΛΥΜ vs ΗΡΑΚ",NA,NA,NA,NA,NA,NA,NA,0,0,0,NA,NA,0,NA,0
"ΗΡΑΚΛΗΣ","ΗΡΑΚ","NA, ΟΛΥΜ vs ΗΡΑΚ",NA,NA,NA,NA,NA,NA,NA,0,0,0,NA,NA,0,NA,0
"ΟΛΥΜΠΙΑΚΟΣ","ΟΛΥΜ","NA, ΟΛΥΜ vs ΜΑΡΟ",NA,NA,NA,NA,NA,NA,NA,0,0,0,NA,NA,0,NA,0
"ΜΑΡΟΥΣΙ","ΜΑΡΟ","NA, ΟΛΥΜ vs ΜΑΡΟ",NA,NA,NA,NA,NA,NA,NA,0,0,0,NA,NA,0,NA,0
"ΟΛΥΜΠΙΑΚΟΣ","ΟΛΥΜ","NA, ΟΛΥΜ vs ΠΑΝΑ",NA,NA,NA,NA,NA,NA,NA,0,0,0,NA,NA,0,NA,0
"ΠΑΝΑΘΗΝΑΪΚΟΣ AKTOR","ΠΑΝΑ","NA, ΟΛΥΜ vs ΠΑΝΑ",NA,NA,NA,NA,NA,NA,NA,0,0,0,NA,NA,0,NA,0
"ΟΛΥΜΠΙΑΚΟΣ","ΟΛΥΜ","NA, ΟΛΥΜ vs ΠΡΟΜ",NA,NA,NA,NA,NA,NA,NA,0,0,0,NA,NA,0,NA,0
"ΠΡΟΜΗΘΕΑΣ ΠΑΤΡΑΣ ΒΙΚΟΣ COLA","ΠΡΟΜ","NA, ΟΛΥΜ vs ΠΡΟΜ",NA,NA,NA,NA,NA,NA,NA,0,0,0,NA,NA,0,NA,0
"ΠΑΝΑΘΗΝΑΪΚΟΣ AKTOR","ΠΑΝΑ","NA, ΠΑΝΑ vs ΑΕΚ",NA,NA,NA,NA,NA,NA,NA,0,0,0,NA,NA,0,NA,0
"ΑΕΚ","ΑΕΚ","NA, ΠΑΝΑ vs ΑΕΚ",NA,NA,NA,NA,NA,NA,NA,0,0,0,NA,NA,0,NA,0
"ΠΑΝΑΘΗΝΑΪΚΟΣ AKTOR","ΠΑΝΑ","NA, ΠΑΝΑ vs ΑΡΗΣ",NA,NA,NA,NA,NA,NA,NA,0,0,0,NA,NA,0,NA,0
"ΑΡΗΣ","ΑΡΗΣ","NA, ΠΑΝΑ vs ΑΡΗΣ",NA,NA,NA,NA,NA,NA,NA,0,0,0,NA,NA,0,NA,0
"ΠΑΝΑΘΗΝΑΪΚΟΣ AKTOR","ΠΑΝΑ","NA, ΠΑΝΑ vs ΔΟΞΑ",NA,NA,NA,NA,NA,NA,NA,0,0,0,NA,NA,0,NA,0
"ΔΟΞΑ ΛΕΥΚΑΔΑΣ ELABET","ΔΟΞΑ","NA, ΠΑΝΑ vs ΔΟΞΑ",NA,NA,NA,NA,NA,NA,NA,0,0,0,NA,NA,0,NA,0
"ΠΑΝΑΘΗΝΑΪΚΟΣ AKTOR","ΠΑΝΑ","NA, ΠΑΝΑ vs ΜΥΚΟ",NA,NA,NA,NA,NA,NA,NA,0,0,0,NA,NA,0,NA,0
"ΜΥΚΟΝΟΣ BETSSON BC","ΜΥΚΟ","NA, ΠΑΝΑ vs ΜΥΚΟ",NA,NA,NA,NA,NA,NA,NA,0,0,0,NA,NA,0,NA,0
"ΠΑΝΑΘΗΝΑΪΚΟΣ AKTOR","ΠΑΝΑ","NA, ΠΑΝΑ vs ΠΑΟΚ",NA,NA,NA,NA,NA,NA,NA,0,0,0,NA,NA,0,NA,0
"ΠΑΟΚ","ΠΑΟΚ","NA, ΠΑΝΑ vs ΠΑΟΚ",NA,NA,NA,NA,NA,NA,NA,0,0,0,NA,NA,0,NA,0
"ΠΑΝΑΘΗΝΑΪΚΟΣ AKTOR","ΠΑΝΑ","NA, ΠΑΝΑ vs ΠΡΟΜ",NA,NA,NA,NA,NA,NA,NA,0,0,0,NA,NA,0,NA,0
"ΠΡΟΜΗΘΕΑΣ ΠΑΤΡΑΣ ΒΙΚΟΣ COLA","ΠΡΟΜ","NA, ΠΑΝΑ vs ΠΡΟΜ",NA,NA,NA,NA,NA,NA,NA,0,0,0,NA,NA,0,NA,0
"ΠΑΟΚ","ΠΑΟΚ","NA, ΠΑΟΚ vs ΗΡΑΚ",NA,NA,NA,NA,NA,NA,NA,0,0,0,NA,NA,0,NA,0
"ΗΡΑΚΛΗΣ","ΗΡΑΚ","NA, ΠΑΟΚ vs ΗΡΑΚ",NA,NA,NA,NA,NA,NA,NA,0,0,0,NA,NA,0,NA,0
"ΠΑΟΚ","ΠΑΟΚ","NA, ΠΑΟΚ vs ΚΑΡΔ",NA,NA,NA,NA,NA,NA,NA,0,0,0,NA,NA,0,NA,0
"ΚΑΡΔΙΤΣΑ ΙΑΠΩΝΙΚΗ","ΚΑΡΔ","NA, ΠΑΟΚ vs ΚΑΡΔ",NA,NA,NA,NA,NA,NA,NA,0,0,0,NA,NA,0,NA,0
"ΠΑΟΚ","ΠΑΟΚ","NA, ΠΑΟΚ vs ΚΟΛΟ",NA,NA,NA,NA,NA,NA,NA,0,0,0,NA,NA,0,NA,0
"ΚΟΛΟΣΣΟΣ H HOTELS COLLECTION","ΚΟΛΟ","NA, ΠΑΟΚ vs ΚΟΛΟ",NA,NA,NA,NA,NA,NA,NA,0,0,0,NA,NA,0,NA,0
"ΠΑΟΚ","ΠΑΟΚ","NA, ΠΑΟΚ vs ΜΑΡΟ",NA,NA,NA,NA,NA,NA,NA,0,0,0,NA,NA,0,NA,0
"ΜΑΡΟΥΣΙ","ΜΑΡΟ","NA, ΠΑΟΚ vs ΜΑΡΟ",NA,NA,NA,NA,NA,NA,NA,0,0,0,NA,NA,0,NA,0
"ΠΑΟΚ","ΠΑΟΚ","NA, ΠΑΟΚ vs ΜΥΚΟ",NA,NA,NA,NA,NA,NA,NA,0,0,0,NA,NA,0,NA,0
"ΜΥΚΟΝΟΣ BETSSON BC","ΜΥΚΟ","NA, ΠΑΟΚ vs ΜΥΚΟ",NA,NA,NA,NA,NA,NA,NA,0,0,0,NA,NA,0,NA,0
"ΠΑΟΚ","ΠΑΟΚ","NA, ΠΑΟΚ vs ΟΛΥΜ",NA,NA,NA,NA,NA,NA,NA,0,0,0,NA,NA,0,NA,0
"ΟΛΥΜΠΙΑΚΟΣ","ΟΛΥΜ","NA, ΠΑΟΚ vs ΟΛΥΜ",NA,NA,NA,NA,NA,NA,NA,0,0,0,NA,NA,0,NA,0
"ΠΕΡΙΣΤΕΡΙ BETSSON","ΠΕΡΙ","NA, ΠΕΡΙ vs VIKO",NA,NA,NA,NA,NA,NA,NA,0,0,0,NA,NA,0,NA,0
"VIKOS ΦALCONS","VIKO","NA, ΠΕΡΙ vs VIKO",NA,NA,NA,NA,NA,NA,NA,0,0,0,NA,NA,0,NA,0
"ΠΕΡΙΣΤΕΡΙ BETSSON","ΠΕΡΙ","NA, ΠΕΡΙ vs ΔΟΞΑ",NA,NA,NA,NA,NA,NA,NA,0,0,0,NA,NA,0,NA,0
"ΔΟΞΑ ΛΕΥΚΑΔΑΣ ELABET","ΔΟΞΑ","NA, ΠΕΡΙ vs ΔΟΞΑ",NA,NA,NA,NA,NA,NA,NA,0,0,0,NA,NA,0,NA,0
"ΠΕΡΙΣΤΕΡΙ BETSSON","ΠΕΡΙ","NA, ΠΕΡΙ vs ΚΟΛΟ",NA,NA,NA,NA,NA,NA,NA,0,0,0,NA,NA,0,NA,0
"ΚΟΛΟΣΣΟΣ H HOTELS COLLECTION","ΚΟΛΟ","NA, ΠΕΡΙ vs ΚΟΛΟ",NA,NA,NA,NA,NA,NA,NA,0,0,0,NA,NA,0,NA,0
"ΠΕΡΙΣΤΕΡΙ BETSSON","ΠΕΡΙ","NA, ΠΕΡΙ vs ΟΛΥΜ",NA,NA,NA,NA,NA,NA,NA,0,0,0,NA,NA,0,NA,0
"ΟΛΥΜΠΙΑΚΟΣ","ΟΛΥΜ","NA, ΠΕΡΙ vs ΟΛΥΜ",NA,NA,NA,NA,NA,NA,NA,0,0,0,NA,NA,0,NA,0
"ΠΕΡΙΣΤΕΡΙ BETSSON","ΠΕΡΙ","NA, ΠΕΡΙ vs ΠΑΝΑ",NA,NA,NA,NA,NA,NA,NA,0,0,0,NA,NA,0,NA,0
"ΠΑΝΑΘΗΝΑΪΚΟΣ AKTOR","ΠΑΝΑ","NA, ΠΕΡΙ vs ΠΑΝΑ",NA,NA,NA,NA,NA,NA,NA,0,0,0,NA,NA,0,NA,0
"ΠΕΡΙΣΤΕΡΙ BETSSON","ΠΕΡΙ","NA, ΠΕΡΙ vs ΠΑΟΚ",NA,NA,NA,NA,NA,NA,NA,0,0,0,NA,NA,0,NA,0
"ΠΑΟΚ","ΠΑΟΚ","NA, ΠΕΡΙ vs ΠΑΟΚ",NA,NA,NA,NA,NA,NA,NA,0,0,0,NA,NA,0,NA,0
"ΠΕΡΙΣΤΕΡΙ BETSSON","ΠΕΡΙ","NA, ΠΕΡΙ vs ΠΡΟΜ",NA,NA,NA,NA,NA,NA,NA,0,0,0,NA,NA,0,NA,0
"ΠΡΟΜΗΘΕΑΣ ΠΑΤΡΑΣ ΒΙΚΟΣ COLA","ΠΡΟΜ","NA, ΠΕΡΙ vs ΠΡΟΜ",NA,NA,NA,NA,NA,NA,NA,0,0,0,NA,NA,0,NA,0
"ΠΡΟΜΗΘΕΑΣ ΠΑΤΡΑΣ ΒΙΚΟΣ COLA","ΠΡΟΜ","NA, ΠΡΟΜ vs VIKO",NA,NA,NA,NA,NA,NA,NA,0,0,0,NA,NA,0,NA,0
"VIKOS ΦALCONS","VIKO","NA, ΠΡΟΜ vs VIKO",NA,NA,NA,NA,NA,NA,NA,0,0,0,NA,NA,0,NA,0
"ΠΡΟΜΗΘΕΑΣ ΠΑΤΡΑΣ ΒΙΚΟΣ COLA","ΠΡΟΜ","NA, ΠΡΟΜ vs ΑΡΗΣ",NA,NA,NA,NA,NA,NA,NA,0,0,0,NA,NA,0,NA,0
"ΑΡΗΣ","ΑΡΗΣ","NA, ΠΡΟΜ vs ΑΡΗΣ",NA,NA,NA,NA,NA,NA,NA,0,0,0,NA,NA,0,NA,0
"ΠΡΟΜΗΘΕΑΣ ΠΑΤΡΑΣ ΒΙΚΟΣ COLA","ΠΡΟΜ","NA, ΠΡΟΜ vs ΔΟΞΑ",NA,NA,NA,NA,NA,NA,NA,0,0,0,NA,NA,0,NA,0
"ΔΟΞΑ ΛΕΥΚΑΔΑΣ ELABET","ΔΟΞΑ","NA, ΠΡΟΜ vs ΔΟΞΑ",NA,NA,NA,NA,NA,NA,NA,0,0,0,NA,NA,0,NA,0
"ΠΡΟΜΗΘΕΑΣ ΠΑΤΡΑΣ ΒΙΚΟΣ COLA","ΠΡΟΜ","NA, ΠΡΟΜ vs ΚΟΛΟ",NA,NA,NA,NA,NA,NA,NA,0,0,0,NA,NA,0,NA,0
"ΚΟΛΟΣΣΟΣ H HOTELS COLLECTION","ΚΟΛΟ","NA, ΠΡΟΜ vs ΚΟΛΟ",NA,NA,NA,NA,NA,NA,NA,0,0,0,NA,NA,0,NA,0
"ΠΡΟΜΗΘΕΑΣ ΠΑΤΡΑΣ ΒΙΚΟΣ COLA","ΠΡΟΜ","NA, ΠΡΟΜ vs ΜΑΡΟ",NA,NA,NA,NA,NA,NA,NA,0,0,0,NA,NA,0,NA,0
"ΜΑΡΟΥΣΙ","ΜΑΡΟ","NA, ΠΡΟΜ vs ΜΑΡΟ",NA,NA,NA,NA,NA,NA,NA,0,0,0,NA,NA,0,NA,0
"ΠΡΟΜΗΘΕΑΣ ΠΑΤΡΑΣ ΒΙΚΟΣ COLA","ΠΡΟΜ","NA, ΠΡΟΜ vs ΠΑΟΚ",NA,NA,NA,NA,NA,NA,NA,0,0,0,NA,NA,0,NA,0
"ΠΑΟΚ","ΠΑΟΚ","NA, ΠΡΟΜ vs ΠΑΟΚ",NA,NA,NA,NA,NA,NA,NA,0,0,0,NA,NA,0,NA,0
