GAME_ID,SEASON,LEAGUE,PLAYER,TEAM,MATCHUP,MIN,PTS,2PM,2PA,3PM,3PA,FTA,FTM,DREB,OREB,REB,AST,STL,BLK,TOV,PF
2913588,2026-27,TBSL,YIGITCAN SAYBIR,TOFAS,"2026-09-25, TOF vs PBB",25,18,6,8,1,6,4,3,1,1,2,1,1,1,3,3
2913588,2026-27,TBSL,TERRELL CARTER II,TOFAS,"2026-09-25, TOF vs PBB",18,6,2,3,0,0,2,2,2,1,3,0,1,2,1,5
2913588,2026-27,TBSL,SADIK KABACA,TOFAS,"2026-09-25, TOF vs PBB",18,3,0,0,1,5,0,0,3,2,5,3,0,0,3,3
2913588,2026-27,TBSL,JAMUNI MCNEACE,TOFAS,"2026-09-25, TOF vs PBB",19,11,5,7,0,0,2,1,4,2,6,0,0,0,0,3
2913588,2026-27,TBSL,ZACH NUTALL,TOFAS,"2026-09-25, TOF vs PBB",26,15,2,2,2,7,7,5,1,1,2,0,2,1,5,3
2913588,2026-27,TBSL,EFE POSTEL,TOFAS,"2026-09-25, TOF vs PBB",18,5,0,0,1,4,2,2,2,0,2,0,0,0,0,1
2913588,2026-27,TBSL,BRYCE JONES,TOFAS,"2026-09-25, TOF vs PBB",25,15,3,4,0,1,9,9,2,1,3,6,3,0,4,0
2913588,2026-27,TBSL,SHAVAR REYNOLDS JR.,TOFAS,"2026-09-25, TOF vs PBB",18,8,3,5,0,3,2,2,1,1,2,2,0,0,1,4
2913588,2026-27,TBSL,GABE BROWN,TOFAS,"2026-09-25, TOF vs PBB",28,9,3,3,1,6,0,0,3,1,4,1,2,1,0,2
2913588,2026-27,TBSL,LEON APAYDIN,TOFAS,"2026-09-25, TOF vs PBB",6,0,0,0,0,0,0,0,1,0,1,0,0,0,0,3
2913588,2026-27,TBSL,TY GORDON,PIZZABULLS BORDO BANDIRMA,"2026-09-25, TOF vs PBB",18,5,2,2,0,2,1,1,0,0,0,4,1,0,3,2
2913588,2026-27,TBSL,OKBEN ULUBAY,PIZZABULLS BORDO BANDIRMA,"2026-09-25, TOF vs PBB",27,3,0,3,1,5,2,0,5,0,5,5,0,0,2,4
2913588,2026-27,TBSL,EDON MAXHUNI,PIZZABULLS BORDO BANDIRMA,"2026-09-25, TOF vs PBB",23,12,2,7,2,6,2,2,4,1,5,1,1,0,1,0
2913588,2026-27,TBSL,KADIR BAYRAM,PIZZABULLS BORDO BANDIRMA,"2026-09-25, TOF vs PBB",6,3,0,0,0,0,4,3,0,0,0,1,0,0,0,1
2913588,2026-27,TBSL,BERK DEMIR,PIZZABULLS BORDO BANDIRMA,"2026-09-25, TOF vs PBB",11,2,1,1,0,0,0,0,3,0,3,0,0,0,0,3
2913588,2026-27,TBSL,BOUBACAR TOURE,PIZZABULLS BORDO BANDIRMA,"2026-09-25, TOF vs PBB",15,8,2,3,0,0,7,4,4,4,8,0,0,0,1,2
2913588,2026-27,TBSL,PEYTON ALDRIDGE,PIZZABULLS BORDO BANDIRMA,"2026-09-25, TOF vs PBB",21,0,0,1,0,1,0,0,2,1,3,2,2,0,1,3
2913588,2026-27,TBSL,DAMIEN JEFFERSON,PIZZABULLS BORDO BANDIRMA,"2026-09-25, TOF vs PBB",24,8,1,1,2,5,0,0,1,1,2,1,3,0,3,1
2913588,2026-27,TBSL,ZACH HANKINS,PIZZABULLS BORDO BANDIRMA,"2026-09-25, TOF vs PBB",23,17,6,6,0,0,6,5,2,5,7,0,2,0,1,4
2913588,2026-27,TBSL,QUENTIN PETERSON,PIZZABULLS BORDO BANDIRMA,"2026-09-25, TOF vs PBB",31,31,6,9,4,7,11,7,3,0,3,4,1,0,8,4
2913589,2026-27,TBSL,ANIL ALYANAK,TURK TELEKOM,"2026-09-26, TTK vs KSK",7,5,1,1,1,3,0,0,0,0,0,0,0,0,0,0
2913589,2026-27,TBSL,TIM SCHNEIDER,TURK TELEKOM,"2026-09-26, TTK vs KSK",19,8,1,4,2,3,0,0,5,1,6,1,0,0,1,2
2913589,2026-27,TBSL,ATA KAHRAMAN,TURK TELEKOM,"2026-09-26, TTK vs KSK",11,5,1,2,1,2,0,0,1,0,1,1,0,0,0,3
2913589,2026-27,TBSL,JERRICK HARDING,TURK TELEKOM,"2026-09-26, TTK vs KSK",23,12,4,11,0,1,6,4,2,0,2,4,1,0,2,0
2913589,2026-27,TBSL,EMIRCAN KOSUT,TURK TELEKOM,"2026-09-26, TTK vs KSK",3,2,1,2,0,0,0,0,0,0,0,0,0,0,0,0
2913589,2026-27,TBSL,UROS TRIFUNOVIC,TURK TELEKOM,"2026-09-26, TTK vs KSK",16,3,0,3,1,3,0,0,2,0,2,0,0,0,0,2
2913589,2026-27,TBSL,DOGUS OZDEMIROGLU,TURK TELEKOM,"2026-09-26, TTK vs KSK",28,10,1,4,1,3,6,5,4,2,6,3,1,0,4,3
2913589,2026-27,TBSL,ANTHONY LAMB,TURK TELEKOM,"2026-09-26, TTK vs KSK",27,9,1,1,1,3,6,4,1,0,1,2,0,0,0,2
2913589,2026-27,TBSL,ISMAEL BAKO,TURK TELEKOM,"2026-09-26, TTK vs KSK",10,0,0,1,0,0,0,0,1,2,3,0,0,0,1,1
2913589,2026-27,TBSL,KRIS BANKSTON,TURK TELEKOM,"2026-09-26, TTK vs KSK",25,3,1,1,0,1,2,1,4,2,6,1,0,1,2,2
2913589,2026-27,TBSL,GOKTUG BAS,TURK TELEKOM,"2026-09-26, TTK vs KSK",10,6,3,3,0,2,0,0,1,1,2,0,1,0,0,2
2913589,2026-27,TBSL,SHAQUIELLE O NEAL MCKISSIC,TURK TELEKOM,"2026-09-26, TTK vs KSK",21,10,4,6,0,2,2,2,2,0,2,2,0,0,3,1
2913589,2026-27,TBSL,MUHAYMIN MUSTAFA,KARSIYAKA,"2026-09-26, TTK vs KSK",20,7,2,5,1,3,2,0,3,2,5,1,0,0,1,1
2913589,2026-27,TBSL,BRIANTE WEBER,KARSIYAKA,"2026-09-26, TTK vs KSK",30,10,3,9,0,1,4,4,6,2,8,7,2,0,2,4
2913589,2026-27,TBSL,XAVIER MUNFORD,KARSIYAKA,"2026-09-26, TTK vs KSK",20,9,2,3,1,2,2,2,1,0,1,3,1,1,1,5
2913589,2026-27,TBSL,ISHMAEL EL-AMIN,KARSIYAKA,"2026-09-26, TTK vs KSK",29,23,4,8,3,6,6,6,1,0,1,7,0,0,1,4
2913589,2026-27,TBSL,RASHARD KELLY,KARSIYAKA,"2026-09-26, TTK vs KSK",31,8,1,4,1,5,4,3,4,3,7,1,4,0,2,4
2913589,2026-27,TBSL,HAKAN SAYILI,KARSIYAKA,"2026-09-26, TTK vs KSK",9,0,0,0,0,1,0,0,1,0,1,0,0,0,2,2
2913589,2026-27,TBSL,KENDALL MUNSON,KARSIYAKA,"2026-09-26, TTK vs KSK",13,2,1,2,0,0,3,0,3,1,4,0,0,1,1,1
2913589,2026-27,TBSL,YAVUZ GULTEKIN,KARSIYAKA,"2026-09-26, TTK vs KSK",20,5,2,4,0,2,2,1,5,1,6,2,0,0,0,1
2913589,2026-27,TBSL,STEVEN ENOCH,KARSIYAKA,"2026-09-26, TTK vs KSK",27,8,4,6,0,0,0,0,4,1,5,0,0,1,2,4
2913590,2026-27,TBSL,KHYRI THOMAS,ALIAGA PETKIM SPOR,"2026-09-26, PTK vs YDB",31,21,7,11,2,7,2,1,6,2,8,5,2,0,1,1
2913590,2026-27,TBSL,KEANDRE COOK,ALIAGA PETKIM SPOR,"2026-09-26, PTK vs YDB",18,4,2,5,0,1,0,0,1,1,2,3,1,0,1,1
2913590,2026-27,TBSL,CHRIS HORTON,ALIAGA PETKIM SPOR,"2026-09-26, PTK vs YDB",22,10,5,8,0,0,0,0,1,2,3,1,0,1,1,1
2913590,2026-27,TBSL,MAX ABMAS,ALIAGA PETKIM SPOR,"2026-09-26, PTK vs YDB",21,9,2,4,1,4,2,2,5,1,6,3,0,0,2,1
2913590,2026-27,TBSL,TIBET GORENER,ALIAGA PETKIM SPOR,"2026-09-26, PTK vs YDB",9,0,0,0,0,0,0,0,0,0,0,0,0,0,1,0
2913590,2026-27,TBSL,YIGIT ONAN,ALIAGA PETKIM SPOR,"2026-09-26, PTK vs YDB",18,11,3,5,1,1,2,2,3,3,6,1,1,1,0,2
2913590,2026-27,TBSL,JARROD UTHOFF,ALIAGA PETKIM SPOR,"2026-09-26, PTK vs YDB",20,0,0,1,0,0,0,0,3,0,3,1,0,0,1,1
2913590,2026-27,TBSL,THOMAS AKYAZILI,ALIAGA PETKIM SPOR,"2026-09-26, PTK vs YDB",17,8,1,2,2,4,0,0,1,0,1,1,0,0,0,3
2913590,2026-27,TBSL,ANZEJS PASECNIKS,ALIAGA PETKIM SPOR,"2026-09-26, PTK vs YDB",14,6,3,3,0,0,0,0,2,1,3,1,0,0,1,1
2913590,2026-27,TBSL,OLIVIER HANLAN,ALIAGA PETKIM SPOR,"2026-09-26, PTK vs YDB",30,16,3,5,3,8,1,1,1,1,2,4,0,0,1,1
2913590,2026-27,TBSL,BRAE IVEY,YUKATEL DENIZLI BASKET,"2026-09-26, PTK vs YDB",32,10,2,6,2,8,0,0,2,1,3,7,4,0,1,3
2913590,2026-27,TBSL,JHONATHAN DUNN,YUKATEL DENIZLI BASKET,"2026-09-26, PTK vs YDB",8,6,0,1,2,4,0,0,0,0,0,1,0,0,1,0
2913590,2026-27,TBSL,MARKO PECARSKI,YUKATEL DENIZLI BASKET,"2026-09-26, PTK vs YDB",28,13,3,5,1,2,4,4,3,4,7,1,1,2,0,0
2913590,2026-27,TBSL,VICTOR LAMONT BAILEY JR,YUKATEL DENIZLI BASKET,"2026-09-26, PTK vs YDB",32,17,4,10,3,7,0,0,0,1,1,2,0,0,2,3
2913590,2026-27,TBSL,ERTEN GAZI,YUKATEL DENIZLI BASKET,"2026-09-26, PTK vs YDB",19,7,1,2,1,3,2,2,2,3,5,2,1,1,0,3
2913590,2026-27,TBSL,JOHN MEEKS,YUKATEL DENIZLI BASKET,"2026-09-26, PTK vs YDB",38,15,6,7,0,3,3,3,6,2,8,1,0,1,1,2
2913590,2026-27,TBSL,EGEMEN GUVEN,YUKATEL DENIZLI BASKET,"2026-09-26, PTK vs YDB",15,9,3,6,1,1,0,0,0,1,1,1,0,0,1,1
2913590,2026-27,TBSL,MUSTAPHA AMZIL,YUKATEL DENIZLI BASKET,"2026-09-26, PTK vs YDB",12,0,0,0,0,0,0,0,0,0,0,1,0,0,0,1
2913590,2026-27,TBSL,MAHIR AGVA,YUKATEL DENIZLI BASKET,"2026-09-26, PTK vs YDB",17,4,2,3,0,2,0,0,4,0,4,2,0,0,2,2
2913591,2026-27,TBSL,JEROME ROBINSON JR.,GALATASARAY MCT TECHNIC,"2026-09-26, GSM vs ÇBK",18,11,4,8,0,1,4,3,1,3,4,3,0,0,0,2
2913591,2026-27,TBSL,SEHMUS HAZER,GALATASARAY MCT TECHNIC,"2026-09-26, GSM vs ÇBK",25,15,3,3,2,6,4,3,4,1,5,5,1,0,1,1
2913591,2026-27,TBSL,ZEKERIYA YIGIT TEKIN,GALATASARAY MCT TECHNIC,"2026-09-26, GSM vs ÇBK",2,0,0,0,0,0,0,0,0,0,0,0,0,0,0,1
2913591,2026-27,TBSL,ALEKSEJ NIKOLIC,GALATASARAY MCT TECHNIC,"2026-09-26, GSM vs ÇBK",18,3,0,0,1,2,0,0,1,0,1,1,0,0,0,1
2913591,2026-27,TBSL,CAN KORKMAZ,GALATASARAY MCT TECHNIC,"2026-09-26, GSM vs ÇBK",14,10,0,0,3,5,2,1,1,0,1,3,0,0,0,3
2913591,2026-27,TBSL,ALEN SMAILAGIC,GALATASARAY MCT TECHNIC,"2026-09-26, GSM vs ÇBK",25,16,3,6,3,4,1,1,4,3,7,3,1,1,1,2
2913591,2026-27,TBSL,CHIMEZIE METU,GALATASARAY MCT TECHNIC,"2026-09-26, GSM vs ÇBK",29,13,3,8,2,7,1,1,5,4,9,6,0,1,2,1
2913591,2026-27,TBSL,OUMAR BALLO,GALATASARAY MCT TECHNIC,"2026-09-26, GSM vs ÇBK",19,10,4,6,0,0,3,2,2,1,3,0,1,2,0,1
2913591,2026-27,TBSL,EFE SEKEROGLU,GALATASARAY MCT TECHNIC,"2026-09-26, GSM vs ÇBK",2,0,0,1,0,0,0,0,1,0,1,0,0,0,1,0
2913591,2026-27,TBSL,NIKOLA IVANOVIC,GALATASARAY MCT TECHNIC,"2026-09-26, GSM vs ÇBK",24,8,1,1,2,3,0,0,0,0,0,5,0,0,1,3
2913591,2026-27,TBSL,DYSHAWN PIERRE,GALATASARAY MCT TECHNIC,"2026-09-26, GSM vs ÇBK",23,16,6,7,1,2,3,1,1,1,2,1,0,0,1,0
2913591,2026-27,TBSL,YUSUF ERSOY,GALATASARAY MCT TECHNIC,"2026-09-26, GSM vs ÇBK",1,0,0,0,0,0,0,0,0,0,0,0,0,0,0,0
2913591,2026-27,TBSL,JORDON CRAWFORD,CAYIROVA BELEDIYESI,"2026-09-26, GSM vs ÇBK",36,21,3,6,3,6,6,6,3,0,3,11,0,0,2,2
2913591,2026-27,TBSL,FABIAN WHITE JR.,CAYIROVA BELEDIYESI,"2026-09-26, GSM vs ÇBK",33,20,9,11,0,5,2,2,2,1,3,0,2,0,3,2
2913591,2026-27,TBSL,ERDI GULASLAN,CAYIROVA BELEDIYESI,"2026-09-26, GSM vs ÇBK",2,0,0,0,0,0,0,0,0,0,0,0,0,0,0,0
2913591,2026-27,TBSL,ENES BERKAY TASKIRAN,CAYIROVA BELEDIYESI,"2026-09-26, GSM vs ÇBK",24,3,0,0,1,1,0,0,4,0,4,0,1,0,1,2
2913591,2026-27,TBSL,OMER UTKU AL,CAYIROVA BELEDIYESI,"2026-09-26, GSM vs ÇBK",8,0,0,0,0,0,0,0,0,0,0,0,2,0,1,0
2913591,2026-27,TBSL,RASHEED WESLEY DARANIJO SULAIMON,CAYIROVA BELEDIYESI,"2026-09-26, GSM vs ÇBK",29,9,3,6,1,4,0,0,2,0,2,4,0,0,1,1
2913591,2026-27,TBSL,JEREMY SIMMONS,CAYIROVA BELEDIYESI,"2026-09-26, GSM vs ÇBK",34,14,6,8,0,0,3,2,4,2,6,2,0,0,1,3
2913591,2026-27,TBSL,CANBERK KUS,CAYIROVA BELEDIYESI,"2026-09-26, GSM vs ÇBK",8,2,1,2,0,1,0,0,0,2,2,0,0,1,0,1
2913591,2026-27,TBSL,EMIN KARA,CAYIROVA BELEDIYESI,"2026-09-26, GSM vs ÇBK",1,0,0,0,0,0,0,0,0,0,0,0,0,0,0,0
2913591,2026-27,TBSL,MICHAL SOKOLOWSKI,CAYIROVA BELEDIYESI,"2026-09-26, GSM vs ÇBK",12,0,0,1,0,1,0,0,2,0,2,0,1,0,1,2
2913591,2026-27,TBSL,ROBERTO GALLINAT,CAYIROVA BELEDIYESI,"2026-09-26, GSM vs ÇBK",12,10,1,2,2,5,2,2,2,0,2,0,0,0,1,3
2913592,2026-27,TBSL,ISAIAH ANDRE CANAAN,TRABZONSPOR,"2026-09-27, TS  vs BUR",25,9,2,5,1,7,2,2,3,2,5,0,1,0,2,4
2913592,2026-27,TBSL,MARCUS JOHNNY RASHAAN KEENE,TRABZONSPOR,"2026-09-27, TS  vs BUR",18,12,0,0,2,3,6,6,3,0,3,4,0,0,0,3
2913592,2026-27,TBSL,YIGIT ARSLAN,TRABZONSPOR,"2026-09-27, TS  vs BUR",20,10,2,3,2,6,2,0,2,0,2,3,0,0,1,2
2913592,2026-27,TBSL,TOLGA GECIM,TRABZONSPOR,"2026-09-27, TS  vs BUR",10,0,0,0,0,1,0,0,0,0,0,2,0,0,2,0
2913592,2026-27,TBSL,TROY WENDEL CAUPAIN JR,TRABZONSPOR,"2026-09-27, TS  vs BUR",28,12,3,7,2,6,2,0,2,0,2,1,0,0,1,2
2913592,2026-27,TBSL,AKWASI YEBOAH,TRABZONSPOR,"2026-09-27, TS  vs BUR",19,4,0,2,1,3,2,1,1,2,3,0,0,1,0,1
2913592,2026-27,TBSL,XAVIER JUSTIS TILLMAN,TRABZONSPOR,"2026-09-27, TS  vs BUR",19,9,4,6,0,0,2,1,2,1,3,1,2,2,2,3
2913592,2026-27,TBSL,EMANUEL DAVON TERRY,TRABZONSPOR,"2026-09-27, TS  vs BUR",21,12,5,5,0,0,4,2,6,2,8,2,0,0,2,2
2913592,2026-27,TBSL,BRADY REECE MANEK,TRABZONSPOR,"2026-09-27, TS  vs BUR",26,7,2,4,1,4,0,0,5,4,9,2,1,0,2,1
2913592,2026-27,TBSL,RIDVAN ONCEL,TRABZONSPOR,"2026-09-27, TS  vs BUR",14,7,2,2,0,0,4,3,1,0,1,2,1,0,0,2
2913592,2026-27,TBSL,MICHEAL MOORE,BURSASPOR BASKETBOL,"2026-09-27, TS  vs BUR",23,12,3,6,1,2,3,3,4,1,5,1,0,0,3,4
2913592,2026-27,TBSL,LEYTON HAMMONDS,BURSASPOR BASKETBOL,"2026-09-27, TS  vs BUR",32,5,1,2,1,4,0,0,5,0,5,0,1,0,1,2
2913592,2026-27,TBSL,JAVON JALEEN FREEMAN,BURSASPOR BASKETBOL,"2026-09-27, TS  vs BUR",31,20,7,10,0,5,10,6,2,1,3,4,1,1,4,3
2913592,2026-27,TBSL,JUNATHAEN DANIEL WATSON,BURSASPOR BASKETBOL,"2026-09-27, TS  vs BUR",26,15,6,8,0,0,6,3,3,2,5,1,1,3,1,3
2913592,2026-27,TBSL,ERGI TIRPANCI,BURSASPOR BASKETBOL,"2026-09-27, TS  vs BUR",23,2,1,2,0,2,0,0,1,0,1,1,0,0,1,3
2913592,2026-27,TBSL,BRANDON TAYLOR,BURSASPOR BASKETBOL,"2026-09-27, TS  vs BUR",35,20,4,7,4,7,0,0,4,1,5,11,3,0,2,3
2913592,2026-27,TBSL,BUGRA CAL,BURSASPOR BASKETBOL,"2026-09-27, TS  vs BUR",5,0,0,0,0,0,0,0,0,0,0,0,0,0,0,1
2913592,2026-27,TBSL,OMER CAN ILYASOGLU,BURSASPOR BASKETBOL,"2026-09-27, TS  vs BUR",14,1,0,1,0,1,2,1,2,0,2,3,0,0,2,3
2913592,2026-27,TBSL,WARREN WASHINGTON,BURSASPOR BASKETBOL,"2026-09-27, TS  vs BUR",10,1,0,0,0,0,2,1,1,0,1,0,0,0,1,2
2913593,2026-27,TBSL,MARCQUISE REED,BAHCESEHIR KOLEJI,"2026-09-27, BSK vs FBT",25,16,6,11,0,0,4,4,2,0,2,5,2,0,2,2
2913593,2026-27,TBSL,ALEKSA AVRAMOVIC,BAHCESEHIR KOLEJI,"2026-09-27, BSK vs FBT",16,5,1,5,1,4,0,0,0,0,0,4,1,0,1,3
2913593,2026-27,TBSL,DAMIEN ROBERTO INGLIS,BAHCESEHIR KOLEJI,"2026-09-27, BSK vs FBT",24,9,2,2,1,4,2,2,4,1,5,3,0,0,1,2
2913593,2026-27,TBSL,FURKAN HALTALI,BAHCESEHIR KOLEJI,"2026-09-27, BSK vs FBT",12,9,4,5,0,0,1,1,2,3,5,1,0,0,0,1
2913593,2026-27,TBSL,MALACHI EMMANUEL FLYNN,BAHCESEHIR KOLEJI,"2026-09-27, BSK vs FBT",27,17,4,7,3,6,0,0,1,0,1,5,0,0,0,2
2913593,2026-27,TBSL,ISIAHA TYRIN MIKE,BAHCESEHIR KOLEJI,"2026-09-27, BSK vs FBT",20,5,1,3,1,1,0,0,1,0,1,0,1,0,2,1
2913593,2026-27,TBSL,TYLER CAVANAUGH,BAHCESEHIR KOLEJI,"2026-09-27, BSK vs FBT",16,10,0,0,2,2,4,4,3,1,4,1,0,0,1,3
2913593,2026-27,TBSL,MATEUSZ PONITKA,BAHCESEHIR KOLEJI,"2026-09-27, BSK vs FBT",20,6,0,0,2,2,0,0,1,0,1,1,0,0,1,2
2913593,2026-27,TBSL,TREVION WILLIAMS,BAHCESEHIR KOLEJI,"2026-09-27, BSK vs FBT",27,16,8,10,0,1,0,0,8,6,14,3,0,0,1,3
2913593,2026-27,TBSL,KENAN SIPAHI,BAHCESEHIR KOLEJI,"2026-09-27, BSK vs FBT",12,5,2,4,0,1,2,1,0,0,0,1,1,0,0,0
2913593,2026-27,TBSL,WADE BALDWIN IV,FENERBAHCE TARFIN,"2026-09-27, BSK vs FBT",18,4,2,4,0,2,0,0,0,2,2,6,1,0,0,1
2913593,2026-27,TBSL,NICOLO MELLI,FENERBAHCE TARFIN,"2026-09-27, BSK vs FBT",23,6,0,4,2,5,0,0,3,3,6,1,0,0,0,2
2913593,2026-27,TBSL,SERTAC SANLI,FENERBAHCE TARFIN,"2026-09-27, BSK vs FBT",16,5,0,2,1,1,2,2,2,1,3,0,0,1,1,4
2913593,2026-27,TBSL,TALEN HORTON-TUCKER,FENERBAHCE TARFIN,"2026-09-27, BSK vs FBT",22,16,4,5,2,8,2,2,3,0,3,5,1,0,1,3
2913593,2026-27,TBSL,MELIH MAHMUTOGLU,FENERBAHCE TARFIN,"2026-09-27, BSK vs FBT",17,8,1,1,2,5,0,0,0,0,0,0,1,0,1,2
2913593,2026-27,TBSL,TRENT FORREST,FENERBAHCE TARFIN,"2026-09-27, BSK vs FBT",19,10,2,4,1,2,4,3,1,0,1,2,0,0,1,0
2913593,2026-27,TBSL,BRAXTON KEY,FENERBAHCE TARFIN,"2026-09-27, BSK vs FBT",24,12,6,6,0,5,0,0,2,0,2,5,3,1,0,3
2913593,2026-27,TBSL,YIGIT YANCI,FENERBAHCE TARFIN,"2026-09-27, BSK vs FBT",3,0,0,0,0,0,0,0,0,1,1,0,0,0,0,0
2913593,2026-27,TBSL,ONURALP BITIM,FENERBAHCE TARFIN,"2026-09-27, BSK vs FBT",21,5,2,2,0,4,2,1,1,0,1,1,0,0,3,2
2913593,2026-27,TBSL,CHRIS SILVA,FENERBAHCE TARFIN,"2026-09-27, BSK vs FBT",14,4,2,3,0,0,0,0,2,1,3,0,0,0,0,1
2913593,2026-27,TBSL,SHAVON SHIELDS,FENERBAHCE TARFIN,"2026-09-27, BSK vs FBT",23,13,5,5,0,1,3,3,4,3,7,1,0,0,1,0
2913594,2026-27,TBSL,DARIUS KARUTASU,ANADOLU EFES,"2026-09-27, EFS vs BJK",2,0,0,1,0,0,0,0,0,0,0,0,0,0,0,0
2913594,2026-27,TBSL,JORDAN LOYD,ANADOLU EFES,"2026-09-27, EFS vs BJK",21,11,4,5,0,3,3,3,1,0,1,2,1,0,1,1
2913594,2026-27,TBSL,SANTIAGO YUSTA,ANADOLU EFES,"2026-09-27, EFS vs BJK",16,8,2,2,1,3,2,1,1,0,1,1,1,0,1,2
2913594,2026-27,TBSL,DARIO SARIC,ANADOLU EFES,"2026-09-27, EFS vs BJK",25,16,5,8,0,2,6,6,3,1,4,0,5,1,2,3
2913594,2026-27,TBSL,DARON RUSSEL,ANADOLU EFES,"2026-09-27, EFS vs BJK",19,9,2,5,1,3,4,2,0,1,1,3,1,0,0,1
2913594,2026-27,TBSL,BURAK CAN YILDIZLI,ANADOLU EFES,"2026-09-27, EFS vs BJK",3,0,0,0,0,0,0,0,0,0,0,0,0,0,0,3
2913594,2026-27,TBSL,BRUNO FERNANDO,ANADOLU EFES,"2026-09-27, EFS vs BJK",22,7,3,5,0,0,2,1,4,1,5,0,2,1,2,2
2913594,2026-27,TBSL,DAVID MUTAF,ANADOLU EFES,"2026-09-27, EFS vs BJK",17,9,3,6,1,3,0,0,2,3,5,1,1,0,2,1
2913594,2026-27,TBSL,ERCAN OSMANI,ANADOLU EFES,"2026-09-27, EFS vs BJK",15,9,2,3,1,3,2,2,6,0,6,0,0,0,0,4
2913594,2026-27,TBSL,MATTHEW STRAZEL,ANADOLU EFES,"2026-09-27, EFS vs BJK",18,10,0,1,2,3,4,4,4,0,4,1,0,0,0,3
2913594,2026-27,TBSL,ERKAN YILMAZ,ANADOLU EFES,"2026-09-27, EFS vs BJK",14,5,1,1,1,3,0,0,3,0,3,1,0,0,1,2
2913594,2026-27,TBSL,MIKE JAMES,ANADOLU EFES,"2026-09-27, EFS vs BJK",26,11,5,9,0,0,1,1,1,0,1,6,0,0,2,0
2913594,2026-27,TBSL,DAVID DEJULIUS,BESIKTAS,"2026-09-27, EFS vs BJK",17,11,2,5,2,2,2,1,1,0,1,3,0,0,2,4
2913594,2026-27,TBSL,BERK UGURLU,BESIKTAS,"2026-09-27, EFS vs BJK",25,10,5,8,0,1,1,0,3,0,3,4,1,0,2,2
2913594,2026-27,TBSL,CONOR MORGAN,BESIKTAS,"2026-09-27, EFS vs BJK",15,8,1,2,2,2,0,0,2,2,4,1,0,0,1,5
2913594,2026-27,TBSL,METECAN BIRSEN,BESIKTAS,"2026-09-27, EFS vs BJK",17,7,3,6,0,1,2,1,6,3,9,4,0,0,2,2
2913594,2026-27,TBSL,SCOTTIE WILBEKIN,BESIKTAS,"2026-09-27, EFS vs BJK",13,0,0,1,0,4,0,0,0,0,0,1,0,0,1,0
2913594,2026-27,TBSL,EUGENE OMORUYI,BESIKTAS,"2026-09-27, EFS vs BJK",15,0,0,0,0,1,0,0,3,0,3,2,2,0,5,4
2913594,2026-27,TBSL,ANTHONY BROWN,BESIKTAS,"2026-09-27, EFS vs BJK",22,13,0,1,4,5,1,1,2,0,2,1,1,0,2,2
2913594,2026-27,TBSL,JAYLEN NOWELL,BESIKTAS,"2026-09-27, EFS vs BJK",22,3,1,4,0,2,3,1,0,0,0,1,0,0,2,2
2913594,2026-27,TBSL,FURKAN KORKMAZ,BESIKTAS,"2026-09-27, EFS vs BJK",24,8,1,5,2,5,0,0,3,0,3,2,0,0,0,3
2913594,2026-27,TBSL,WENYEN GABRIEL,BESIKTAS,"2026-09-27, EFS vs BJK",17,9,4,4,0,0,1,1,1,1,2,1,2,0,1,3
2913594,2026-27,TBSL,ANTE ZIZIC,BESIKTAS,"2026-09-27, EFS vs BJK",14,12,4,6,0,0,5,4,2,3,5,0,0,0,2,0
2913595,2026-27,TBSL,BOO BUIE,BIOTEKNO KORFEZ BASKET,"2026-09-28, KÖR vs ERK",27,10,1,2,2,5,3,2,0,0,0,2,2,0,2,3
2913595,2026-27,TBSL,JOHNNY DAVIS,BIOTEKNO KORFEZ BASKET,"2026-09-28, KÖR vs ERK",29,31,10,15,3,4,4,2,9,3,12,2,2,0,0,5
2913595,2026-27,TBSL,MERT AKAY,BIOTEKNO KORFEZ BASKET,"2026-09-28, KÖR vs ERK",4,0,0,0,0,0,0,0,0,0,0,1,0,0,1,0
2913595,2026-27,TBSL,BERK CAN AKIN,BIOTEKNO KORFEZ BASKET,"2026-09-28, KÖR vs ERK",20,5,1,3,1,3,1,0,1,0,1,2,0,0,1,1
2913595,2026-27,TBSL,MATT MITCHELL,BIOTEKNO KORFEZ BASKET,"2026-09-28, KÖR vs ERK",20,12,2,3,1,2,5,5,0,0,0,4,1,0,2,1
2913595,2026-27,TBSL,ALTAN CAMOGLU,BIOTEKNO KORFEZ BASKET,"2026-09-28, KÖR vs ERK",16,0,0,1,0,1,0,0,2,0,2,2,0,0,1,4
2913595,2026-27,TBSL,OSCAR CLUFF,BIOTEKNO KORFEZ BASKET,"2026-09-28, KÖR vs ERK",27,12,6,9,0,0,0,0,6,2,8,0,1,0,1,3
2913595,2026-27,TBSL,ALEX REESE,BIOTEKNO KORFEZ BASKET,"2026-09-28, KÖR vs ERK",16,0,0,1,0,1,0,0,3,0,3,0,0,0,1,3
2913595,2026-27,TBSL,PAULIUS DANUSEVICIUS,BIOTEKNO KORFEZ BASKET,"2026-09-28, KÖR vs ERK",9,0,0,0,0,1,2,0,3,1,4,0,1,0,0,2
2913595,2026-27,TBSL,FILIP BARNA,BIOTEKNO KORFEZ BASKET,"2026-09-28, KÖR vs ERK",33,18,3,5,0,4,15,12,2,0,2,5,0,0,2,3
2913595,2026-27,TBSL,KEYE VAN DER VUURST,ESENLER EROKSPOR,"2026-09-28, KÖR vs ERK",19,8,0,0,1,4,5,5,0,0,0,6,4,0,0,2
2913595,2026-27,TBSL,ERRICK MCCOLLUM,ESENLER EROKSPOR,"2026-09-28, KÖR vs ERK",25,14,3,6,1,5,8,5,1,0,1,3,0,0,2,2
2913595,2026-27,TBSL,MIKE DAVIS JR.,ESENLER EROKSPOR,"2026-09-28, KÖR vs ERK",31,25,4,6,3,6,10,8,1,1,2,3,1,0,2,5
2913595,2026-27,TBSL,JORDAN USHER,ESENLER EROKSPOR,"2026-09-28, KÖR vs ERK",10,4,0,0,0,1,4,4,0,0,0,1,1,0,1,2
2913595,2026-27,TBSL,JAMES WEBB III,ESENLER EROKSPOR,"2026-09-28, KÖR vs ERK",22,2,1,2,0,2,0,0,4,1,5,2,0,0,1,4
2913595,2026-27,TBSL,KEVIN YEBO,ESENLER EROKSPOR,"2026-09-28, KÖR vs ERK",25,13,6,8,0,3,2,1,6,3,9,2,0,0,1,1
2913595,2026-27,TBSL,AMADOU SOW,ESENLER EROKSPOR,"2026-09-28, KÖR vs ERK",20,6,3,8,0,2,2,0,3,3,6,1,0,0,2,3
2913595,2026-27,TBSL,MELIH TUNCA,ESENLER EROKSPOR,"2026-09-28, KÖR vs ERK",6,2,1,2,0,0,0,0,1,0,1,1,1,0,0,2
2913595,2026-27,TBSL,EGEHAN ARNA,ESENLER EROKSPOR,"2026-09-28, KÖR vs ERK",34,5,2,2,0,4,2,1,4,4,8,1,0,0,3,3
2913595,2026-27,TBSL,YUNUS EMRE SONSIRMA,ESENLER EROKSPOR,"2026-09-28, KÖR vs ERK",6,0,0,0,0,1,0,0,0,0,0,0,0,0,0,1
2913595,2026-27,TBSL,METEHAN AKYEL,ESENLER EROKSPOR,"2026-09-28, KÖR vs ERK",2,0,0,0,0,0,0,0,0,0,0,0,0,0,0,0
2923433,2026-27,TBSL,MUHAYMIN MUSTAFA,KARSIYAKA,"2026-10-02, KSK vs GSM",18,7,0,1,1,2,4,4,4,1,5,1,3,1,0,3
2923433,2026-27,TBSL,MUHAYMIN MUSTAFA,KARSIYAKA,"2026-10-02, KSK vs GSM",18,7,0,1,1,2,4,4,4,1,5,1,3,1,0,3
2923433,2026-27,TBSL,MUHAYMIN MUSTAFA,KARSIYAKA,"2026-10-02, KSK vs GSM",18,7,0,1,1,2,4,4,4,1,5,1,3,1,0,3
2923433,2026-27,TBSL,MUHAYMIN MUSTAFA,KARSIYAKA,"2026-10-02, KSK vs GSM",18,7,0,1,1,2,4,4,4,1,5,1,3,1,0,3
2923433,2026-27,TBSL,BRIANTE WEBER,KARSIYAKA,"2026-10-02, KSK vs GSM",23,3,1,5,0,2,2,1,2,0,2,3,2,0,1,2
2923433,2026-27,TBSL,BRIANTE WEBER,KARSIYAKA,"2026-10-02, KSK vs GSM",23,3,1,5,0,2,2,1,2,0,2,3,2,0,1,2
2923433,2026-27,TBSL,BRIANTE WEBER,KARSIYAKA,"2026-10-02, KSK vs GSM",23,3,1,5,0,2,2,1,2,0,2,3,2,0,1,2
2923433,2026-27,TBSL,BRIANTE WEBER,KARSIYAKA,"2026-10-02, KSK vs GSM",23,3,1,5,0,2,2,1,2,0,2,3,2,0,1,2
2923433,2026-27,TBSL,XAVIER MUNFORD,KARSIYAKA,"2026-10-02, KSK vs GSM",11,5,1,2,1,1,0,0,0,0,0,1,1,0,1,1
2923433,2026-27,TBSL,XAVIER MUNFORD,KARSIYAKA,"2026-10-02, KSK vs GSM",11,5,1,2,1,1,0,0,0,0,0,1,1,0,1,1
2923433,2026-27,TBSL,XAVIER MUNFORD,KARSIYAKA,"2026-10-02, KSK vs GSM",11,5,1,2,1,1,0,0,0,0,0,1,1,0,1,1
2923433,2026-27,TBSL,XAVIER MUNFORD,KARSIYAKA,"2026-10-02, KSK vs GSM",11,5,1,2,1,1,0,0,0,0,0,1,1,0,1,1
2923433,2026-27,TBSL,MARKEL STARKS,KARSIYAKA,"2026-10-02, KSK vs GSM",26,11,1,2,3,4,0,0,3,0,3,2,0,0,0,5
2923433,2026-27,TBSL,ISHMAEL EL-AMIN,KARSIYAKA,"2026-10-02, KSK vs GSM",30,18,5,11,2,5,2,2,0,0,0,3,0,1,2,2
2923433,2026-27,TBSL,ISHMAEL EL-AMIN,KARSIYAKA,"2026-10-02, KSK vs GSM",30,18,5,11,2,5,2,2,0,0,0,3,0,1,2,2
2923433,2026-27,TBSL,ISHMAEL EL-AMIN,KARSIYAKA,"2026-10-02, KSK vs GSM",30,18,5,11,2,5,2,2,0,0,0,3,0,1,2,2
2923433,2026-27,TBSL,ISHMAEL EL-AMIN,KARSIYAKA,"2026-10-02, KSK vs GSM",30,18,5,11,2,5,2,2,0,0,0,3,0,1,2,2
2923433,2026-27,TBSL,RASHARD KELLY,KARSIYAKA,"2026-10-02, KSK vs GSM",40,9,3,10,1,4,0,0,2,2,4,2,4,0,0,2
2923433,2026-27,TBSL,RASHARD KELLY,KARSIYAKA,"2026-10-02, KSK vs GSM",40,9,3,10,1,4,0,0,2,2,4,2,4,0,0,2
2923433,2026-27,TBSL,RASHARD KELLY,KARSIYAKA,"2026-10-02, KSK vs GSM",40,9,3,10,1,4,0,0,2,2,4,2,4,0,0,2
2923433,2026-27,TBSL,RASHARD KELLY,KARSIYAKA,"2026-10-02, KSK vs GSM",40,9,3,10,1,4,0,0,2,2,4,2,4,0,0,2
2923433,2026-27,TBSL,HAKAN SAYILI,KARSIYAKA,"2026-10-02, KSK vs GSM",5,0,0,2,0,0,0,0,0,0,0,0,0,0,0,0
2923433,2026-27,TBSL,HAKAN SAYILI,KARSIYAKA,"2026-10-02, KSK vs GSM",5,0,0,2,0,0,0,0,0,0,0,0,0,0,0,0
2923433,2026-27,TBSL,HAKAN SAYILI,KARSIYAKA,"2026-10-02, KSK vs GSM",5,0,0,2,0,0,0,0,0,0,0,0,0,0,0,0
2923433,2026-27,TBSL,HAKAN SAYILI,KARSIYAKA,"2026-10-02, KSK vs GSM",5,0,0,2,0,0,0,0,0,0,0,0,0,0,0,0
2923433,2026-27,TBSL,KENDALL MUNSON,KARSIYAKA,"2026-10-02, KSK vs GSM",13,4,2,2,0,0,2,0,0,0,0,1,0,0,3,3
2923433,2026-27,TBSL,KENDALL MUNSON,KARSIYAKA,"2026-10-02, KSK vs GSM",13,4,2,2,0,0,2,0,0,0,0,1,0,0,3,3
2923433,2026-27,TBSL,KENDALL MUNSON,KARSIYAKA,"2026-10-02, KSK vs GSM",13,4,2,2,0,0,2,0,0,0,0,1,0,0,3,3
2923433,2026-27,TBSL,KENDALL MUNSON,KARSIYAKA,"2026-10-02, KSK vs GSM",13,4,2,2,0,0,2,0,0,0,0,1,0,0,3,3
2923433,2026-27,TBSL,YAVUZ GULTEKIN,KARSIYAKA,"2026-10-02, KSK vs GSM",27,7,3,7,0,1,3,1,6,1,7,1,0,0,0,3
2923433,2026-27,TBSL,YAVUZ GULTEKIN,KARSIYAKA,"2026-10-02, KSK vs GSM",27,7,3,7,0,1,3,1,6,1,7,1,0,0,0,3
2923433,2026-27,TBSL,YAVUZ GULTEKIN,KARSIYAKA,"2026-10-02, KSK vs GSM",27,7,3,7,0,1,3,1,6,1,7,1,0,0,0,3
2923433,2026-27,TBSL,YAVUZ GULTEKIN,KARSIYAKA,"2026-10-02, KSK vs GSM",27,7,3,7,0,1,3,1,6,1,7,1,0,0,0,3
2923433,2026-27,TBSL,STEVEN ENOCH,KARSIYAKA,"2026-10-02, KSK vs GSM",32,14,5,7,0,1,5,4,5,1,6,1,1,2,0,5
2923433,2026-27,TBSL,STEVEN ENOCH,KARSIYAKA,"2026-10-02, KSK vs GSM",32,14,5,7,0,1,5,4,5,1,6,1,1,2,0,5
2923433,2026-27,TBSL,STEVEN ENOCH,KARSIYAKA,"2026-10-02, KSK vs GSM",32,14,5,7,0,1,5,4,5,1,6,1,1,2,0,5
2923433,2026-27,TBSL,STEVEN ENOCH,KARSIYAKA,"2026-10-02, KSK vs GSM",32,14,5,7,0,1,5,4,5,1,6,1,1,2,0,5
2923433,2026-27,TBSL,JEROME ROBINSON JR.,GALATASARAY MCT TECHNIC,"2026-10-02, KSK vs GSM",6,0,0,0,0,1,0,0,0,0,0,0,0,0,1,3
2923433,2026-27,TBSL,JEROME ROBINSON JR.,GALATASARAY MCT TECHNIC,"2026-10-02, KSK vs GSM",6,0,0,0,0,1,0,0,0,0,0,0,0,0,1,3
2923433,2026-27,TBSL,JEROME ROBINSON JR.,GALATASARAY MCT TECHNIC,"2026-10-02, KSK vs GSM",6,0,0,0,0,1,0,0,0,0,0,0,0,0,1,3
2923433,2026-27,TBSL,JEROME ROBINSON JR.,GALATASARAY MCT TECHNIC,"2026-10-02, KSK vs GSM",6,0,0,0,0,1,0,0,0,0,0,0,0,0,1,3
2923433,2026-27,TBSL,SEHMUS HAZER,GALATASARAY MCT TECHNIC,"2026-10-02, KSK vs GSM",32,13,4,10,1,3,4,2,2,2,4,2,1,0,2,2
2923433,2026-27,TBSL,SEHMUS HAZER,GALATASARAY MCT TECHNIC,"2026-10-02, KSK vs GSM",32,13,4,10,1,3,4,2,2,2,4,2,1,0,2,2
2923433,2026-27,TBSL,SEHMUS HAZER,GALATASARAY MCT TECHNIC,"2026-10-02, KSK vs GSM",32,13,4,10,1,3,4,2,2,2,4,2,1,0,2,2
2923433,2026-27,TBSL,SEHMUS HAZER,GALATASARAY MCT TECHNIC,"2026-10-02, KSK vs GSM",32,13,4,10,1,3,4,2,2,2,4,2,1,0,2,2
2923433,2026-27,TBSL,ALEKSEJ NIKOLIC,GALATASARAY MCT TECHNIC,"2026-10-02, KSK vs GSM",18,7,1,2,1,2,2,2,2,0,2,1,0,0,1,5
2923433,2026-27,TBSL,ALEKSEJ NIKOLIC,GALATASARAY MCT TECHNIC,"2026-10-02, KSK vs GSM",18,7,1,2,1,2,2,2,2,0,2,1,0,0,1,5
2923433,2026-27,TBSL,ALEKSEJ NIKOLIC,GALATASARAY MCT TECHNIC,"2026-10-02, KSK vs GSM",18,7,1,2,1,2,2,2,2,0,2,1,0,0,1,5
2923433,2026-27,TBSL,ALEKSEJ NIKOLIC,GALATASARAY MCT TECHNIC,"2026-10-02, KSK vs GSM",18,7,1,2,1,2,2,2,2,0,2,1,0,0,1,5
2923433,2026-27,TBSL,CAN KORKMAZ,GALATASARAY MCT TECHNIC,"2026-10-02, KSK vs GSM",16,5,1,1,1,2,0,0,1,0,1,1,0,0,0,1
2923433,2026-27,TBSL,CAN KORKMAZ,GALATASARAY MCT TECHNIC,"2026-10-02, KSK vs GSM",16,5,1,1,1,2,0,0,1,0,1,1,0,0,0,1
2923433,2026-27,TBSL,CAN KORKMAZ,GALATASARAY MCT TECHNIC,"2026-10-02, KSK vs GSM",16,5,1,1,1,2,0,0,1,0,1,1,0,0,0,1
2923433,2026-27,TBSL,CAN KORKMAZ,GALATASARAY MCT TECHNIC,"2026-10-02, KSK vs GSM",16,5,1,1,1,2,0,0,1,0,1,1,0,0,0,1
2923433,2026-27,TBSL,ALEN SMAILAGIC,GALATASARAY MCT TECHNIC,"2026-10-02, KSK vs GSM",27,9,2,3,1,6,2,2,3,1,4,2,1,1,3,2
2923433,2026-27,TBSL,ALEN SMAILAGIC,GALATASARAY MCT TECHNIC,"2026-10-02, KSK vs GSM",27,9,2,3,1,6,2,2,3,1,4,2,1,1,3,2
2923433,2026-27,TBSL,ALEN SMAILAGIC,GALATASARAY MCT TECHNIC,"2026-10-02, KSK vs GSM",27,9,2,3,1,6,2,2,3,1,4,2,1,1,3,2
2923433,2026-27,TBSL,ALEN SMAILAGIC,GALATASARAY MCT TECHNIC,"2026-10-02, KSK vs GSM",27,9,2,3,1,6,2,2,3,1,4,2,1,1,3,2
2923433,2026-27,TBSL,CHIMEZIE METU,GALATASARAY MCT TECHNIC,"2026-10-02, KSK vs GSM",26,6,3,5,0,4,1,0,4,0,4,0,0,1,1,2
2923433,2026-27,TBSL,CHIMEZIE METU,GALATASARAY MCT TECHNIC,"2026-10-02, KSK vs GSM",26,6,3,5,0,4,1,0,4,0,4,0,0,1,1,2
2923433,2026-27,TBSL,CHIMEZIE METU,GALATASARAY MCT TECHNIC,"2026-10-02, KSK vs GSM",26,6,3,5,0,4,1,0,4,0,4,0,0,1,1,2
2923433,2026-27,TBSL,CHIMEZIE METU,GALATASARAY MCT TECHNIC,"2026-10-02, KSK vs GSM",26,6,3,5,0,4,1,0,4,0,4,0,0,1,1,2
2923433,2026-27,TBSL,OUMAR BALLO,GALATASARAY MCT TECHNIC,"2026-10-02, KSK vs GSM",33,13,5,8,0,0,6,3,10,5,15,0,0,2,1,1
2923433,2026-27,TBSL,OUMAR BALLO,GALATASARAY MCT TECHNIC,"2026-10-02, KSK vs GSM",33,13,5,8,0,0,6,3,10,5,15,0,0,2,1,1
2923433,2026-27,TBSL,OUMAR BALLO,GALATASARAY MCT TECHNIC,"2026-10-02, KSK vs GSM",33,13,5,8,0,0,6,3,10,5,15,0,0,2,1,1
2923433,2026-27,TBSL,OUMAR BALLO,GALATASARAY MCT TECHNIC,"2026-10-02, KSK vs GSM",33,13,5,8,0,0,6,3,10,5,15,0,0,2,1,1
2923433,2026-27,TBSL,EFE SEKEROGLU,GALATASARAY MCT TECHNIC,"2026-10-02, KSK vs GSM",1,0,0,0,0,0,0,0,0,0,0,0,0,0,0,0
2923433,2026-27,TBSL,EFE SEKEROGLU,GALATASARAY MCT TECHNIC,"2026-10-02, KSK vs GSM",1,0,0,0,0,0,0,0,0,0,0,0,0,0,0,0
2923433,2026-27,TBSL,EFE SEKEROGLU,GALATASARAY MCT TECHNIC,"2026-10-02, KSK vs GSM",1,0,0,0,0,0,0,0,0,0,0,0,0,0,0,0
2923433,2026-27,TBSL,EFE SEKEROGLU,GALATASARAY MCT TECHNIC,"2026-10-02, KSK vs GSM",1,0,0,0,0,0,0,0,0,0,0,0,0,0,0,0
2923433,2026-27,TBSL,NIKOLA IVANOVIC,GALATASARAY MCT TECHNIC,"2026-10-02, KSK vs GSM",31,7,1,2,1,5,4,2,5,0,5,2,2,0,5,3
2923433,2026-27,TBSL,NIKOLA IVANOVIC,GALATASARAY MCT TECHNIC,"2026-10-02, KSK vs GSM",31,7,1,2,1,5,4,2,5,0,5,2,2,0,5,3
2923433,2026-27,TBSL,NIKOLA IVANOVIC,GALATASARAY MCT TECHNIC,"2026-10-02, KSK vs GSM",31,7,1,2,1,5,4,2,5,0,5,2,2,0,5,3
2923433,2026-27,TBSL,NIKOLA IVANOVIC,GALATASARAY MCT TECHNIC,"2026-10-02, KSK vs GSM",31,7,1,2,1,5,4,2,5,0,5,2,2,0,5,3
2923433,2026-27,TBSL,BUGRAHAN TUNCER,GALATASARAY MCT TECHNIC,"2026-10-02, KSK vs GSM",4,0,0,0,0,0,0,0,0,0,0,1,0,0,0,0
2923433,2026-27,TBSL,DYSHAWN PIERRE,GALATASARAY MCT TECHNIC,"2026-10-02, KSK vs GSM",32,11,5,8,0,2,2,1,3,2,5,3,0,0,1,1
2923433,2026-27,TBSL,DYSHAWN PIERRE,GALATASARAY MCT TECHNIC,"2026-10-02, KSK vs GSM",32,11,5,8,0,2,2,1,3,2,5,3,0,0,1,1
2923433,2026-27,TBSL,DYSHAWN PIERRE,GALATASARAY MCT TECHNIC,"2026-10-02, KSK vs GSM",32,11,5,8,0,2,2,1,3,2,5,3,0,0,1,1
2923433,2026-27,TBSL,DYSHAWN PIERRE,GALATASARAY MCT TECHNIC,"2026-10-02, KSK vs GSM",32,11,5,8,0,2,2,1,3,2,5,3,0,0,1,1
2923434,2026-27,TBSL,BRAE IVEY,YUKATEL DENIZLI BASKET,"2026-10-03, YDB vs TOF",31,21,0,3,6,7,5,3,4,0,4,2,1,0,2,3
2923434,2026-27,TBSL,BRAE IVEY,YUKATEL DENIZLI BASKET,"2026-10-03, YDB vs TOF",31,21,0,3,6,7,5,3,4,0,4,2,1,0,2,3
2923434,2026-27,TBSL,BRAE IVEY,YUKATEL DENIZLI BASKET,"2026-10-03, YDB vs TOF",31,21,0,3,6,7,5,3,4,0,4,2,1,0,2,3
2923434,2026-27,TBSL,BRAE IVEY,YUKATEL DENIZLI BASKET,"2026-10-03, YDB vs TOF",31,21,0,3,6,7,5,3,4,0,4,2,1,0,2,3
2923434,2026-27,TBSL,JHONATHAN DUNN,YUKATEL DENIZLI BASKET,"2026-10-03, YDB vs TOF",10,6,0,1,2,2,0,0,0,0,0,2,0,0,0,2
2923434,2026-27,TBSL,JHONATHAN DUNN,YUKATEL DENIZLI BASKET,"2026-10-03, YDB vs TOF",10,6,0,1,2,2,0,0,0,0,0,2,0,0,0,2
2923434,2026-27,TBSL,JHONATHAN DUNN,YUKATEL DENIZLI BASKET,"2026-10-03, YDB vs TOF",10,6,0,1,2,2,0,0,0,0,0,2,0,0,0,2
2923434,2026-27,TBSL,JHONATHAN DUNN,YUKATEL DENIZLI BASKET,"2026-10-03, YDB vs TOF",10,6,0,1,2,2,0,0,0,0,0,2,0,0,0,2
2923434,2026-27,TBSL,MARKO PECARSKI,YUKATEL DENIZLI BASKET,"2026-10-03, YDB vs TOF",27,14,4,5,0,1,7,6,2,5,7,1,0,0,0,3
2923434,2026-27,TBSL,MARKO PECARSKI,YUKATEL DENIZLI BASKET,"2026-10-03, YDB vs TOF",27,14,4,5,0,1,7,6,2,5,7,1,0,0,0,3
2923434,2026-27,TBSL,MARKO PECARSKI,YUKATEL DENIZLI BASKET,"2026-10-03, YDB vs TOF",27,14,4,5,0,1,7,6,2,5,7,1,0,0,0,3
2923434,2026-27,TBSL,MARKO PECARSKI,YUKATEL DENIZLI BASKET,"2026-10-03, YDB vs TOF",27,14,4,5,0,1,7,6,2,5,7,1,0,0,0,3
2923434,2026-27,TBSL,VICTOR BAILEY JR.,YUKATEL DENIZLI BASKET,"2026-10-03, YDB vs TOF",28,15,3,6,3,7,0,0,3,0,3,2,0,0,1,2
2923434,2026-27,TBSL,VICTOR BAILEY JR.,YUKATEL DENIZLI BASKET,"2026-10-03, YDB vs TOF",28,15,3,6,3,7,0,0,3,0,3,2,0,0,1,2
2923434,2026-27,TBSL,VICTOR BAILEY JR.,YUKATEL DENIZLI BASKET,"2026-10-03, YDB vs TOF",28,15,3,6,3,7,0,0,3,0,3,2,0,0,1,2
2923434,2026-27,TBSL,VICTOR BAILEY JR.,YUKATEL DENIZLI BASKET,"2026-10-03, YDB vs TOF",28,15,3,6,3,7,0,0,3,0,3,2,0,0,1,2
2923434,2026-27,TBSL,ERTEN GAZI,YUKATEL DENIZLI BASKET,"2026-10-03, YDB vs TOF",24,11,1,1,3,5,0,0,0,1,1,2,2,1,4,1
2923434,2026-27,TBSL,ERTEN GAZI,YUKATEL DENIZLI BASKET,"2026-10-03, YDB vs TOF",24,11,1,1,3,5,0,0,0,1,1,2,2,1,4,1
2923434,2026-27,TBSL,ERTEN GAZI,YUKATEL DENIZLI BASKET,"2026-10-03, YDB vs TOF",24,11,1,1,3,5,0,0,0,1,1,2,2,1,4,1
2923434,2026-27,TBSL,ERTEN GAZI,YUKATEL DENIZLI BASKET,"2026-10-03, YDB vs TOF",24,11,1,1,3,5,0,0,0,1,1,2,2,1,4,1
2923434,2026-27,TBSL,JOHN MEEKS,YUKATEL DENIZLI BASKET,"2026-10-03, YDB vs TOF",38,22,3,7,3,8,9,7,3,0,3,6,1,0,3,2
2923434,2026-27,TBSL,JOHN MEEKS,YUKATEL DENIZLI BASKET,"2026-10-03, YDB vs TOF",38,22,3,7,3,8,9,7,3,0,3,6,1,0,3,2
2923434,2026-27,TBSL,JOHN MEEKS,YUKATEL DENIZLI BASKET,"2026-10-03, YDB vs TOF",38,22,3,7,3,8,9,7,3,0,3,6,1,0,3,2
2923434,2026-27,TBSL,JOHN MEEKS,YUKATEL DENIZLI BASKET,"2026-10-03, YDB vs TOF",38,22,3,7,3,8,9,7,3,0,3,6,1,0,3,2
2923434,2026-27,TBSL,EGEMEN GUVEN,YUKATEL DENIZLI BASKET,"2026-10-03, YDB vs TOF",17,7,2,3,0,0,3,3,2,2,4,1,0,1,1,0
2923434,2026-27,TBSL,EGEMEN GUVEN,YUKATEL DENIZLI BASKET,"2026-10-03, YDB vs TOF",17,7,2,3,0,0,3,3,2,2,4,1,0,1,1,0
2923434,2026-27,TBSL,EGEMEN GUVEN,YUKATEL DENIZLI BASKET,"2026-10-03, YDB vs TOF",17,7,2,3,0,0,3,3,2,2,4,1,0,1,1,0
2923434,2026-27,TBSL,EGEMEN GUVEN,YUKATEL DENIZLI BASKET,"2026-10-03, YDB vs TOF",17,7,2,3,0,0,3,3,2,2,4,1,0,1,1,0
2923434,2026-27,TBSL,MUSTAPHA AMZIL,YUKATEL DENIZLI BASKET,"2026-10-03, YDB vs TOF",3,3,0,0,1,1,0,0,0,0,0,0,0,0,1,3
2923434,2026-27,TBSL,MUSTAPHA AMZIL,YUKATEL DENIZLI BASKET,"2026-10-03, YDB vs TOF",3,3,0,0,1,1,0,0,0,0,0,0,0,0,1,3
2923434,2026-27,TBSL,MUSTAPHA AMZIL,YUKATEL DENIZLI BASKET,"2026-10-03, YDB vs TOF",3,3,0,0,1,1,0,0,0,0,0,0,0,0,1,3
2923434,2026-27,TBSL,MUSTAPHA AMZIL,YUKATEL DENIZLI BASKET,"2026-10-03, YDB vs TOF",3,3,0,0,1,1,0,0,0,0,0,0,0,0,1,3
2923434,2026-27,TBSL,MAHIR AGVA,YUKATEL DENIZLI BASKET,"2026-10-03, YDB vs TOF",22,2,1,2,0,1,0,0,3,3,6,5,1,2,1,5
2923434,2026-27,TBSL,MAHIR AGVA,YUKATEL DENIZLI BASKET,"2026-10-03, YDB vs TOF",22,2,1,2,0,1,0,0,3,3,6,5,1,2,1,5
2923434,2026-27,TBSL,MAHIR AGVA,YUKATEL DENIZLI BASKET,"2026-10-03, YDB vs TOF",22,2,1,2,0,1,0,0,3,3,6,5,1,2,1,5
2923434,2026-27,TBSL,MAHIR AGVA,YUKATEL DENIZLI BASKET,"2026-10-03, YDB vs TOF",22,2,1,2,0,1,0,0,3,3,6,5,1,2,1,5
2923434,2026-27,TBSL,YIGITCAN SAYBIR,TOFAS,"2026-10-03, YDB vs TOF",28,20,7,12,0,3,6,6,1,4,5,1,0,1,1,0
2923434,2026-27,TBSL,YIGITCAN SAYBIR,TOFAS,"2026-10-03, YDB vs TOF",28,20,7,12,0,3,6,6,1,4,5,1,0,1,1,0
2923434,2026-27,TBSL,YIGITCAN SAYBIR,TOFAS,"2026-10-03, YDB vs TOF",28,20,7,12,0,3,6,6,1,4,5,1,0,1,1,0
2923434,2026-27,TBSL,YIGITCAN SAYBIR,TOFAS,"2026-10-03, YDB vs TOF",28,20,7,12,0,3,6,6,1,4,5,1,0,1,1,0
2923434,2026-27,TBSL,TERRELL CARTER II,TOFAS,"2026-10-03, YDB vs TOF",13,6,3,4,0,0,0,0,0,1,1,0,1,0,0,3
2923434,2026-27,TBSL,TERRELL CARTER II,TOFAS,"2026-10-03, YDB vs TOF",13,6,3,4,0,0,0,0,0,1,1,0,1,0,0,3
2923434,2026-27,TBSL,TERRELL CARTER II,TOFAS,"2026-10-03, YDB vs TOF",13,6,3,4,0,0,0,0,0,1,1,0,1,0,0,3
2923434,2026-27,TBSL,TERRELL CARTER II,TOFAS,"2026-10-03, YDB vs TOF",13,6,3,4,0,0,0,0,0,1,1,0,1,0,0,3
2923434,2026-27,TBSL,SADIK KABACA,TOFAS,"2026-10-03, YDB vs TOF",13,9,3,3,1,1,0,0,1,2,3,0,1,0,1,1
2923434,2026-27,TBSL,SADIK KABACA,TOFAS,"2026-10-03, YDB vs TOF",13,9,3,3,1,1,0,0,1,2,3,0,1,0,1,1
2923434,2026-27,TBSL,SADIK KABACA,TOFAS,"2026-10-03, YDB vs TOF",13,9,3,3,1,1,0,0,1,2,3,0,1,0,1,1
2923434,2026-27,TBSL,SADIK KABACA,TOFAS,"2026-10-03, YDB vs TOF",13,9,3,3,1,1,0,0,1,2,3,0,1,0,1,1
2923434,2026-27,TBSL,JAMUNI MCNEACE,TOFAS,"2026-10-03, YDB vs TOF",20,6,3,3,0,0,0,0,1,2,3,1,1,0,1,2
2923434,2026-27,TBSL,JAMUNI MCNEACE,TOFAS,"2026-10-03, YDB vs TOF",20,6,3,3,0,0,0,0,1,2,3,1,1,0,1,2
2923434,2026-27,TBSL,JAMUNI MCNEACE,TOFAS,"2026-10-03, YDB vs TOF",20,6,3,3,0,0,0,0,1,2,3,1,1,0,1,2
2923434,2026-27,TBSL,JAMUNI MCNEACE,TOFAS,"2026-10-03, YDB vs TOF",20,6,3,3,0,0,0,0,1,2,3,1,1,0,1,2
2923434,2026-27,TBSL,ZACH NUTALL,TOFAS,"2026-10-03, YDB vs TOF",24,13,3,9,1,4,4,4,2,1,3,3,1,0,3,1
2923434,2026-27,TBSL,ZACH NUTALL,TOFAS,"2026-10-03, YDB vs TOF",24,13,3,9,1,4,4,4,2,1,3,3,1,0,3,1
2923434,2026-27,TBSL,ZACH NUTALL,TOFAS,"2026-10-03, YDB vs TOF",24,13,3,9,1,4,4,4,2,1,3,3,1,0,3,1
2923434,2026-27,TBSL,ZACH NUTALL,TOFAS,"2026-10-03, YDB vs TOF",24,13,3,9,1,4,4,4,2,1,3,3,1,0,3,1
2923434,2026-27,TBSL,TRE'SHAWN THURMAN,TOFAS,"2026-10-03, YDB vs TOF",18,7,1,1,0,1,6,5,4,2,6,1,0,0,0,4
2923434,2026-27,TBSL,EFE POSTEL,TOFAS,"2026-10-03, YDB vs TOF",13,2,1,1,0,2,0,0,1,0,1,2,1,0,0,2
2923434,2026-27,TBSL,EFE POSTEL,TOFAS,"2026-10-03, YDB vs TOF",13,2,1,1,0,2,0,0,1,0,1,2,1,0,0,2
2923434,2026-27,TBSL,EFE POSTEL,TOFAS,"2026-10-03, YDB vs TOF",13,2,1,1,0,2,0,0,1,0,1,2,1,0,0,2
2923434,2026-27,TBSL,EFE POSTEL,TOFAS,"2026-10-03, YDB vs TOF",13,2,1,1,0,2,0,0,1,0,1,2,1,0,0,2
2923434,2026-27,TBSL,BRYCE JONES,TOFAS,"2026-10-03, YDB vs TOF",18,4,1,5,0,4,2,2,1,0,1,3,0,0,3,1
2923434,2026-27,TBSL,BRYCE JONES,TOFAS,"2026-10-03, YDB vs TOF",18,4,1,5,0,4,2,2,1,0,1,3,0,0,3,1
2923434,2026-27,TBSL,BRYCE JONES,TOFAS,"2026-10-03, YDB vs TOF",18,4,1,5,0,4,2,2,1,0,1,3,0,0,3,1
2923434,2026-27,TBSL,BRYCE JONES,TOFAS,"2026-10-03, YDB vs TOF",18,4,1,5,0,4,2,2,1,0,1,3,0,0,3,1
2923434,2026-27,TBSL,SHAVAR REYNOLDS JR.,TOFAS,"2026-10-03, YDB vs TOF",28,9,3,4,0,4,3,3,1,0,1,6,1,0,1,4
2923434,2026-27,TBSL,SHAVAR REYNOLDS JR.,TOFAS,"2026-10-03, YDB vs TOF",28,9,3,4,0,4,3,3,1,0,1,6,1,0,1,4
2923434,2026-27,TBSL,SHAVAR REYNOLDS JR.,TOFAS,"2026-10-03, YDB vs TOF",28,9,3,4,0,4,3,3,1,0,1,6,1,0,1,4
2923434,2026-27,TBSL,SHAVAR REYNOLDS JR.,TOFAS,"2026-10-03, YDB vs TOF",28,9,3,4,0,4,3,3,1,0,1,6,1,0,1,4
2923434,2026-27,TBSL,GABE BROWN,TOFAS,"2026-10-03, YDB vs TOF",24,11,1,2,3,3,0,0,4,0,4,1,0,0,0,4
2923434,2026-27,TBSL,GABE BROWN,TOFAS,"2026-10-03, YDB vs TOF",24,11,1,2,3,3,0,0,4,0,4,1,0,0,0,4
2923434,2026-27,TBSL,GABE BROWN,TOFAS,"2026-10-03, YDB vs TOF",24,11,1,2,3,3,0,0,4,0,4,1,0,0,0,4
2923434,2026-27,TBSL,GABE BROWN,TOFAS,"2026-10-03, YDB vs TOF",24,11,1,2,3,3,0,0,4,0,4,1,0,0,0,4
2923434,2026-27,TBSL,LEON APAYDIN,TOFAS,"2026-10-03, YDB vs TOF",3,0,0,0,0,0,2,0,0,0,0,0,0,0,0,0
2923434,2026-27,TBSL,LEON APAYDIN,TOFAS,"2026-10-03, YDB vs TOF",3,0,0,0,0,0,2,0,0,0,0,0,0,0,0,0
2923434,2026-27,TBSL,LEON APAYDIN,TOFAS,"2026-10-03, YDB vs TOF",3,0,0,0,0,0,2,0,0,0,0,0,0,0,0,0
2923434,2026-27,TBSL,LEON APAYDIN,TOFAS,"2026-10-03, YDB vs TOF",3,0,0,0,0,0,2,0,0,0,0,0,0,0,0,0
2923435,2026-27,TBSL,MICHEAL MOORE,BURSASPOR BASKETBOL,"2026-10-03, BUR vs TTK",24,2,1,2,0,1,0,0,4,0,4,0,2,1,2,1
2923435,2026-27,TBSL,MICHEAL MOORE,BURSASPOR BASKETBOL,"2026-10-03, BUR vs TTK",24,2,1,2,0,1,0,0,4,0,4,0,2,1,2,1
2923435,2026-27,TBSL,MICHEAL MOORE,BURSASPOR BASKETBOL,"2026-10-03, BUR vs TTK",24,2,1,2,0,1,0,0,4,0,4,0,2,1,2,1
2923435,2026-27,TBSL,MICHEAL MOORE,BURSASPOR BASKETBOL,"2026-10-03, BUR vs TTK",24,2,1,2,0,1,0,0,4,0,4,0,2,1,2,1
2923435,2026-27,TBSL,LEYTON HAMMONDS,BURSASPOR BASKETBOL,"2026-10-03, BUR vs TTK",28,5,1,3,0,2,4,3,5,3,8,3,0,0,4,4
2923435,2026-27,TBSL,LEYTON HAMMONDS,BURSASPOR BASKETBOL,"2026-10-03, BUR vs TTK",28,5,1,3,0,2,4,3,5,3,8,3,0,0,4,4
2923435,2026-27,TBSL,LEYTON HAMMONDS,BURSASPOR BASKETBOL,"2026-10-03, BUR vs TTK",28,5,1,3,0,2,4,3,5,3,8,3,0,0,4,4
2923435,2026-27,TBSL,LEYTON HAMMONDS,BURSASPOR BASKETBOL,"2026-10-03, BUR vs TTK",28,5,1,3,0,2,4,3,5,3,8,3,0,0,4,4
2923435,2026-27,TBSL,JAVON FREEMAN-LIBERTY,BURSASPOR BASKETBOL,"2026-10-03, BUR vs TTK",35,22,5,12,3,6,5,3,4,0,4,4,2,0,5,2
2923435,2026-27,TBSL,JAVON FREEMAN-LIBERTY,BURSASPOR BASKETBOL,"2026-10-03, BUR vs TTK",35,22,5,12,3,6,5,3,4,0,4,4,2,0,5,2
2923435,2026-27,TBSL,JAVON FREEMAN-LIBERTY,BURSASPOR BASKETBOL,"2026-10-03, BUR vs TTK",35,22,5,12,3,6,5,3,4,0,4,4,2,0,5,2
2923435,2026-27,TBSL,JAVON FREEMAN-LIBERTY,BURSASPOR BASKETBOL,"2026-10-03, BUR vs TTK",35,22,5,12,3,6,5,3,4,0,4,4,2,0,5,2
2923435,2026-27,TBSL,NATE WATSON,BURSASPOR BASKETBOL,"2026-10-03, BUR vs TTK",26,6,3,7,0,0,2,0,4,3,7,1,0,1,2,0
2923435,2026-27,TBSL,NATE WATSON,BURSASPOR BASKETBOL,"2026-10-03, BUR vs TTK",26,6,3,7,0,0,2,0,4,3,7,1,0,1,2,0
2923435,2026-27,TBSL,NATE WATSON,BURSASPOR BASKETBOL,"2026-10-03, BUR vs TTK",26,6,3,7,0,0,2,0,4,3,7,1,0,1,2,0
2923435,2026-27,TBSL,NATE WATSON,BURSASPOR BASKETBOL,"2026-10-03, BUR vs TTK",26,6,3,7,0,0,2,0,4,3,7,1,0,1,2,0
2923435,2026-27,TBSL,ERGI TIRPANCI,BURSASPOR BASKETBOL,"2026-10-03, BUR vs TTK",22,7,2,3,1,2,0,0,1,1,2,3,0,0,3,0
2923435,2026-27,TBSL,ERGI TIRPANCI,BURSASPOR BASKETBOL,"2026-10-03, BUR vs TTK",22,7,2,3,1,2,0,0,1,1,2,3,0,0,3,0
2923435,2026-27,TBSL,ERGI TIRPANCI,BURSASPOR BASKETBOL,"2026-10-03, BUR vs TTK",22,7,2,3,1,2,0,0,1,1,2,3,0,0,3,0
2923435,2026-27,TBSL,ERGI TIRPANCI,BURSASPOR BASKETBOL,"2026-10-03, BUR vs TTK",22,7,2,3,1,2,0,0,1,1,2,3,0,0,3,0
2923435,2026-27,TBSL,BRANDON TAYLOR,BURSASPOR BASKETBOL,"2026-10-03, BUR vs TTK",35,19,5,9,3,6,1,0,5,0,5,6,1,0,3,4
2923435,2026-27,TBSL,BRANDON TAYLOR,BURSASPOR BASKETBOL,"2026-10-03, BUR vs TTK",35,19,5,9,3,6,1,0,5,0,5,6,1,0,3,4
2923435,2026-27,TBSL,BRANDON TAYLOR,BURSASPOR BASKETBOL,"2026-10-03, BUR vs TTK",35,19,5,9,3,6,1,0,5,0,5,6,1,0,3,4
2923435,2026-27,TBSL,BRANDON TAYLOR,BURSASPOR BASKETBOL,"2026-10-03, BUR vs TTK",35,19,5,9,3,6,1,0,5,0,5,6,1,0,3,4
2923435,2026-27,TBSL,BUGRA CAL,BURSASPOR BASKETBOL,"2026-10-03, BUR vs TTK",8,0,0,0,0,0,0,0,1,1,2,0,0,0,1,0
2923435,2026-27,TBSL,BUGRA CAL,BURSASPOR BASKETBOL,"2026-10-03, BUR vs TTK",8,0,0,0,0,0,0,0,1,1,2,0,0,0,1,0
2923435,2026-27,TBSL,BUGRA CAL,BURSASPOR BASKETBOL,"2026-10-03, BUR vs TTK",8,0,0,0,0,0,0,0,1,1,2,0,0,0,1,0
2923435,2026-27,TBSL,BUGRA CAL,BURSASPOR BASKETBOL,"2026-10-03, BUR vs TTK",8,0,0,0,0,0,0,0,1,1,2,0,0,0,1,0
2923435,2026-27,TBSL,OMER CAN ILYASOGLU,BURSASPOR BASKETBOL,"2026-10-03, BUR vs TTK",15,6,3,5,0,1,0,0,1,1,2,2,0,0,1,3
2923435,2026-27,TBSL,OMER CAN ILYASOGLU,BURSASPOR BASKETBOL,"2026-10-03, BUR vs TTK",15,6,3,5,0,1,0,0,1,1,2,2,0,0,1,3
2923435,2026-27,TBSL,OMER CAN ILYASOGLU,BURSASPOR BASKETBOL,"2026-10-03, BUR vs TTK",15,6,3,5,0,1,0,0,1,1,2,2,0,0,1,3
2923435,2026-27,TBSL,OMER CAN ILYASOGLU,BURSASPOR BASKETBOL,"2026-10-03, BUR vs TTK",15,6,3,5,0,1,0,0,1,1,2,2,0,0,1,3
2923435,2026-27,TBSL,WARREN WASHINGTON,BURSASPOR BASKETBOL,"2026-10-03, BUR vs TTK",8,2,1,2,0,0,0,0,3,0,3,0,0,0,0,0
2923435,2026-27,TBSL,WARREN WASHINGTON,BURSASPOR BASKETBOL,"2026-10-03, BUR vs TTK",8,2,1,2,0,0,0,0,3,0,3,0,0,0,0,0
2923435,2026-27,TBSL,WARREN WASHINGTON,BURSASPOR BASKETBOL,"2026-10-03, BUR vs TTK",8,2,1,2,0,0,0,0,3,0,3,0,0,0,0,0
2923435,2026-27,TBSL,WARREN WASHINGTON,BURSASPOR BASKETBOL,"2026-10-03, BUR vs TTK",8,2,1,2,0,0,0,0,3,0,3,0,0,0,0,0
2923435,2026-27,TBSL,TIM SCHNEIDER,TURK TELEKOM,"2026-10-03, BUR vs TTK",19,4,2,2,0,2,0,0,1,1,2,0,0,1,0,1
2923435,2026-27,TBSL,TIM SCHNEIDER,TURK TELEKOM,"2026-10-03, BUR vs TTK",19,4,2,2,0,2,0,0,1,1,2,0,0,1,0,1
2923435,2026-27,TBSL,TIM SCHNEIDER,TURK TELEKOM,"2026-10-03, BUR vs TTK",19,4,2,2,0,2,0,0,1,1,2,0,0,1,0,1
2923435,2026-27,TBSL,TIM SCHNEIDER,TURK TELEKOM,"2026-10-03, BUR vs TTK",19,4,2,2,0,2,0,0,1,1,2,0,0,1,0,1
2923435,2026-27,TBSL,ATA KAHRAMAN,TURK TELEKOM,"2026-10-03, BUR vs TTK",19,10,3,3,1,5,1,1,2,0,2,3,2,0,0,2
2923435,2026-27,TBSL,ATA KAHRAMAN,TURK TELEKOM,"2026-10-03, BUR vs TTK",19,10,3,3,1,5,1,1,2,0,2,3,2,0,0,2
2923435,2026-27,TBSL,ATA KAHRAMAN,TURK TELEKOM,"2026-10-03, BUR vs TTK",19,10,3,3,1,5,1,1,2,0,2,3,2,0,0,2
2923435,2026-27,TBSL,ATA KAHRAMAN,TURK TELEKOM,"2026-10-03, BUR vs TTK",19,10,3,3,1,5,1,1,2,0,2,3,2,0,0,2
2923435,2026-27,TBSL,JERRICK HARDING,TURK TELEKOM,"2026-10-03, BUR vs TTK",20,24,6,9,3,7,4,3,1,0,1,1,0,0,1,0
2923435,2026-27,TBSL,JERRICK HARDING,TURK TELEKOM,"2026-10-03, BUR vs TTK",20,24,6,9,3,7,4,3,1,0,1,1,0,0,1,0
2923435,2026-27,TBSL,JERRICK HARDING,TURK TELEKOM,"2026-10-03, BUR vs TTK",20,24,6,9,3,7,4,3,1,0,1,1,0,0,1,0
2923435,2026-27,TBSL,JERRICK HARDING,TURK TELEKOM,"2026-10-03, BUR vs TTK",20,24,6,9,3,7,4,3,1,0,1,1,0,0,1,0
2923435,2026-27,TBSL,UROS TRIFUNOVIC,TURK TELEKOM,"2026-10-03, BUR vs TTK",24,7,2,2,1,6,0,0,0,0,0,1,0,0,0,2
2923435,2026-27,TBSL,UROS TRIFUNOVIC,TURK TELEKOM,"2026-10-03, BUR vs TTK",24,7,2,2,1,6,0,0,0,0,0,1,0,0,0,2
2923435,2026-27,TBSL,UROS TRIFUNOVIC,TURK TELEKOM,"2026-10-03, BUR vs TTK",24,7,2,2,1,6,0,0,0,0,0,1,0,0,0,2
2923435,2026-27,TBSL,UROS TRIFUNOVIC,TURK TELEKOM,"2026-10-03, BUR vs TTK",24,7,2,2,1,6,0,0,0,0,0,1,0,0,0,2
2923435,2026-27,TBSL,DOGUS OZDEMIROGLU,TURK TELEKOM,"2026-10-03, BUR vs TTK",25,8,3,4,0,3,4,2,4,0,4,6,2,0,3,2
2923435,2026-27,TBSL,DOGUS OZDEMIROGLU,TURK TELEKOM,"2026-10-03, BUR vs TTK",25,8,3,4,0,3,4,2,4,0,4,6,2,0,3,2
2923435,2026-27,TBSL,DOGUS OZDEMIROGLU,TURK TELEKOM,"2026-10-03, BUR vs TTK",25,8,3,4,0,3,4,2,4,0,4,6,2,0,3,2
2923435,2026-27,TBSL,DOGUS OZDEMIROGLU,TURK TELEKOM,"2026-10-03, BUR vs TTK",25,8,3,4,0,3,4,2,4,0,4,6,2,0,3,2
2923435,2026-27,TBSL,TONY TAYLOR,TURK TELEKOM,"2026-10-03, BUR vs TTK",17,7,1,2,1,2,2,2,3,0,3,3,0,0,2,3
2923435,2026-27,TBSL,ANTHONY LAMB,TURK TELEKOM,"2026-10-03, BUR vs TTK",25,3,0,7,1,2,0,0,4,0,4,5,2,0,0,1
2923435,2026-27,TBSL,ANTHONY LAMB,TURK TELEKOM,"2026-10-03, BUR vs TTK",25,3,0,7,1,2,0,0,4,0,4,5,2,0,0,1
2923435,2026-27,TBSL,ANTHONY LAMB,TURK TELEKOM,"2026-10-03, BUR vs TTK",25,3,0,7,1,2,0,0,4,0,4,5,2,0,0,1
2923435,2026-27,TBSL,ANTHONY LAMB,TURK TELEKOM,"2026-10-03, BUR vs TTK",25,3,0,7,1,2,0,0,4,0,4,5,2,0,0,1
2923435,2026-27,TBSL,ISMAEL BAKO,TURK TELEKOM,"2026-10-03, BUR vs TTK",23,8,3,3,0,0,2,2,3,2,5,2,3,2,0,2
2923435,2026-27,TBSL,ISMAEL BAKO,TURK TELEKOM,"2026-10-03, BUR vs TTK",23,8,3,3,0,0,2,2,3,2,5,2,3,2,0,2
2923435,2026-27,TBSL,ISMAEL BAKO,TURK TELEKOM,"2026-10-03, BUR vs TTK",23,8,3,3,0,0,2,2,3,2,5,2,3,2,0,2
2923435,2026-27,TBSL,ISMAEL BAKO,TURK TELEKOM,"2026-10-03, BUR vs TTK",23,8,3,3,0,0,2,2,3,2,5,2,3,2,0,2
2923435,2026-27,TBSL,KRIS BANKSTON,TURK TELEKOM,"2026-10-03, BUR vs TTK",21,7,3,4,0,0,2,1,2,0,2,0,3,0,1,1
2923435,2026-27,TBSL,KRIS BANKSTON,TURK TELEKOM,"2026-10-03, BUR vs TTK",21,7,3,4,0,0,2,1,2,0,2,0,3,0,1,1
2923435,2026-27,TBSL,KRIS BANKSTON,TURK TELEKOM,"2026-10-03, BUR vs TTK",21,7,3,4,0,0,2,1,2,0,2,0,3,0,1,1
2923435,2026-27,TBSL,KRIS BANKSTON,TURK TELEKOM,"2026-10-03, BUR vs TTK",21,7,3,4,0,0,2,1,2,0,2,0,3,0,1,1
2923435,2026-27,TBSL,GOKTUG BAS,TURK TELEKOM,"2026-10-03, BUR vs TTK",7,0,0,0,0,1,0,0,1,0,1,1,0,0,0,2
2923435,2026-27,TBSL,GOKTUG BAS,TURK TELEKOM,"2026-10-03, BUR vs TTK",7,0,0,0,0,1,0,0,1,0,1,1,0,0,0,2
2923435,2026-27,TBSL,GOKTUG BAS,TURK TELEKOM,"2026-10-03, BUR vs TTK",7,0,0,0,0,1,0,0,1,0,1,1,0,0,0,2
2923435,2026-27,TBSL,GOKTUG BAS,TURK TELEKOM,"2026-10-03, BUR vs TTK",7,0,0,0,0,1,0,0,1,0,1,1,0,0,0,2
2923436,2026-27,TBSL,KEYE VAN DER VUURST,ESENLER EROKSPOR,"2026-10-03, ERK vs PTK",15,2,1,1,0,5,0,0,3,0,3,2,1,0,1,2
2923436,2026-27,TBSL,KEYE VAN DER VUURST,ESENLER EROKSPOR,"2026-10-03, ERK vs PTK",15,2,1,1,0,5,0,0,3,0,3,2,1,0,1,2
2923436,2026-27,TBSL,KEYE VAN DER VUURST,ESENLER EROKSPOR,"2026-10-03, ERK vs PTK",15,2,1,1,0,5,0,0,3,0,3,2,1,0,1,2
2923436,2026-27,TBSL,KEYE VAN DER VUURST,ESENLER EROKSPOR,"2026-10-03, ERK vs PTK",15,2,1,1,0,5,0,0,3,0,3,2,1,0,1,2
2923436,2026-27,TBSL,ERRICK MCCOLLUM,ESENLER EROKSPOR,"2026-10-03, ERK vs PTK",27,26,3,7,4,6,9,8,1,1,2,3,2,0,3,1
2923436,2026-27,TBSL,ERRICK MCCOLLUM,ESENLER EROKSPOR,"2026-10-03, ERK vs PTK",27,26,3,7,4,6,9,8,1,1,2,3,2,0,3,1
2923436,2026-27,TBSL,ERRICK MCCOLLUM,ESENLER EROKSPOR,"2026-10-03, ERK vs PTK",27,26,3,7,4,6,9,8,1,1,2,3,2,0,3,1
2923436,2026-27,TBSL,ERRICK MCCOLLUM,ESENLER EROKSPOR,"2026-10-03, ERK vs PTK",27,26,3,7,4,6,9,8,1,1,2,3,2,0,3,1
2923436,2026-27,TBSL,MIKE DAVIS JR.,ESENLER EROKSPOR,"2026-10-03, ERK vs PTK",36,19,1,4,4,7,5,5,6,1,7,6,1,1,1,3
2923436,2026-27,TBSL,MIKE DAVIS JR.,ESENLER EROKSPOR,"2026-10-03, ERK vs PTK",36,19,1,4,4,7,5,5,6,1,7,6,1,1,1,3
2923436,2026-27,TBSL,MIKE DAVIS JR.,ESENLER EROKSPOR,"2026-10-03, ERK vs PTK",36,19,1,4,4,7,5,5,6,1,7,6,1,1,1,3
2923436,2026-27,TBSL,MIKE DAVIS JR.,ESENLER EROKSPOR,"2026-10-03, ERK vs PTK",36,19,1,4,4,7,5,5,6,1,7,6,1,1,1,3
2923436,2026-27,TBSL,JORDAN USHER,ESENLER EROKSPOR,"2026-10-03, ERK vs PTK",12,8,1,1,1,3,5,3,1,2,3,0,0,0,0,1
2923436,2026-27,TBSL,JORDAN USHER,ESENLER EROKSPOR,"2026-10-03, ERK vs PTK",12,8,1,1,1,3,5,3,1,2,3,0,0,0,0,1
2923436,2026-27,TBSL,JORDAN USHER,ESENLER EROKSPOR,"2026-10-03, ERK vs PTK",12,8,1,1,1,3,5,3,1,2,3,0,0,0,0,1
2923436,2026-27,TBSL,JORDAN USHER,ESENLER EROKSPOR,"2026-10-03, ERK vs PTK",12,8,1,1,1,3,5,3,1,2,3,0,0,0,0,1
2923436,2026-27,TBSL,JAMES WEBB III,ESENLER EROKSPOR,"2026-10-03, ERK vs PTK",17,3,0,0,0,1,4,3,4,0,4,2,2,0,2,4
2923436,2026-27,TBSL,JAMES WEBB III,ESENLER EROKSPOR,"2026-10-03, ERK vs PTK",17,3,0,0,0,1,4,3,4,0,4,2,2,0,2,4
2923436,2026-27,TBSL,JAMES WEBB III,ESENLER EROKSPOR,"2026-10-03, ERK vs PTK",17,3,0,0,0,1,4,3,4,0,4,2,2,0,2,4
2923436,2026-27,TBSL,JAMES WEBB III,ESENLER EROKSPOR,"2026-10-03, ERK vs PTK",17,3,0,0,0,1,4,3,4,0,4,2,2,0,2,4
2923436,2026-27,TBSL,KEVIN YEBO,ESENLER EROKSPOR,"2026-10-03, ERK vs PTK",30,16,5,8,1,2,4,3,1,3,4,2,0,0,5,4
2923436,2026-27,TBSL,KEVIN YEBO,ESENLER EROKSPOR,"2026-10-03, ERK vs PTK",30,16,5,8,1,2,4,3,1,3,4,2,0,0,5,4
2923436,2026-27,TBSL,KEVIN YEBO,ESENLER EROKSPOR,"2026-10-03, ERK vs PTK",30,16,5,8,1,2,4,3,1,3,4,2,0,0,5,4
2923436,2026-27,TBSL,KEVIN YEBO,ESENLER EROKSPOR,"2026-10-03, ERK vs PTK",30,16,5,8,1,2,4,3,1,3,4,2,0,0,5,4
2923436,2026-27,TBSL,AMADOU SOW,ESENLER EROKSPOR,"2026-10-03, ERK vs PTK",19,8,1,4,2,3,0,0,3,2,5,2,1,0,4,4
2923436,2026-27,TBSL,AMADOU SOW,ESENLER EROKSPOR,"2026-10-03, ERK vs PTK",19,8,1,4,2,3,0,0,3,2,5,2,1,0,4,4
2923436,2026-27,TBSL,AMADOU SOW,ESENLER EROKSPOR,"2026-10-03, ERK vs PTK",19,8,1,4,2,3,0,0,3,2,5,2,1,0,4,4
2923436,2026-27,TBSL,AMADOU SOW,ESENLER EROKSPOR,"2026-10-03, ERK vs PTK",19,8,1,4,2,3,0,0,3,2,5,2,1,0,4,4
2923436,2026-27,TBSL,MELIH TUNCA,ESENLER EROKSPOR,"2026-10-03, ERK vs PTK",9,0,0,1,0,0,0,0,1,1,2,0,0,0,1,1
2923436,2026-27,TBSL,MELIH TUNCA,ESENLER EROKSPOR,"2026-10-03, ERK vs PTK",9,0,0,1,0,0,0,0,1,1,2,0,0,0,1,1
2923436,2026-27,TBSL,MELIH TUNCA,ESENLER EROKSPOR,"2026-10-03, ERK vs PTK",9,0,0,1,0,0,0,0,1,1,2,0,0,0,1,1
2923436,2026-27,TBSL,MELIH TUNCA,ESENLER EROKSPOR,"2026-10-03, ERK vs PTK",9,0,0,1,0,0,0,0,1,1,2,0,0,0,1,1
2923436,2026-27,TBSL,EGEHAN ARNA,ESENLER EROKSPOR,"2026-10-03, ERK vs PTK",32,14,2,3,3,3,2,1,5,2,7,6,1,2,1,1
2923436,2026-27,TBSL,EGEHAN ARNA,ESENLER EROKSPOR,"2026-10-03, ERK vs PTK",32,14,2,3,3,3,2,1,5,2,7,6,1,2,1,1
2923436,2026-27,TBSL,EGEHAN ARNA,ESENLER EROKSPOR,"2026-10-03, ERK vs PTK",32,14,2,3,3,3,2,1,5,2,7,6,1,2,1,1
2923436,2026-27,TBSL,EGEHAN ARNA,ESENLER EROKSPOR,"2026-10-03, ERK vs PTK",32,14,2,3,3,3,2,1,5,2,7,6,1,2,1,1
2923436,2026-27,TBSL,METEHAN AKYEL,ESENLER EROKSPOR,"2026-10-03, ERK vs PTK",2,0,0,1,0,0,4,0,0,1,1,0,0,0,0,1
2923436,2026-27,TBSL,METEHAN AKYEL,ESENLER EROKSPOR,"2026-10-03, ERK vs PTK",2,0,0,1,0,0,4,0,0,1,1,0,0,0,0,1
2923436,2026-27,TBSL,METEHAN AKYEL,ESENLER EROKSPOR,"2026-10-03, ERK vs PTK",2,0,0,1,0,0,4,0,0,1,1,0,0,0,0,1
2923436,2026-27,TBSL,METEHAN AKYEL,ESENLER EROKSPOR,"2026-10-03, ERK vs PTK",2,0,0,1,0,0,4,0,0,1,1,0,0,0,0,1
2923436,2026-27,TBSL,KHYRI THOMAS,ALIAGA PETKIM SPOR,"2026-10-03, ERK vs PTK",13,7,2,3,1,2,0,0,2,0,2,1,0,0,2,5
2923436,2026-27,TBSL,KHYRI THOMAS,ALIAGA PETKIM SPOR,"2026-10-03, ERK vs PTK",13,7,2,3,1,2,0,0,2,0,2,1,0,0,2,5
2923436,2026-27,TBSL,KHYRI THOMAS,ALIAGA PETKIM SPOR,"2026-10-03, ERK vs PTK",13,7,2,3,1,2,0,0,2,0,2,1,0,0,2,5
2923436,2026-27,TBSL,KHYRI THOMAS,ALIAGA PETKIM SPOR,"2026-10-03, ERK vs PTK",13,7,2,3,1,2,0,0,2,0,2,1,0,0,2,5
2923436,2026-27,TBSL,KEANDRE COOK,ALIAGA PETKIM SPOR,"2026-10-03, ERK vs PTK",24,12,0,4,3,8,3,3,5,0,5,3,1,0,0,3
2923436,2026-27,TBSL,KEANDRE COOK,ALIAGA PETKIM SPOR,"2026-10-03, ERK vs PTK",24,12,0,4,3,8,3,3,5,0,5,3,1,0,0,3
2923436,2026-27,TBSL,KEANDRE COOK,ALIAGA PETKIM SPOR,"2026-10-03, ERK vs PTK",24,12,0,4,3,8,3,3,5,0,5,3,1,0,0,3
2923436,2026-27,TBSL,KEANDRE COOK,ALIAGA PETKIM SPOR,"2026-10-03, ERK vs PTK",24,12,0,4,3,8,3,3,5,0,5,3,1,0,0,3
2923436,2026-27,TBSL,CHRIS HORTON,ALIAGA PETKIM SPOR,"2026-10-03, ERK vs PTK",22,9,3,4,0,0,3,3,2,1,3,3,2,1,2,2
2923436,2026-27,TBSL,CHRIS HORTON,ALIAGA PETKIM SPOR,"2026-10-03, ERK vs PTK",22,9,3,4,0,0,3,3,2,1,3,3,2,1,2,2
2923436,2026-27,TBSL,CHRIS HORTON,ALIAGA PETKIM SPOR,"2026-10-03, ERK vs PTK",22,9,3,4,0,0,3,3,2,1,3,3,2,1,2,2
2923436,2026-27,TBSL,CHRIS HORTON,ALIAGA PETKIM SPOR,"2026-10-03, ERK vs PTK",22,9,3,4,0,0,3,3,2,1,3,3,2,1,2,2
2923436,2026-27,TBSL,MAX ABMAS,ALIAGA PETKIM SPOR,"2026-10-03, ERK vs PTK",33,15,4,8,1,6,5,4,2,1,3,8,1,0,4,3
2923436,2026-27,TBSL,MAX ABMAS,ALIAGA PETKIM SPOR,"2026-10-03, ERK vs PTK",33,15,4,8,1,6,5,4,2,1,3,8,1,0,4,3
2923436,2026-27,TBSL,MAX ABMAS,ALIAGA PETKIM SPOR,"2026-10-03, ERK vs PTK",33,15,4,8,1,6,5,4,2,1,3,8,1,0,4,3
2923436,2026-27,TBSL,MAX ABMAS,ALIAGA PETKIM SPOR,"2026-10-03, ERK vs PTK",33,15,4,8,1,6,5,4,2,1,3,8,1,0,4,3
2923436,2026-27,TBSL,TIBET GORENER,ALIAGA PETKIM SPOR,"2026-10-03, ERK vs PTK",10,2,1,1,0,1,0,0,3,0,3,0,0,0,0,0
2923436,2026-27,TBSL,TIBET GORENER,ALIAGA PETKIM SPOR,"2026-10-03, ERK vs PTK",10,2,1,1,0,1,0,0,3,0,3,0,0,0,0,0
2923436,2026-27,TBSL,TIBET GORENER,ALIAGA PETKIM SPOR,"2026-10-03, ERK vs PTK",10,2,1,1,0,1,0,0,3,0,3,0,0,0,0,0
2923436,2026-27,TBSL,TIBET GORENER,ALIAGA PETKIM SPOR,"2026-10-03, ERK vs PTK",10,2,1,1,0,1,0,0,3,0,3,0,0,0,0,0
2923436,2026-27,TBSL,OZAN YILMAZ,ALIAGA PETKIM SPOR,"2026-10-03, ERK vs PTK",3,0,0,0,0,0,0,0,0,0,0,0,0,0,0,0
2923436,2026-27,TBSL,YIGIT ONAN,ALIAGA PETKIM SPOR,"2026-10-03, ERK vs PTK",19,11,3,4,0,2,5,5,5,2,7,0,1,0,0,1
2923436,2026-27,TBSL,YIGIT ONAN,ALIAGA PETKIM SPOR,"2026-10-03, ERK vs PTK",19,11,3,4,0,2,5,5,5,2,7,0,1,0,0,1
2923436,2026-27,TBSL,YIGIT ONAN,ALIAGA PETKIM SPOR,"2026-10-03, ERK vs PTK",19,11,3,4,0,2,5,5,5,2,7,0,1,0,0,1
2923436,2026-27,TBSL,YIGIT ONAN,ALIAGA PETKIM SPOR,"2026-10-03, ERK vs PTK",19,11,3,4,0,2,5,5,5,2,7,0,1,0,0,1
2923436,2026-27,TBSL,JARROD UTHOFF,ALIAGA PETKIM SPOR,"2026-10-03, ERK vs PTK",23,10,2,3,2,2,0,0,2,0,2,1,1,0,0,5
2923436,2026-27,TBSL,JARROD UTHOFF,ALIAGA PETKIM SPOR,"2026-10-03, ERK vs PTK",23,10,2,3,2,2,0,0,2,0,2,1,1,0,0,5
2923436,2026-27,TBSL,JARROD UTHOFF,ALIAGA PETKIM SPOR,"2026-10-03, ERK vs PTK",23,10,2,3,2,2,0,0,2,0,2,1,1,0,0,5
2923436,2026-27,TBSL,JARROD UTHOFF,ALIAGA PETKIM SPOR,"2026-10-03, ERK vs PTK",23,10,2,3,2,2,0,0,2,0,2,1,1,0,0,5
2923436,2026-27,TBSL,THOMAS AKYAZILI,ALIAGA PETKIM SPOR,"2026-10-03, ERK vs PTK",16,8,1,3,2,3,0,0,1,0,1,1,2,0,2,3
2923436,2026-27,TBSL,THOMAS AKYAZILI,ALIAGA PETKIM SPOR,"2026-10-03, ERK vs PTK",16,8,1,3,2,3,0,0,1,0,1,1,2,0,2,3
2923436,2026-27,TBSL,THOMAS AKYAZILI,ALIAGA PETKIM SPOR,"2026-10-03, ERK vs PTK",16,8,1,3,2,3,0,0,1,0,1,1,2,0,2,3
2923436,2026-27,TBSL,THOMAS AKYAZILI,ALIAGA PETKIM SPOR,"2026-10-03, ERK vs PTK",16,8,1,3,2,3,0,0,1,0,1,1,2,0,2,3
2923436,2026-27,TBSL,ANZEJS PASECNIKS,ALIAGA PETKIM SPOR,"2026-10-03, ERK vs PTK",16,8,4,7,0,0,0,0,0,2,2,2,0,0,2,4
2923436,2026-27,TBSL,ANZEJS PASECNIKS,ALIAGA PETKIM SPOR,"2026-10-03, ERK vs PTK",16,8,4,7,0,0,0,0,0,2,2,2,0,0,2,4
2923436,2026-27,TBSL,ANZEJS PASECNIKS,ALIAGA PETKIM SPOR,"2026-10-03, ERK vs PTK",16,8,4,7,0,0,0,0,0,2,2,2,0,0,2,4
2923436,2026-27,TBSL,ANZEJS PASECNIKS,ALIAGA PETKIM SPOR,"2026-10-03, ERK vs PTK",16,8,4,7,0,0,0,0,0,2,2,2,0,0,2,4
2923436,2026-27,TBSL,OLIVIER HANLAN,ALIAGA PETKIM SPOR,"2026-10-03, ERK vs PTK",21,5,0,3,1,2,2,2,1,0,1,4,0,0,3,3
2923436,2026-27,TBSL,OLIVIER HANLAN,ALIAGA PETKIM SPOR,"2026-10-03, ERK vs PTK",21,5,0,3,1,2,2,2,1,0,1,4,0,0,3,3
2923436,2026-27,TBSL,OLIVIER HANLAN,ALIAGA PETKIM SPOR,"2026-10-03, ERK vs PTK",21,5,0,3,1,2,2,2,1,0,1,4,0,0,3,3
2923436,2026-27,TBSL,OLIVIER HANLAN,ALIAGA PETKIM SPOR,"2026-10-03, ERK vs PTK",21,5,0,3,1,2,2,2,1,0,1,4,0,0,3,3
