TEAM,MATCHUP,PTS,2PM,2PA,3PM,3PA,FTA,FTM,DREB,OREB,REB,AST,STL,BLK,TOV,PF
TOFAS,"2026-09-25, TOF vs PBB",90,24,32,6,32,28,24,23,10,33,13,9,5,17,27
PIZZABULLS BORDO BANDIRMA,"2026-09-25, TOF vs PBB",89,20,33,9,26,33,22,26,14,40,18,10,0,22,24
TURK TELEKOM,"2026-09-26, TTK vs KSK",73,18,39,7,23,22,16,27,13,40,14,3,1,14,18
KARSIYAKA,"2026-09-26, TTK vs KSK",72,19,41,6,20,23,16,30,11,41,21,7,3,13,26
ALIAGA PETKIM SPOR,"2026-09-26, PTK vs YDB",85,26,44,9,25,7,6,24,14,38,20,4,2,9,12
YUKATEL DENIZLI BASKET,"2026-09-26, PTK vs YDB",81,21,40,10,30,9,9,20,13,33,18,6,4,8,15
GALATASARAY MCT TECHNIC,"2026-09-26, GSM vs ÇBK",102,24,40,14,30,18,12,22,15,37,27,3,4,8,15
CAYIROVA BELEDIYESI,"2026-09-26, GSM vs ÇBK",79,23,36,7,23,13,12,20,6,26,17,6,1,11,16
TRABZONSPOR,"2026-09-27, TS  vs BUR",82,20,34,9,30,24,15,26,12,38,17,5,3,13,20
BURSASPOR BASKETBOL,"2026-09-27, TS  vs BUR",76,22,36,6,21,23,14,24,6,30,21,6,4,15,24
BAHCESEHIR KOLEJI,"2026-09-27, BSK vs FBT",98,28,47,10,21,13,12,25,11,36,24,5,0,9,19
FENERBAHCE TARFIN,"2026-09-27, BSK vs FBT",83,24,36,8,33,13,11,19,11,30,21,6,2,9,18
ANADOLU EFES,"2026-09-27, EFS vs BJK",95,27,46,7,23,24,20,27,10,37,15,11,2,11,22
BESIKTAS,"2026-09-27, EFS vs BJK",81,21,42,10,23,15,9,24,10,34,20,6,0,20,27
